"Time","Lat","Lon","Speed","Alt"
"8/28/2026 12:13:02 AM","33.128376","-96.875702","0","184.5"
"8/28/2026 12:13:03 AM","33.12838","-96.875702","0","182.2"
"8/28/2026 12:13:04 AM","33.128384","-96.875702","0","181.7"
"8/28/2026 12:13:05 AM","33.128384","-96.875702","0","181.7"
"8/28/2026 12:13:06 AM","33.128384","-96.875702","0","181.6"
"8/28/2026 12:13:07 AM","33.128391","-96.875702","0","181.3"
"8/28/2026 12:13:08 AM","33.128384","-96.875687","0","181.3"
"8/28/2026 12:13:09 AM","33.128384","-96.875687","0","181.4"
"8/28/2026 12:13:10 AM","33.128384","-96.875702","0","181.5"
"8/28/2026 12:13:11 AM","33.128384","-96.875702","0","181.8"
"8/28/2026 12:13:12 AM","33.128384","-96.875702","0","181.8"
"8/28/2026 12:13:13 AM","33.128384","-96.875702","0","181.8"
"8/28/2026 12:13:14 AM","33.128384","-96.875702","0","181.6"
"8/28/2026 12:13:15 AM","33.128384","-96.875702","0","181.6"
"8/28/2026 12:13:16 AM","33.128384","-96.875702","0","181.4"
"8/28/2026 12:13:17 AM","33.128384","-96.875702","0","181.3"
"8/28/2026 12:13:18 AM","33.128384","-96.875702","0","181.2"
"8/28/2026 12:13:19 AM","33.128384","-96.875702","0","181.2"
"8/28/2026 12:13:20 AM","33.128384","-96.875702","0","181.1"
"8/28/2026 12:13:21 AM","33.128384","-96.875717","0","180.9"
"8/28/2026 12:13:22 AM","33.128384","-96.875717","0","180.9"
"8/28/2026 12:13:23 AM","33.128384","-96.875717","0","180.7"
"8/28/2026 12:13:24 AM","33.128391","-96.875717","0","180.4"
"8/28/2026 12:13:25 AM","33.128395","-96.875717","0","180.4"
"8/28/2026 12:13:26 AM","33.128395","-96.875717","0","180.4"
"8/28/2026 12:13:27 AM","33.128395","-96.875717","0","180"
"8/28/2026 12:13:28 AM","33.128395","-96.875702","0","180"
"8/28/2026 12:13:29 AM","33.128395","-96.875702","0","179.9"
"8/28/2026 12:13:30 AM","33.128399","-96.875702","0","179.1"
"8/28/2026 12:13:31 AM","33.128399","-96.875702","0","179.1"
"8/28/2026 12:13:32 AM","33.128399","-96.875702","0","178.8"
"8/28/2026 12:13:33 AM","33.128395","-96.875717","0","179.4"
"8/28/2026 12:13:34 AM","33.128395","-96.875717","0","179.4"
"8/28/2026 12:13:35 AM","33.128395","-96.875717","0","179.4"
"8/28/2026 12:13:36 AM","33.128395","-96.875717","0","179.2"
"8/28/2026 12:13:37 AM","33.128395","-96.875717","0","179.2"
"8/28/2026 12:13:38 AM","33.128395","-96.875717","0","179.1"
"8/28/2026 12:13:39 AM","33.128395","-96.875717","0","179"
"8/28/2026 12:13:40 AM","33.128395","-96.875717","0","179"
"8/28/2026 12:13:41 AM","33.128395","-96.875717","0","179"
"8/28/2026 12:13:42 AM","33.128395","-96.875717","0","179"
"8/28/2026 12:13:43 AM","33.128395","-96.875717","0","179"
"8/28/2026 12:13:44 AM","33.128395","-96.875717","0","179"
"8/28/2026 12:13:45 AM","33.128395","-96.875717","0","178.8"
"8/28/2026 12:13:46 AM","33.128395","-96.875717","0","178.9"
"8/28/2026 12:13:47 AM","33.128395","-96.875717","0","178.9"
"8/28/2026 12:13:48 AM","33.128391","-96.875702","0","178.8"
"8/28/2026 12:13:49 AM","33.128391","-96.875702","0","178.9"
"8/28/2026 12:13:50 AM","33.128391","-96.875702","0","178.9"
"8/28/2026 12:13:51 AM","33.128391","-96.875702","0","178.9"
"8/28/2026 12:13:52 AM","33.128391","-96.875702","0","179"
"8/28/2026 12:13:53 AM","33.128391","-96.875702","0","179"
"8/28/2026 12:13:54 AM","33.128384","-96.875702","0","179.1"
"8/28/2026 12:13:55 AM","33.128384","-96.875702","0","179.1"
"8/28/2026 12:13:56 AM","33.128384","-96.875702","0","179.1"
"8/28/2026 12:13:57 AM","33.128384","-96.875702","0","179.3"
"8/28/2026 12:13:58 AM","33.128384","-96.875702","0","179.4"
"8/28/2026 12:13:59 AM","33.12838","-96.875702","0","179.4"
"8/28/2026 12:14:00 AM","33.12838","-96.875702","0","179.5"
"8/28/2026 12:14:01 AM","33.12838","-96.875702","0","179.6"
"8/28/2026 12:14:02 AM","33.12838","-96.875702","0","179.7"
"8/28/2026 12:14:03 AM","33.12838","-96.875702","0","179.7"
"8/28/2026 12:14:04 AM","33.128384","-96.875702","0","179.7"
"8/28/2026 12:14:05 AM","33.128384","-96.875702","0","179.8"
"8/28/2026 12:14:06 AM","33.128384","-96.875702","0","179.8"
"8/28/2026 12:14:07 AM","33.128384","-96.875687","0","179.8"
"8/28/2026 12:14:08 AM","33.128384","-96.875687","0","179.8"
"8/28/2026 12:14:09 AM","33.128384","-96.875687","0","179.8"
"8/28/2026 12:14:10 AM","33.128384","-96.875687","0","179.9"
"8/28/2026 12:14:11 AM","33.128391","-96.875687","0","179.9"
"8/28/2026 12:14:12 AM","33.128391","-96.875687","0","180"
"8/28/2026 12:14:13 AM","33.128391","-96.875687","0","180"
"8/28/2026 12:14:14 AM","33.128395","-96.875687","0","179.9"
"8/28/2026 12:14:15 AM","33.128395","-96.875687","0","179.9"
"8/28/2026 12:14:16 AM","33.128395","-96.875687","0","179.9"
"8/28/2026 12:14:17 AM","33.128399","-96.875687","0","179.9"
"8/28/2026 12:14:18 AM","33.128399","-96.875687","0","179.9"
"8/28/2026 12:14:19 AM","33.128399","-96.875687","0","179.9"
"8/28/2026 12:14:20 AM","33.128395","-96.875687","0","179.9"
"8/28/2026 12:14:21 AM","33.128395","-96.875687","0","179.9"
"8/28/2026 12:14:22 AM","33.128395","-96.875687","0","179.9"
"8/28/2026 12:14:23 AM","33.128395","-96.875664","0","179.9"
"8/28/2026 12:14:24 AM","33.128395","-96.875664","0","179.9"
"8/28/2026 12:14:25 AM","33.128395","-96.875664","0","179.9"
"8/28/2026 12:14:26 AM","33.128395","-96.875664","0","179.8"
"8/28/2026 12:14:27 AM","33.128395","-96.875664","0","179.8"
"8/28/2026 12:14:28 AM","33.128395","-96.875664","0","179.7"
"8/28/2026 12:14:29 AM","33.128399","-96.875664","0","179.7"
"8/28/2026 12:14:30 AM","33.128399","-96.875664","0","179.6"
"8/28/2026 12:14:31 AM","33.128399","-96.875664","0","179.6"
"8/28/2026 12:14:32 AM","33.128395","-96.875664","0","179.6"
"8/28/2026 12:14:33 AM","33.128395","-96.875664","0","179.5"
"8/28/2026 12:14:34 AM","33.128395","-96.875664","0","179.4"
"8/28/2026 12:14:35 AM","33.128395","-96.875664","0","179.3"
"8/28/2026 12:14:36 AM","33.128395","-96.875664","0","179.2"
"8/28/2026 12:14:37 AM","33.128395","-96.875648","0","179.2"
"8/28/2026 12:14:38 AM","33.128395","-96.875664","0","179.1"
"8/28/2026 12:14:39 AM","33.128395","-96.875664","0","178.9"
"8/28/2026 12:14:40 AM","33.128395","-96.875648","0","178.9"
"8/28/2026 12:14:41 AM","33.128395","-96.875648","0","178.8"
"8/28/2026 12:14:42 AM","33.128395","-96.875648","0","178.8"
"8/28/2026 12:14:43 AM","33.128395","-96.875648","0","178.8"
"8/28/2026 12:14:44 AM","33.128395","-96.875648","0.993","178.7"
"8/28/2026 12:14:45 AM","33.128399","-96.875648","0","178.6"
"8/28/2026 12:14:46 AM","33.128399","-96.875648","0","178.6"
"8/28/2026 12:14:47 AM","33.128399","-96.875648","0","178.5"
"8/28/2026 12:14:48 AM","33.128403","-96.875664","0","178.5"
"8/28/2026 12:14:49 AM","33.128403","-96.875664","0","178.6"
"8/28/2026 12:14:50 AM","33.128403","-96.875664","0","178.5"
"8/28/2026 12:14:51 AM","33.128403","-96.875648","0","178.4"
"8/28/2026 12:14:52 AM","33.128395","-96.875664","0","178.4"
"8/28/2026 12:14:53 AM","33.128395","-96.875664","0","178.2"
"8/28/2026 12:14:54 AM","33.128395","-96.875664","0","178.1"
"8/28/2026 12:14:55 AM","33.128391","-96.875664","0","178.1"
"8/28/2026 12:14:56 AM","33.128391","-96.875664","0","178.1"
"8/28/2026 12:14:57 AM","33.128391","-96.875664","0","178.1"
"8/28/2026 12:14:58 AM","33.128391","-96.875664","0","178"
"8/28/2026 12:14:59 AM","33.128391","-96.875664","0","177.9"
"8/28/2026 12:15:00 AM","33.128384","-96.875664","0","177.9"
"8/28/2026 12:15:01 AM","33.12838","-96.875664","0","177.9"
"8/28/2026 12:15:02 AM","33.12838","-96.875664","0","178"
"8/28/2026 12:15:03 AM","33.128376","-96.875648","0","178"
"8/28/2026 12:15:04 AM","33.128372","-96.875648","0","178"
"8/28/2026 12:15:05 AM","33.128372","-96.875648","0","177.9"
"8/28/2026 12:15:06 AM","33.128372","-96.875648","0","177.9"
"8/28/2026 12:15:07 AM","33.128372","-96.875648","0","177.9"
"8/28/2026 12:15:08 AM","33.128372","-96.875648","0","177.9"
"8/28/2026 12:15:09 AM","33.128372","-96.875648","0","177.9"
"8/28/2026 12:15:10 AM","33.128372","-96.875648","0","177.8"
"8/28/2026 12:15:11 AM","33.128372","-96.875648","0","177.8"
"8/28/2026 12:15:12 AM","33.128376","-96.875664","0","177.8"
"8/28/2026 12:15:13 AM","33.128376","-96.875664","0","177.6"
"8/28/2026 12:15:14 AM","33.128376","-96.875664","0","177.6"
"8/28/2026 12:15:15 AM","33.128376","-96.875664","0","177.3"
"8/28/2026 12:15:16 AM","33.128376","-96.875664","0","177.3"
"8/28/2026 12:15:17 AM","33.128376","-96.875664","0","177.3"
"8/28/2026 12:15:18 AM","33.128376","-96.875664","0","177.3"
"8/28/2026 12:15:19 AM","33.128376","-96.875664","0","177.2"
"8/28/2026 12:15:20 AM","33.128376","-96.875664","0","177.2"
"8/28/2026 12:15:21 AM","33.128376","-96.875664","0","177.2"
"8/28/2026 12:15:22 AM","33.12838","-96.875664","0","177.1"
"8/28/2026 12:15:23 AM","33.12838","-96.875664","0","177"
"8/28/2026 12:15:24 AM","33.12838","-96.875664","0","177"
"8/28/2026 12:15:25 AM","33.12838","-96.875664","0","176.9"
"8/28/2026 12:15:26 AM","33.128376","-96.875664","0","177"
"8/28/2026 12:15:27 AM","33.128376","-96.875664","0","177.1"
"8/28/2026 12:15:28 AM","33.128372","-96.875664","0","177.1"
"8/28/2026 12:15:29 AM","33.128372","-96.875648","0","177"
"8/28/2026 12:15:30 AM","33.128372","-96.875648","0","176.9"
"8/28/2026 12:15:31 AM","33.128372","-96.875648","0","176.9"
"8/28/2026 12:15:32 AM","33.128372","-96.875648","0","177.1"
"8/28/2026 12:15:33 AM","33.128372","-96.875648","0","177.1"
"8/28/2026 12:15:34 AM","33.128372","-96.875648","0","177.1"
"8/28/2026 12:15:35 AM","33.128372","-96.875648","0","177.2"
"8/28/2026 12:15:36 AM","33.128376","-96.875648","0","177.2"
"8/28/2026 12:15:37 AM","33.128376","-96.875648","0","177.3"
"8/28/2026 12:15:38 AM","33.12838","-96.875633","0","177.5"
"8/28/2026 12:15:39 AM","33.12838","-96.875633","0","177.5"
"8/28/2026 12:15:40 AM","33.12838","-96.875648","0","177.4"
"8/28/2026 12:15:41 AM","33.12838","-96.875648","0","177.3"
"8/28/2026 12:15:42 AM","33.12838","-96.875648","0","177.2"
"8/28/2026 12:15:43 AM","33.128376","-96.875648","0","177.2"
"8/28/2026 12:15:44 AM","33.128376","-96.875648","0","177.2"
"8/28/2026 12:15:45 AM","33.128376","-96.875648","0","176.9"
"8/28/2026 12:15:46 AM","33.128372","-96.875648","0","176.8"
"8/28/2026 12:15:47 AM","33.128372","-96.875633","0","176.6"
"8/28/2026 12:15:48 AM","33.128372","-96.875633","0","176.4"
"8/28/2026 12:15:49 AM","33.128372","-96.875633","1.476","176.6"
"8/28/2026 12:15:50 AM","33.128372","-96.875633","0","176.4"
"8/28/2026 12:15:51 AM","33.128372","-96.875633","0","176.4"
"8/28/2026 12:15:52 AM","33.128372","-96.875633","0","176.5"
"8/28/2026 12:15:53 AM","33.128368","-96.875633","0","176.5"
"8/28/2026 12:15:54 AM","33.128365","-96.875633","0","176.6"
"8/28/2026 12:15:55 AM","33.128365","-96.875633","0","176.8"
"8/28/2026 12:15:56 AM","33.128368","-96.875633","0","176.9"
"8/28/2026 12:15:57 AM","33.128368","-96.875633","0","177"
"8/28/2026 12:15:58 AM","33.128368","-96.875648","0","177.2"
"8/28/2026 12:15:59 AM","33.128372","-96.875648","0","177.4"
"8/28/2026 12:16:00 AM","33.128372","-96.875648","0","177.6"
"8/28/2026 12:16:01 AM","33.128372","-96.875648","0","177.6"
"8/28/2026 12:16:02 AM","33.128372","-96.875648","0","177.7"
"8/28/2026 12:16:03 AM","33.128376","-96.875648","0","177.8"
"8/28/2026 12:16:04 AM","33.128376","-96.875648","0","177.8"
"8/28/2026 12:16:05 AM","33.128376","-96.875648","0","177.9"
"8/28/2026 12:16:06 AM","33.128376","-96.875648","0","177.9"
"8/28/2026 12:16:07 AM","33.128376","-96.875648","0","177.9"
"8/28/2026 12:16:08 AM","33.12838","-96.875664","0","178"
"8/28/2026 12:16:09 AM","33.12838","-96.875664","0","178"
"8/28/2026 12:16:10 AM","33.12838","-96.875664","0","178"
"8/28/2026 12:16:11 AM","33.12838","-96.875664","0","178.1"
"8/28/2026 12:16:12 AM","33.12838","-96.875664","0","178.2"
"8/28/2026 12:16:13 AM","33.12838","-96.875664","0","178.3"
"8/28/2026 12:16:14 AM","33.12838","-96.875664","0","178.4"
"8/28/2026 12:16:15 AM","33.12838","-96.875664","0","178.3"
"8/28/2026 12:16:16 AM","33.12838","-96.875664","0","178.3"
"8/28/2026 12:16:17 AM","33.12838","-96.875664","0","178.3"
"8/28/2026 12:16:18 AM","33.12838","-96.875664","0","178.3"
"8/28/2026 12:16:19 AM","33.12838","-96.875664","0","178.3"
"8/28/2026 12:16:20 AM","33.12838","-96.875664","0","178.3"
"8/28/2026 12:16:21 AM","33.12838","-96.875664","0","178.3"
"8/28/2026 12:16:22 AM","33.12838","-96.875664","0","178.3"
"8/28/2026 12:16:23 AM","33.12838","-96.875664","0","178.3"
"8/28/2026 12:16:24 AM","33.12838","-96.875664","0","178.4"
"8/28/2026 12:16:25 AM","33.128384","-96.875664","0","178.3"
"8/28/2026 12:16:26 AM","33.128384","-96.875664","0","178.3"
"8/28/2026 12:16:27 AM","33.128384","-96.875664","0","178.4"
"8/28/2026 12:16:28 AM","33.128384","-96.875664","0","178.4"
"8/28/2026 12:16:29 AM","33.128384","-96.875664","0","178.4"
"8/28/2026 12:16:30 AM","33.128384","-96.875664","0","178.5"
"8/28/2026 12:16:31 AM","33.128384","-96.875664","0","178.4"
"8/28/2026 12:16:32 AM","33.128384","-96.875664","0","178.5"
"8/28/2026 12:16:33 AM","33.128384","-96.875664","0","178.5"
"8/28/2026 12:16:34 AM","33.128384","-96.875664","0","178.5"
"8/28/2026 12:16:35 AM","33.128384","-96.875664","0","178.5"
"8/28/2026 12:16:36 AM","33.128384","-96.875664","0","178.5"
"8/28/2026 12:16:37 AM","33.12838","-96.875664","0","178.5"
"8/28/2026 12:16:38 AM","33.12838","-96.875664","0","178.5"
"8/28/2026 12:16:39 AM","33.12838","-96.875664","0","178.5"
"8/28/2026 12:16:40 AM","33.12838","-96.875664","0","178.5"
"8/28/2026 12:16:41 AM","33.12838","-96.875664","0","178.4"
"8/28/2026 12:16:42 AM","33.12838","-96.875664","0","178.4"
"8/28/2026 12:16:43 AM","33.12838","-96.875664","0","178.4"
"8/28/2026 12:16:44 AM","33.12838","-96.875664","0","178.3"
"8/28/2026 12:16:45 AM","33.12838","-96.875664","0","178.3"
"8/28/2026 12:16:46 AM","33.12838","-96.875664","0","178.3"
"8/28/2026 12:16:47 AM","33.12838","-96.875664","0","178.2"
"8/28/2026 12:16:48 AM","33.12838","-96.875664","0","178.2"
"8/28/2026 12:16:49 AM","33.12838","-96.875664","0","178.2"
"8/28/2026 12:16:50 AM","33.128376","-96.875664","0","178.2"
"8/28/2026 12:16:51 AM","33.128376","-96.875664","0","178.2"
"8/28/2026 12:16:52 AM","33.128376","-96.875664","0","178.2"
"8/28/2026 12:16:53 AM","33.128376","-96.875664","0","178.2"
"8/28/2026 12:16:54 AM","33.128376","-96.875664","0","178.2"
"8/28/2026 12:16:55 AM","33.128376","-96.875664","0","178.1"
"8/28/2026 12:16:56 AM","33.128376","-96.875664","0","178.1"
"8/28/2026 12:16:57 AM","33.128376","-96.875664","0","178.1"
"8/28/2026 12:16:58 AM","33.128376","-96.875664","0","178.1"
"8/28/2026 12:16:59 AM","33.128376","-96.875664","0","178.1"
"8/28/2026 12:17:00 AM","33.128376","-96.875664","0","178.1"
"8/28/2026 12:17:01 AM","33.128376","-96.875664","0","178.1"
"8/28/2026 12:17:02 AM","33.128376","-96.875664","0","178"
"8/28/2026 12:17:03 AM","33.128376","-96.875664","0","178"
"8/28/2026 12:17:04 AM","33.128376","-96.875664","0","178.1"
"8/28/2026 12:17:05 AM","33.128376","-96.875664","0","178.1"
"8/28/2026 12:17:06 AM","33.128376","-96.875664","0","178.1"
"8/28/2026 12:17:07 AM","33.128376","-96.875664","0","178.1"
"8/28/2026 12:17:08 AM","33.128376","-96.875664","0","178.1"
"8/28/2026 12:17:09 AM","33.128376","-96.875664","0","178.1"
"8/28/2026 12:17:10 AM","33.128376","-96.875664","0","178.1"
"8/28/2026 12:17:11 AM","33.128376","-96.875664","0","178.1"
"8/28/2026 12:17:12 AM","33.128376","-96.875687","0","178.2"
"8/28/2026 12:17:13 AM","33.128376","-96.875687","0","178.2"
"8/28/2026 12:17:14 AM","33.128376","-96.875687","0","178.2"
"8/28/2026 12:17:15 AM","33.128376","-96.875687","0","178.2"
"8/28/2026 12:17:16 AM","33.128376","-96.875687","0","178.2"
"8/28/2026 12:17:17 AM","33.128376","-96.875687","0","178.2"
"8/28/2026 12:17:18 AM","33.128376","-96.875687","0","178.1"
"8/28/2026 12:17:19 AM","33.128376","-96.875687","0","178.1"
"8/28/2026 12:17:20 AM","33.128376","-96.875687","0","178.1"
"8/28/2026 12:17:21 AM","33.128376","-96.875687","0","178.1"
"8/28/2026 12:17:22 AM","33.128376","-96.875687","0","178"
"8/28/2026 12:17:23 AM","33.128376","-96.875687","0","178"
"8/28/2026 12:17:24 AM","33.128376","-96.875687","0","178"
"8/28/2026 12:17:25 AM","33.128376","-96.875687","0","178"
"8/28/2026 12:17:26 AM","33.128376","-96.875687","0","178"
"8/28/2026 12:17:27 AM","33.128376","-96.875687","0","178.1"
"8/28/2026 12:17:28 AM","33.128376","-96.875687","0","178.1"
"8/28/2026 12:17:29 AM","33.128376","-96.875687","0","178.1"
"8/28/2026 12:17:30 AM","33.128376","-96.875687","0","178.1"
"8/28/2026 12:17:31 AM","33.128376","-96.875687","0","178.2"
"8/28/2026 12:17:32 AM","33.128376","-96.875687","0","178.2"
"8/28/2026 12:17:33 AM","33.128376","-96.875687","0","178.2"
"8/28/2026 12:17:34 AM","33.128376","-96.875687","0","178.2"
"8/28/2026 12:17:35 AM","33.128376","-96.875687","0","178.2"
"8/28/2026 12:17:36 AM","33.128376","-96.875687","0","178.2"
"8/28/2026 12:17:37 AM","33.128376","-96.875687","0","178.2"
"8/28/2026 12:17:38 AM","33.128376","-96.875687","0","178.2"
"8/28/2026 12:17:39 AM","33.128376","-96.875687","0","178.1"
"8/28/2026 12:17:40 AM","33.128376","-96.875687","0","178.1"
"8/28/2026 12:17:41 AM","33.128376","-96.875687","0","178.1"
"8/28/2026 12:17:42 AM","33.128376","-96.875687","0","178.1"
"8/28/2026 12:17:43 AM","33.128376","-96.875687","0","178.1"
"8/28/2026 12:17:44 AM","33.128376","-96.875687","0","178.1"
"8/28/2026 12:17:45 AM","33.128376","-96.875687","0","178.1"
"8/28/2026 12:17:46 AM","33.128376","-96.875687","0","178.1"
"8/28/2026 12:17:47 AM","33.128376","-96.875687","0","178.1"
"8/28/2026 12:17:48 AM","33.128376","-96.875687","0","178.1"
"8/28/2026 12:17:49 AM","33.128376","-96.875687","0","178.1"
"8/28/2026 12:17:50 AM","33.128376","-96.875687","0","178.1"
"8/28/2026 12:17:51 AM","33.128376","-96.875687","0","178.1"
"8/28/2026 12:17:52 AM","33.128376","-96.875687","0","178.1"
"8/28/2026 12:17:53 AM","33.128376","-96.875687","0","178.1"
"8/28/2026 12:17:54 AM","33.128376","-96.875687","0","178.1"
"8/28/2026 12:17:55 AM","33.128376","-96.875687","0","178"
"8/28/2026 12:17:56 AM","33.128376","-96.875687","0","178"
"8/28/2026 12:17:57 AM","33.12838","-96.875687","0","178"
"8/28/2026 12:17:58 AM","33.12838","-96.875687","0","177.9"
"8/28/2026 12:17:59 AM","33.12838","-96.875687","0","177.9"
"8/28/2026 12:18:00 AM","33.12838","-96.875687","0","177.9"
"8/28/2026 12:18:01 AM","33.12838","-96.875687","0","177.8"
"8/28/2026 12:18:02 AM","33.12838","-96.875687","0","177.8"
"8/28/2026 12:18:03 AM","33.12838","-96.875687","0","177.9"
"8/28/2026 12:18:04 AM","33.12838","-96.875687","0","177.9"
"8/28/2026 12:18:05 AM","33.12838","-96.875664","0","177.9"
"8/28/2026 12:18:06 AM","33.12838","-96.875664","0","177.9"
"8/28/2026 12:18:07 AM","33.12838","-96.875664","0","177.9"
"8/28/2026 12:18:08 AM","33.12838","-96.875664","0","177.9"
"8/28/2026 12:18:09 AM","33.12838","-96.875664","0","177.9"
"8/28/2026 12:18:10 AM","33.12838","-96.875664","0","177.9"
"8/28/2026 12:18:11 AM","33.12838","-96.875664","0","177.8"
"8/28/2026 12:18:12 AM","33.12838","-96.875664","0","177.8"
"8/28/2026 12:18:13 AM","33.12838","-96.875664","0","177.8"
"8/28/2026 12:18:14 AM","33.12838","-96.875664","0","177.8"
"8/28/2026 12:18:15 AM","33.12838","-96.875664","0","177.8"
"8/28/2026 12:18:16 AM","33.12838","-96.875664","0","177.7"
"8/28/2026 12:18:17 AM","33.12838","-96.875664","0","177.8"
"8/28/2026 12:18:18 AM","33.12838","-96.875664","0","177.8"
"8/28/2026 12:18:19 AM","33.12838","-96.875664","0","177.8"
"8/28/2026 12:18:20 AM","33.12838","-96.875664","0","177.8"
"8/28/2026 12:18:21 AM","33.12838","-96.875664","0","177.8"
"8/28/2026 12:18:22 AM","33.12838","-96.875664","0","177.8"
"8/28/2026 12:18:23 AM","33.12838","-96.875664","0","177.8"
"8/28/2026 12:18:24 AM","33.12838","-96.875664","0","177.8"
"8/28/2026 12:18:25 AM","33.12838","-96.875664","0","177.8"
"8/28/2026 12:18:26 AM","33.12838","-96.875664","0","177.9"
"8/28/2026 12:18:27 AM","33.12838","-96.875664","0","177.9"
"8/28/2026 12:18:28 AM","33.12838","-96.875664","0","177.9"
"8/28/2026 12:18:29 AM","33.12838","-96.875664","0","177.9"
"8/28/2026 12:18:30 AM","33.12838","-96.875664","0","177.9"
"8/28/2026 12:18:31 AM","33.12838","-96.875664","0","178"
"8/28/2026 12:18:32 AM","33.12838","-96.875664","0","178"
"8/28/2026 12:18:33 AM","33.12838","-96.875664","0","178"
"8/28/2026 12:18:34 AM","33.12838","-96.875664","0","178"
"8/28/2026 12:18:35 AM","33.12838","-96.875664","0","178"
"8/28/2026 12:18:36 AM","33.12838","-96.875664","0","178.1"
"8/28/2026 12:18:37 AM","33.12838","-96.875664","0","178.1"
"8/28/2026 12:18:38 AM","33.12838","-96.875664","0","178.1"
"8/28/2026 12:18:39 AM","33.128376","-96.875664","0","178.1"
"8/28/2026 12:18:40 AM","33.128376","-96.875664","0","178.2"
"8/28/2026 12:18:41 AM","33.128376","-96.875664","0","178.2"
"8/28/2026 12:18:42 AM","33.128376","-96.875664","0","178.2"
"8/28/2026 12:18:43 AM","33.128376","-96.875664","0","178.3"
"8/28/2026 12:18:44 AM","33.128376","-96.875664","0","178.3"
"8/28/2026 12:18:45 AM","33.128376","-96.875664","0","178.3"
"8/28/2026 12:18:46 AM","33.128376","-96.875664","0","178.3"
"8/28/2026 12:18:47 AM","33.128376","-96.875664","0","178.3"
"8/28/2026 12:18:48 AM","33.128376","-96.875664","0","178.3"
"8/28/2026 12:18:49 AM","33.128376","-96.875664","0","178.3"
"8/28/2026 12:18:50 AM","33.128376","-96.875664","0","178.3"
"8/28/2026 12:18:51 AM","33.128376","-96.875664","0","178.4"
"8/28/2026 12:18:52 AM","33.128376","-96.875664","0","178.4"
"8/28/2026 12:18:53 AM","33.128372","-96.875664","0","178.4"
"8/28/2026 12:18:54 AM","33.128372","-96.875664","0","178.4"
"8/28/2026 12:18:55 AM","33.128372","-96.875664","0","178.4"
"8/28/2026 12:18:56 AM","33.128372","-96.875664","0","178.4"
"8/28/2026 12:18:57 AM","33.128372","-96.875664","0","178.4"
"8/28/2026 12:18:58 AM","33.128372","-96.875664","0","178.5"
"8/28/2026 12:18:59 AM","33.128372","-96.875664","0","178.5"
"8/28/2026 12:19:00 AM","33.128372","-96.875664","0","178.5"
"8/28/2026 12:19:01 AM","33.128372","-96.875664","0","178.5"
"8/28/2026 12:19:02 AM","33.128372","-96.875664","0","178.5"
"8/28/2026 12:19:03 AM","33.128372","-96.875664","0","178.5"
"8/28/2026 12:19:04 AM","33.128372","-96.875664","0","178.5"
"8/28/2026 12:19:05 AM","33.128372","-96.875664","0","178.5"
"8/28/2026 12:19:06 AM","33.128372","-96.875664","0","178.5"
"8/28/2026 12:19:07 AM","33.128372","-96.875664","0","178.5"
"8/28/2026 12:19:08 AM","33.128372","-96.875664","0","178.5"
"8/28/2026 12:19:09 AM","33.128372","-96.875664","0","178.4"
"8/28/2026 12:19:10 AM","33.128372","-96.875664","0","178.4"
"8/28/2026 12:19:11 AM","33.128372","-96.875664","0","178.5"
"8/28/2026 12:19:12 AM","33.128372","-96.875664","0","178.5"
"8/28/2026 12:19:13 AM","33.128372","-96.875664","0","178.5"
"8/28/2026 12:19:14 AM","33.128372","-96.875664","0","178.5"
"8/28/2026 12:19:15 AM","33.128372","-96.875664","0","178.5"
"8/28/2026 12:19:16 AM","33.128372","-96.875664","0","178.5"
"8/28/2026 12:19:17 AM","33.128372","-96.875664","0","178.6"
"8/28/2026 12:19:18 AM","33.128372","-96.875664","0","178.6"
"8/28/2026 12:19:19 AM","33.128372","-96.875664","0","178.6"
"8/28/2026 12:19:20 AM","33.128372","-96.875664","0","178.6"
"8/28/2026 12:19:21 AM","33.128372","-96.875664","0","178.5"
"8/28/2026 12:19:22 AM","33.128372","-96.875664","0","178.5"
"8/28/2026 12:19:23 AM","33.128372","-96.875664","0","178.6"
"8/28/2026 12:19:24 AM","33.128372","-96.875687","0","178.6"
"8/28/2026 12:19:25 AM","33.128372","-96.875687","0","178.5"
"8/28/2026 12:19:26 AM","33.128372","-96.875687","0","178.5"
"8/28/2026 12:19:27 AM","33.128372","-96.875687","0","178.5"
"8/28/2026 12:19:28 AM","33.128372","-96.875687","0","178.5"
"8/28/2026 12:19:29 AM","33.128372","-96.875687","0","178.6"
"8/28/2026 12:19:30 AM","33.128372","-96.875687","0","178.6"
"8/28/2026 12:19:31 AM","33.128368","-96.875687","0","178.6"
"8/28/2026 12:19:32 AM","33.128368","-96.875687","0","178.7"
"8/28/2026 12:19:33 AM","33.128368","-96.875687","0","178.7"
"8/28/2026 12:19:34 AM","33.128368","-96.875687","0","178.7"
"8/28/2026 12:19:35 AM","33.128368","-96.875687","0","178.8"
"8/28/2026 12:19:36 AM","33.128368","-96.875687","0","178.8"
"8/28/2026 12:19:37 AM","33.128368","-96.875687","0","178.8"
"8/28/2026 12:19:38 AM","33.128368","-96.875687","0","178.8"
"8/28/2026 12:19:39 AM","33.128365","-96.875687","0","178.8"
"8/28/2026 12:19:40 AM","33.128365","-96.875664","0","178.9"
"8/28/2026 12:19:41 AM","33.128365","-96.875664","0","178.9"
"8/28/2026 12:19:42 AM","33.128365","-96.875664","0","178.9"
"8/28/2026 12:19:43 AM","33.128365","-96.875664","0","178.9"
"8/28/2026 12:19:44 AM","33.128365","-96.875664","0","178.9"
"8/28/2026 12:19:45 AM","33.128365","-96.875664","0","178.9"
"8/28/2026 12:19:46 AM","33.128365","-96.875664","0","179"
"8/28/2026 12:19:47 AM","33.128365","-96.875664","0","179"
"8/28/2026 12:19:48 AM","33.128365","-96.875664","0","178.9"
"8/28/2026 12:19:49 AM","33.128365","-96.875664","0","178.9"
"8/28/2026 12:19:50 AM","33.128365","-96.875664","0","179"
"8/28/2026 12:19:51 AM","33.128361","-96.875664","0","179"
"8/28/2026 12:19:52 AM","33.128361","-96.875664","0","179"
"8/28/2026 12:19:53 AM","33.128361","-96.875664","0","179"
"8/28/2026 12:19:54 AM","33.128361","-96.875664","0","179"
"8/28/2026 12:19:55 AM","33.128361","-96.875664","0","179"
"8/28/2026 12:19:56 AM","33.128361","-96.875664","0","179"
"8/28/2026 12:19:57 AM","33.128361","-96.875664","0","179"
"8/28/2026 12:19:58 AM","33.128361","-96.875664","0","179"
"8/28/2026 12:19:59 AM","33.128361","-96.875664","0","179"
"8/28/2026 12:20:00 AM","33.128361","-96.875664","0","179.1"
"8/28/2026 12:20:01 AM","33.128361","-96.875664","0","179.1"
"8/28/2026 12:20:02 AM","33.128361","-96.875664","0","179.1"
"8/28/2026 12:20:03 AM","33.128361","-96.875664","0","179.1"
"8/28/2026 12:20:04 AM","33.128361","-96.875664","0","179.1"
"8/28/2026 12:20:05 AM","33.128361","-96.875664","0","179.1"
"8/28/2026 12:20:06 AM","33.128357","-96.875664","0","179.1"
"8/28/2026 12:20:07 AM","33.128357","-96.875664","0","179.2"
"8/28/2026 12:20:08 AM","33.128357","-96.875664","0","179.2"
"8/28/2026 12:20:09 AM","33.128357","-96.875664","0","179.2"
"8/28/2026 12:20:10 AM","33.128357","-96.875664","0","179.2"
"8/28/2026 12:20:11 AM","33.128357","-96.875664","0","179.2"
"8/28/2026 12:20:12 AM","33.128357","-96.875664","0","179.2"
"8/28/2026 12:20:13 AM","33.128357","-96.875664","0","179.2"
"8/28/2026 12:20:14 AM","33.128357","-96.875664","0","179.1"
"8/28/2026 12:20:15 AM","33.128357","-96.875664","0","179.1"
"8/28/2026 12:20:16 AM","33.128357","-96.875664","0","179.1"
"8/28/2026 12:20:17 AM","33.128357","-96.875664","0","179"
"8/28/2026 12:20:18 AM","33.128361","-96.875664","0","179"
"8/28/2026 12:20:19 AM","33.128361","-96.875664","0","179"
"8/28/2026 12:20:20 AM","33.128361","-96.875664","0","179"
"8/28/2026 12:20:21 AM","33.128361","-96.875687","0","179"
"8/28/2026 12:20:22 AM","33.128361","-96.875687","0","179"
"8/28/2026 12:20:23 AM","33.128361","-96.875687","0","179"
"8/28/2026 12:20:24 AM","33.128361","-96.875687","0","179"
"8/28/2026 12:20:25 AM","33.128361","-96.875687","0","179"
"8/28/2026 12:20:26 AM","33.128361","-96.875687","0","179"
"8/28/2026 12:20:27 AM","33.128361","-96.875687","0","179"
"8/28/2026 12:20:28 AM","33.128361","-96.875687","0","179"
"8/28/2026 12:20:29 AM","33.128357","-96.875687","0","179"
"8/28/2026 12:20:30 AM","33.128357","-96.875687","0","179"
"8/28/2026 12:20:31 AM","33.128357","-96.875687","0","179"
"8/28/2026 12:20:32 AM","33.128357","-96.875687","0","179"
"8/28/2026 12:20:33 AM","33.128357","-96.875687","0","179"
"8/28/2026 12:20:34 AM","33.128357","-96.875687","0","179"
"8/28/2026 12:20:35 AM","33.128357","-96.875687","0","179"
"8/28/2026 12:20:36 AM","33.128357","-96.875687","0","178.9"
"8/28/2026 12:20:37 AM","33.128357","-96.875687","0","178.9"
"8/28/2026 12:20:38 AM","33.128357","-96.875687","0","178.9"
"8/28/2026 12:20:39 AM","33.128357","-96.875687","0","178.9"
"8/28/2026 12:20:40 AM","33.128357","-96.875687","0","178.8"
"8/28/2026 12:20:41 AM","33.128357","-96.875687","0","178.8"
"8/28/2026 12:20:42 AM","33.128357","-96.875687","0","178.8"
"8/28/2026 12:20:43 AM","33.128357","-96.875687","0","178.8"
"8/28/2026 12:20:44 AM","33.128357","-96.875687","0","178.8"
"8/28/2026 12:20:45 AM","33.128357","-96.875687","0","178.9"
"8/28/2026 12:20:46 AM","33.128357","-96.875687","0","178.9"
"8/28/2026 12:20:47 AM","33.128357","-96.875687","0","178.9"
"8/28/2026 12:20:48 AM","33.128357","-96.875687","0","178.9"
"8/28/2026 12:20:49 AM","33.128357","-96.875687","0","178.8"
"8/28/2026 12:20:50 AM","33.128357","-96.875687","0","178.8"
"8/28/2026 12:20:51 AM","33.128357","-96.875687","0","178.8"
"8/28/2026 12:20:52 AM","33.128357","-96.875687","0","178.8"
"8/28/2026 12:20:53 AM","33.128357","-96.875687","0","178.8"
"8/28/2026 12:20:54 AM","33.128357","-96.875687","0","178.8"
"8/28/2026 12:20:55 AM","33.128357","-96.875687","0","178.8"
"8/28/2026 12:20:56 AM","33.128357","-96.875687","0","178.8"
"8/28/2026 12:20:57 AM","33.128357","-96.875687","0","178.8"
"8/28/2026 12:20:58 AM","33.128357","-96.875687","0","178.8"
"8/28/2026 12:20:59 AM","33.128357","-96.875687","0","178.8"
"8/28/2026 12:21:00 AM","33.128357","-96.875687","0","178.9"
"8/28/2026 12:21:01 AM","33.128357","-96.875687","0","178.9"
"8/28/2026 12:21:02 AM","33.128357","-96.875687","0","178.9"
"8/28/2026 12:21:03 AM","33.128357","-96.875687","0","178.9"
"8/28/2026 12:21:04 AM","33.128361","-96.875687","0","178.9"
"8/28/2026 12:21:05 AM","33.128361","-96.875687","0","178.9"
"8/28/2026 12:21:06 AM","33.128361","-96.875687","0","179"
"8/28/2026 12:21:07 AM","33.128361","-96.875687","0","179"
"8/28/2026 12:21:08 AM","33.128361","-96.875687","0","179"
"8/28/2026 12:21:09 AM","33.128361","-96.875687","0","179"
"8/28/2026 12:21:10 AM","33.128361","-96.875687","0","179"
"8/28/2026 12:21:11 AM","33.128361","-96.875687","0","179"
"8/28/2026 12:21:12 AM","33.128365","-96.875687","0","179"
"8/28/2026 12:21:13 AM","33.128365","-96.875687","0","179"
"8/28/2026 12:21:14 AM","33.128365","-96.875687","0","179"
"8/28/2026 12:21:15 AM","33.128365","-96.875687","0","179"
"8/28/2026 12:21:16 AM","33.128365","-96.875687","0","179"
"8/28/2026 12:21:17 AM","33.128365","-96.875687","0","179.1"
"8/28/2026 12:21:18 AM","33.128365","-96.875687","0","179.1"
"8/28/2026 12:21:19 AM","33.128365","-96.875687","0","179.1"
"8/28/2026 12:21:20 AM","33.128365","-96.875687","0","179.1"
"8/28/2026 12:21:21 AM","33.128365","-96.875687","0","179.1"
"8/28/2026 12:21:22 AM","33.128365","-96.875687","0","179.2"
"8/28/2026 12:21:23 AM","33.128365","-96.875687","0","179.2"
"8/28/2026 12:21:24 AM","33.128365","-96.875687","0","179.2"
"8/28/2026 12:21:25 AM","33.128365","-96.875687","0","179.2"
"8/28/2026 12:21:26 AM","33.128365","-96.875687","0","179.2"
"8/28/2026 12:21:27 AM","33.128365","-96.875687","0","179.2"
"8/28/2026 12:21:28 AM","33.128365","-96.875687","0","179.2"
"8/28/2026 12:21:29 AM","33.128365","-96.875687","0","179.3"
"8/28/2026 12:21:30 AM","33.128365","-96.875687","0","179.2"
"8/28/2026 12:21:31 AM","33.128365","-96.875687","0","179.2"
"8/28/2026 12:21:32 AM","33.128365","-96.875687","0","179.2"
"8/28/2026 12:21:33 AM","33.128365","-96.875687","0","179.2"
"8/28/2026 12:21:34 AM","33.128365","-96.875687","0","179.2"
"8/28/2026 12:21:35 AM","33.128365","-96.875687","0","179.3"
"8/28/2026 12:21:36 AM","33.128365","-96.875687","0","179.3"
"8/28/2026 12:21:37 AM","33.128365","-96.875687","0","179.3"
"8/28/2026 12:21:38 AM","33.128365","-96.875687","0","179.3"
"8/28/2026 12:21:39 AM","33.128365","-96.875687","0","179.3"
"8/28/2026 12:21:40 AM","33.128365","-96.875687","0","179.4"
"8/28/2026 12:21:41 AM","33.128365","-96.875687","0","179.4"
"8/28/2026 12:21:42 AM","33.128365","-96.875687","0","179.5"
"8/28/2026 12:21:43 AM","33.128365","-96.875687","0","179.5"
"8/28/2026 12:21:44 AM","33.128365","-96.875687","0","179.5"
"8/28/2026 12:21:45 AM","33.128361","-96.875687","0","179.5"
"8/28/2026 12:21:46 AM","33.128361","-96.875687","0","179.6"
"8/28/2026 12:21:47 AM","33.128361","-96.875687","0","179.6"
"8/28/2026 12:21:48 AM","33.128361","-96.875687","0","179.7"
"8/28/2026 12:21:49 AM","33.128361","-96.875687","0","179.7"
"8/28/2026 12:21:50 AM","33.128361","-96.875687","0","179.7"
"8/28/2026 12:21:51 AM","33.128361","-96.875687","0","179.8"
"8/28/2026 12:21:52 AM","33.128361","-96.875687","0","179.8"
"8/28/2026 12:21:53 AM","33.128361","-96.875687","0","179.8"
"8/28/2026 12:21:54 AM","33.128361","-96.875687","0","179.8"
"8/28/2026 12:21:55 AM","33.128361","-96.875687","0","179.9"
"8/28/2026 12:21:56 AM","33.128361","-96.875687","0","179.9"
"8/28/2026 12:21:57 AM","33.128361","-96.875687","0","180"
"8/28/2026 12:21:58 AM","33.128361","-96.875687","0","180"
"8/28/2026 12:21:59 AM","33.128361","-96.875687","0","180"
"8/28/2026 12:22:00 AM","33.128361","-96.875687","0","180.1"
"8/28/2026 12:22:01 AM","33.128361","-96.875687","0","180.1"
"8/28/2026 12:22:02 AM","33.128361","-96.875687","0","180.1"
"8/28/2026 12:22:03 AM","33.128361","-96.875687","0","180.1"
"8/28/2026 12:22:04 AM","33.128361","-96.875687","0","180.1"
"8/28/2026 12:22:05 AM","33.128361","-96.875687","0","180.1"
"8/28/2026 12:22:06 AM","33.128365","-96.875687","0","180.2"
"8/28/2026 12:22:07 AM","33.128365","-96.875687","0","180.2"
"8/28/2026 12:22:08 AM","33.128365","-96.875687","0","180.1"
"8/28/2026 12:22:09 AM","33.128365","-96.875687","0","180.2"
"8/28/2026 12:22:10 AM","33.128365","-96.875687","0","180.2"
"8/28/2026 12:22:11 AM","33.128365","-96.875687","0","180.2"
"8/28/2026 12:22:12 AM","33.128365","-96.875687","0","180.2"
"8/28/2026 12:22:13 AM","33.128365","-96.875687","0","180.2"
"8/28/2026 12:22:14 AM","33.128365","-96.875687","0","180.2"
"8/28/2026 12:22:15 AM","33.128365","-96.875687","0","180.2"
"8/28/2026 12:22:16 AM","33.128365","-96.875687","0","180.2"
"8/28/2026 12:22:17 AM","33.128365","-96.875687","0","180.2"
"8/28/2026 12:22:18 AM","33.128365","-96.875687","0","180.3"
"8/28/2026 12:22:19 AM","33.128365","-96.875687","0","180.3"
"8/28/2026 12:22:20 AM","33.128365","-96.875687","0","180.3"
"8/28/2026 12:22:21 AM","33.128365","-96.875687","0","180.3"
"8/28/2026 12:22:22 AM","33.128365","-96.875687","0","180.3"
"8/28/2026 12:22:23 AM","33.128365","-96.875687","0","180.3"
"8/28/2026 12:22:24 AM","33.128365","-96.875687","0","180.4"
"8/28/2026 12:22:25 AM","33.128365","-96.875687","0","180.4"
"8/28/2026 12:22:26 AM","33.128365","-96.875687","0","180.4"
"8/28/2026 12:22:27 AM","33.128365","-96.875687","0","180.4"
"8/28/2026 12:22:28 AM","33.128365","-96.875687","0","180.4"
"8/28/2026 12:22:29 AM","33.128365","-96.875687","0","180.4"
"8/28/2026 12:22:30 AM","33.128365","-96.875687","0","180.4"
"8/28/2026 12:22:31 AM","33.128365","-96.875687","0","180.4"
"8/28/2026 12:22:32 AM","33.128365","-96.875687","0","180.4"
"8/28/2026 12:22:33 AM","33.128365","-96.875687","0","180.4"
"8/28/2026 12:22:34 AM","33.128365","-96.875687","0","180.4"
"8/28/2026 12:22:35 AM","33.128361","-96.875687","0","180.4"
"8/28/2026 12:22:36 AM","33.128361","-96.875687","0","180.5"
"8/28/2026 12:22:37 AM","33.128361","-96.875687","0","180.5"
"8/28/2026 12:22:38 AM","33.128361","-96.875687","0","180.5"
"8/28/2026 12:22:39 AM","33.128361","-96.875687","0","180.5"
"8/28/2026 12:22:40 AM","33.128361","-96.875687","0","180.6"
"8/28/2026 12:22:41 AM","33.128361","-96.875687","0","180.6"
"8/28/2026 12:22:42 AM","33.128361","-96.875687","0","180.6"
"8/28/2026 12:22:43 AM","33.128361","-96.875687","0","180.6"
"8/28/2026 12:22:44 AM","33.128361","-96.875687","0","180.6"
"8/28/2026 12:22:45 AM","33.128361","-96.875687","0","180.6"
"8/28/2026 12:22:46 AM","33.128361","-96.875687","0","180.6"
"8/28/2026 12:22:47 AM","33.128361","-96.875687","0","180.6"
"8/28/2026 12:22:48 AM","33.128361","-96.875687","0","180.6"
"8/28/2026 12:22:49 AM","33.128361","-96.875687","0","180.6"
"8/28/2026 12:22:50 AM","33.128361","-96.875687","0","180.6"
"8/28/2026 12:22:51 AM","33.128361","-96.875687","0","180.7"
"8/28/2026 12:22:52 AM","33.128361","-96.875687","0","180.7"
"8/28/2026 12:22:53 AM","33.128361","-96.875687","0","180.7"
"8/28/2026 12:22:54 AM","33.128361","-96.875687","0","180.7"
"8/28/2026 12:22:55 AM","33.128361","-96.875687","0","180.7"
"8/28/2026 12:22:56 AM","33.128357","-96.875687","0","180.7"
"8/28/2026 12:22:57 AM","33.128357","-96.875687","0","180.8"
"8/28/2026 12:22:58 AM","33.128357","-96.875687","0","180.8"
"8/28/2026 12:22:59 AM","33.128357","-96.875687","0","180.7"
"8/28/2026 12:23:00 AM","33.128357","-96.875687","0","180.8"
"8/28/2026 12:23:01 AM","33.128357","-96.875687","0","180.7"
"8/28/2026 12:23:02 AM","33.128357","-96.875687","0","180.8"
"8/28/2026 12:23:03 AM","33.128357","-96.875687","0","180.7"
"8/28/2026 12:23:04 AM","33.128357","-96.875687","0","180.7"
"8/28/2026 12:23:05 AM","33.128357","-96.875687","0","180.7"
"8/28/2026 12:23:06 AM","33.128357","-96.875687","0","180.7"
"8/28/2026 12:23:07 AM","33.128357","-96.875687","0","180.7"
"8/28/2026 12:23:08 AM","33.128357","-96.875687","0","180.7"
"8/28/2026 12:23:09 AM","33.128357","-96.875687","0","180.8"
"8/28/2026 12:23:10 AM","33.128357","-96.875687","0","180.8"
"8/28/2026 12:23:11 AM","33.128357","-96.875687","0","180.8"
"8/28/2026 12:23:12 AM","33.128353","-96.875687","0","180.8"
"8/28/2026 12:23:13 AM","33.128353","-96.875687","0","180.9"
"8/28/2026 12:23:14 AM","33.128353","-96.875687","0","180.9"
"8/28/2026 12:23:15 AM","33.128353","-96.875687","0","180.9"
"8/28/2026 12:23:16 AM","33.128353","-96.875687","0","180.9"
"8/28/2026 12:23:17 AM","33.128353","-96.875687","0","180.9"
"8/28/2026 12:23:18 AM","33.128353","-96.875687","0","180.9"
"8/28/2026 12:23:19 AM","33.128353","-96.875687","0","180.9"
"8/28/2026 12:23:20 AM","33.128353","-96.875687","0","180.9"
"8/28/2026 12:23:21 AM","33.128357","-96.875687","0","180.9"
"8/28/2026 12:23:22 AM","33.128353","-96.875687","0","181"
"8/28/2026 12:23:23 AM","33.128357","-96.875687","0","181"
"8/28/2026 12:23:24 AM","33.128357","-96.875687","0","181"
"8/28/2026 12:23:25 AM","33.128353","-96.875687","0","181"
"8/28/2026 12:23:26 AM","33.128353","-96.875687","0","181.1"
"8/28/2026 12:23:27 AM","33.128353","-96.875687","0","181.1"
"8/28/2026 12:23:28 AM","33.128353","-96.875687","0","181.1"
"8/28/2026 12:23:29 AM","33.128353","-96.875687","0","181.2"
"8/28/2026 12:23:30 AM","33.128353","-96.875687","0","181.2"
"8/28/2026 12:23:31 AM","33.128353","-96.875687","0","181.2"
"8/28/2026 12:23:32 AM","33.128353","-96.875687","0","181.2"
"8/28/2026 12:23:33 AM","33.128353","-96.875687","0","181.2"
"8/28/2026 12:23:34 AM","33.128353","-96.875687","0","181.3"
"8/28/2026 12:23:35 AM","33.128353","-96.875687","0","181.2"
"8/28/2026 12:23:36 AM","33.128353","-96.875687","0","181.3"
"8/28/2026 12:23:37 AM","33.128353","-96.875687","0","181.3"
"8/28/2026 12:23:38 AM","33.128353","-96.875687","0","181.3"
"8/28/2026 12:23:39 AM","33.128353","-96.875687","0","181.3"
"8/28/2026 12:23:40 AM","33.128353","-96.875687","0","181.3"
"8/28/2026 12:23:41 AM","33.128353","-96.875687","0","181.3"
"8/28/2026 12:23:42 AM","33.128353","-96.875687","0","181.3"
"8/28/2026 12:23:43 AM","33.128353","-96.875687","0","181.3"
"8/28/2026 12:23:44 AM","33.128353","-96.875687","0","181.3"
"8/28/2026 12:23:45 AM","33.128353","-96.875687","0","181.3"
"8/28/2026 12:23:46 AM","33.128353","-96.875687","0","181.3"
"8/28/2026 12:23:47 AM","33.128353","-96.875687","0","181.3"
"8/28/2026 12:23:48 AM","33.128349","-96.875687","0","181.3"
"8/28/2026 12:23:49 AM","33.128349","-96.875687","0","181.4"
"8/28/2026 12:23:50 AM","33.128349","-96.875687","0","181.4"
"8/28/2026 12:23:51 AM","33.128349","-96.875687","0","181.4"
"8/28/2026 12:23:52 AM","33.128349","-96.875687","0","181.4"
"8/28/2026 12:23:53 AM","33.128349","-96.875687","0","181.4"
"8/28/2026 12:23:54 AM","33.128353","-96.875687","0","181.4"
"8/28/2026 12:23:55 AM","33.128353","-96.875687","0","181.4"
"8/28/2026 12:23:56 AM","33.128353","-96.875687","0","181.4"
"8/28/2026 12:23:57 AM","33.128353","-96.875687","0","181.4"
"8/28/2026 12:23:58 AM","33.128353","-96.875687","0","181.4"
"8/28/2026 12:23:59 AM","33.128353","-96.875687","0","181.4"
"8/28/2026 12:24:00 AM","33.128353","-96.875687","0","181.4"
"8/28/2026 12:24:01 AM","33.128353","-96.875687","0","181.4"
"8/28/2026 12:24:02 AM","33.128353","-96.875687","0","181.4"
"8/28/2026 12:24:03 AM","33.128353","-96.875687","0","181.5"
"8/28/2026 12:24:04 AM","33.128353","-96.875687","0","181.5"
"8/28/2026 12:24:05 AM","33.128353","-96.875687","0","181.5"
"8/28/2026 12:24:06 AM","33.128353","-96.875687","0","181.5"
"8/28/2026 12:24:07 AM","33.128353","-96.875687","0","181.5"
"8/28/2026 12:24:08 AM","33.128353","-96.875687","0","181.6"
"8/28/2026 12:24:09 AM","33.128353","-96.875687","0","181.6"
"8/28/2026 12:24:10 AM","33.128353","-96.875687","0","181.6"
"8/28/2026 12:24:11 AM","33.128353","-96.875687","0","181.6"
"8/28/2026 12:24:12 AM","33.128353","-96.875687","0","181.6"
"8/28/2026 12:24:13 AM","33.128353","-96.875687","0","181.6"
"8/28/2026 12:24:14 AM","33.128353","-96.875687","0","181.6"
"8/28/2026 12:24:15 AM","33.128353","-96.875687","0","181.6"
"8/28/2026 12:24:16 AM","33.128353","-96.875687","0","181.6"
"8/28/2026 12:24:17 AM","33.128353","-96.875687","0","181.6"
"8/28/2026 12:24:18 AM","33.128353","-96.875687","0","181.6"
"8/28/2026 12:24:19 AM","33.128353","-96.875687","0","181.6"
"8/28/2026 12:24:20 AM","33.128353","-96.875687","0","181.6"
"8/28/2026 12:24:21 AM","33.128353","-96.875687","0","181.6"
"8/28/2026 12:24:22 AM","33.128349","-96.875687","0","181.6"
"8/28/2026 12:24:23 AM","33.128349","-96.875687","0","181.6"
"8/28/2026 12:24:24 AM","33.128349","-96.875687","0","181.6"
"8/28/2026 12:24:25 AM","33.128349","-96.875687","0","181.7"
"8/28/2026 12:24:26 AM","33.128349","-96.875687","0","181.6"
"8/28/2026 12:24:27 AM","33.128349","-96.875687","0","181.6"
"8/28/2026 12:24:28 AM","33.128349","-96.875687","0","181.6"
"8/28/2026 12:24:29 AM","33.128349","-96.875687","0","181.6"
"8/28/2026 12:24:30 AM","33.128349","-96.875687","0","181.6"
"8/28/2026 12:24:31 AM","33.128345","-96.875687","0","181.6"
"8/28/2026 12:24:32 AM","33.128345","-96.875687","0","181.6"
"8/28/2026 12:24:33 AM","33.128345","-96.875687","0","181.6"
"8/28/2026 12:24:34 AM","33.128345","-96.875687","0","181.6"
"8/28/2026 12:24:35 AM","33.128345","-96.875687","0","181.6"
"8/28/2026 12:24:36 AM","33.128345","-96.875687","0","181.5"
"8/28/2026 12:24:37 AM","33.128345","-96.875687","0","181.6"
"8/28/2026 12:24:38 AM","33.128345","-96.875687","0","181.6"
"8/28/2026 12:24:39 AM","33.128345","-96.875687","0","181.5"
"8/28/2026 12:24:40 AM","33.128345","-96.875687","0","181.5"
"8/28/2026 12:24:41 AM","33.128345","-96.875687","0","181.5"
"8/28/2026 12:24:42 AM","33.128345","-96.875664","0","181.6"
"8/28/2026 12:24:43 AM","33.128345","-96.875664","0","181.6"
"8/28/2026 12:24:44 AM","33.128345","-96.875664","0","181.6"
"8/28/2026 12:24:45 AM","33.128345","-96.875664","0","181.6"
"8/28/2026 12:24:46 AM","33.128345","-96.875664","0","181.6"
"8/28/2026 12:24:47 AM","33.128345","-96.875664","0","181.6"
"8/28/2026 12:24:48 AM","33.128345","-96.875664","0","181.7"
"8/28/2026 12:24:49 AM","33.128345","-96.875664","0","181.7"
"8/28/2026 12:24:50 AM","33.128345","-96.875664","0","181.7"
"8/28/2026 12:24:51 AM","33.128342","-96.875664","0","181.7"
"8/28/2026 12:24:52 AM","33.128342","-96.875664","0","181.7"
"8/28/2026 12:24:53 AM","33.128342","-96.875664","0","181.7"
"8/28/2026 12:24:54 AM","33.128342","-96.875664","0","181.7"
"8/28/2026 12:24:55 AM","33.128342","-96.875664","0","181.7"
"8/28/2026 12:24:56 AM","33.128342","-96.875687","0","181.7"
"8/28/2026 12:24:57 AM","33.128342","-96.875687","0","181.7"
"8/28/2026 12:24:58 AM","33.128342","-96.875687","0","181.8"
"8/28/2026 12:24:59 AM","33.128342","-96.875687","0","181.8"
"8/28/2026 12:25:00 AM","33.128338","-96.875687","0","181.8"
"8/28/2026 12:25:01 AM","33.128338","-96.875687","0","181.8"
"8/28/2026 12:25:02 AM","33.128338","-96.875687","0","181.8"
"8/28/2026 12:25:03 AM","33.128338","-96.875687","0","181.8"
"8/28/2026 12:25:04 AM","33.128338","-96.875687","0","181.8"
"8/28/2026 12:25:05 AM","33.128338","-96.875687","0","181.8"
"8/28/2026 12:25:06 AM","33.128338","-96.875687","0","181.8"
"8/28/2026 12:25:07 AM","33.128338","-96.875687","0","181.9"
"8/28/2026 12:25:08 AM","33.128342","-96.875687","0","181.9"
"8/28/2026 12:25:09 AM","33.128342","-96.875687","0","181.9"
"8/28/2026 12:25:10 AM","33.128342","-96.875687","0","181.9"
"8/28/2026 12:25:11 AM","33.128342","-96.875687","0","181.9"
"8/28/2026 12:25:12 AM","33.128342","-96.875687","0","181.9"
"8/28/2026 12:25:13 AM","33.128342","-96.875687","0","181.9"
"8/28/2026 12:25:14 AM","33.128342","-96.875687","0","181.9"
"8/28/2026 12:25:15 AM","33.128342","-96.875687","0","181.9"
"8/28/2026 12:25:16 AM","33.128342","-96.875687","0","182"
"8/28/2026 12:25:17 AM","33.128342","-96.875687","0","182"
"8/28/2026 12:25:18 AM","33.128342","-96.875687","0","182"
"8/28/2026 12:25:19 AM","33.128342","-96.875687","0","182.1"
"8/28/2026 12:25:20 AM","33.128342","-96.875687","0","182.1"
"8/28/2026 12:25:21 AM","33.128342","-96.875687","0","182.1"
"8/28/2026 12:25:22 AM","33.128345","-96.875687","0","182.2"
"8/28/2026 12:25:23 AM","33.128345","-96.875687","0","182.2"
"8/28/2026 12:25:24 AM","33.128345","-96.875687","0","182.2"
"8/28/2026 12:25:25 AM","33.128345","-96.875687","0","182.2"
"8/28/2026 12:25:26 AM","33.128345","-96.875687","0","182.3"
"8/28/2026 12:25:27 AM","33.128345","-96.875687","0","182.3"
"8/28/2026 12:25:28 AM","33.128345","-96.875687","0","182.3"
"8/28/2026 12:25:29 AM","33.128345","-96.875687","0","182.3"
"8/28/2026 12:25:30 AM","33.128345","-96.875687","0","182.3"
"8/28/2026 12:25:31 AM","33.128345","-96.875687","0","182.3"
"8/28/2026 12:25:32 AM","33.128345","-96.875687","0","182.3"
"8/28/2026 12:25:33 AM","33.128345","-96.875687","0","182.4"
"8/28/2026 12:25:34 AM","33.128345","-96.875687","0","182.4"
"8/28/2026 12:25:35 AM","33.128345","-96.875687","0","182.4"
"8/28/2026 12:25:36 AM","33.128345","-96.875687","0","182.4"
"8/28/2026 12:25:37 AM","33.128345","-96.875687","0","182.5"
"8/28/2026 12:25:38 AM","33.128345","-96.875687","0","182.5"
"8/28/2026 12:25:39 AM","33.128345","-96.875687","0","182.5"
"8/28/2026 12:25:40 AM","33.128345","-96.875687","0","182.6"
"8/28/2026 12:25:41 AM","33.128345","-96.875664","0","182.6"
"8/28/2026 12:25:42 AM","33.128345","-96.875664","0","182.6"
"8/28/2026 12:25:43 AM","33.128345","-96.875664","0","182.6"
"8/28/2026 12:25:44 AM","33.128345","-96.875664","0","182.6"
"8/28/2026 12:25:45 AM","33.128349","-96.875664","0","182.6"
"8/28/2026 12:25:46 AM","33.128349","-96.875664","0","182.6"
"8/28/2026 12:25:47 AM","33.128349","-96.875664","0","182.6"
"8/28/2026 12:25:48 AM","33.128349","-96.875664","0","182.7"
"8/28/2026 12:25:49 AM","33.128349","-96.875664","0","182.7"
"8/28/2026 12:25:50 AM","33.128345","-96.875687","0","182.7"
"8/28/2026 12:25:51 AM","33.128345","-96.875687","0","182.7"
"8/28/2026 12:25:52 AM","33.128345","-96.875687","0","182.7"
"8/28/2026 12:25:53 AM","33.128345","-96.875687","0","182.7"
"8/28/2026 12:25:54 AM","33.128345","-96.875687","0","182.7"
"8/28/2026 12:25:55 AM","33.128345","-96.875687","0","182.8"
"8/28/2026 12:25:56 AM","33.128345","-96.875687","0","182.8"
"8/28/2026 12:25:57 AM","33.128345","-96.875687","0","182.8"
"8/28/2026 12:25:58 AM","33.128345","-96.875687","0","182.9"
"8/28/2026 12:25:59 AM","33.128345","-96.875687","0","182.9"
"8/28/2026 12:26:00 AM","33.128345","-96.875687","0","182.9"
"8/28/2026 12:26:01 AM","33.128345","-96.875687","0","182.9"
"8/28/2026 12:26:02 AM","33.128345","-96.875687","0","182.9"
"8/28/2026 12:26:03 AM","33.128345","-96.875687","0","182.9"
"8/28/2026 12:26:04 AM","33.128345","-96.875687","0","182.9"
"8/28/2026 12:26:05 AM","33.128345","-96.875687","0","182.9"
"8/28/2026 12:26:06 AM","33.128345","-96.875687","0","183"
"8/28/2026 12:26:07 AM","33.128345","-96.875687","0","183"
"8/28/2026 12:26:08 AM","33.128345","-96.875687","0","183"
"8/28/2026 12:26:09 AM","33.128345","-96.875687","0","183"
"8/28/2026 12:26:10 AM","33.128345","-96.875687","0","183"
"8/28/2026 12:26:11 AM","33.128342","-96.875687","0","183"
"8/28/2026 12:26:12 AM","33.128342","-96.875687","0","183"
"8/28/2026 12:26:13 AM","33.128342","-96.875687","0","183"
"8/28/2026 12:26:14 AM","33.128342","-96.875687","0","183.1"
"8/28/2026 12:26:15 AM","33.128342","-96.875687","0","183.1"
"8/28/2026 12:26:16 AM","33.128342","-96.875687","0","183.1"
"8/28/2026 12:26:17 AM","33.128342","-96.875687","0","183.1"
"8/28/2026 12:26:18 AM","33.128338","-96.875687","0","183.2"
"8/28/2026 12:26:19 AM","33.128338","-96.875687","0","183.2"
"8/28/2026 12:26:20 AM","33.128338","-96.875687","0","183.2"
"8/28/2026 12:26:21 AM","33.128338","-96.875687","0","183.2"
"8/28/2026 12:26:22 AM","33.128338","-96.875687","0","183.2"
"8/28/2026 12:26:23 AM","33.128338","-96.875687","0","183.3"
"8/28/2026 12:26:24 AM","33.128338","-96.875687","0","183.3"
"8/28/2026 12:26:25 AM","33.128338","-96.875687","0","183.3"
"8/28/2026 12:26:26 AM","33.128338","-96.875687","0","183.3"
"8/28/2026 12:26:27 AM","33.128338","-96.875687","0","183.4"
"8/28/2026 12:26:28 AM","33.128338","-96.875687","0","183.4"
"8/28/2026 12:26:29 AM","33.128338","-96.875687","0","183.4"
"8/28/2026 12:26:30 AM","33.128338","-96.875687","0","183.4"
"8/28/2026 12:26:31 AM","33.128338","-96.875687","0","183.5"
"8/28/2026 12:26:32 AM","33.128338","-96.875687","0","183.5"
"8/28/2026 12:26:33 AM","33.128338","-96.875687","0","183.5"
"8/28/2026 12:26:34 AM","33.128338","-96.875687","0","183.5"
"8/28/2026 12:26:35 AM","33.128338","-96.875687","0","183.5"
"8/28/2026 12:26:36 AM","33.128338","-96.875687","0","183.5"
"8/28/2026 12:26:37 AM","33.128338","-96.875687","0","183.6"
"8/28/2026 12:26:38 AM","33.128342","-96.875687","0","183.5"
"8/28/2026 12:26:39 AM","33.128342","-96.875687","0","183.6"
"8/28/2026 12:26:40 AM","33.128342","-96.875687","0","183.5"
"8/28/2026 12:26:41 AM","33.128342","-96.875687","0","183.5"
"8/28/2026 12:26:42 AM","33.128342","-96.875687","0","183.5"
"8/28/2026 12:26:43 AM","33.128342","-96.875687","0","183.5"
"8/28/2026 12:26:44 AM","33.128342","-96.875687","0","183.5"
"8/28/2026 12:26:45 AM","33.128342","-96.875687","0","183.5"
"8/28/2026 12:26:46 AM","33.128345","-96.875687","0","183.5"
"8/28/2026 12:26:47 AM","33.128345","-96.875687","0","183.5"
"8/28/2026 12:26:48 AM","33.128345","-96.875687","0","183.5"
"8/28/2026 12:26:49 AM","33.128345","-96.875687","0","183.5"
"8/28/2026 12:26:50 AM","33.128345","-96.875687","0","183.5"
"8/28/2026 12:26:51 AM","33.128345","-96.875687","0","183.6"
"8/28/2026 12:26:52 AM","33.128345","-96.875687","0","183.5"
"8/28/2026 12:26:53 AM","33.128345","-96.875702","0","183.6"
"8/28/2026 12:26:54 AM","33.128345","-96.875687","0","183.6"
"8/28/2026 12:26:55 AM","33.128345","-96.875687","0","183.6"
"8/28/2026 12:26:56 AM","33.128345","-96.875702","0","183.6"
"8/28/2026 12:26:57 AM","33.128345","-96.875702","0","183.6"
"8/28/2026 12:26:58 AM","33.128345","-96.875702","0","183.7"
"8/28/2026 12:26:59 AM","33.128345","-96.875702","0","183.7"
"8/28/2026 12:27:00 AM","33.128345","-96.875702","0","183.7"
"8/28/2026 12:27:01 AM","33.128345","-96.875702","0","183.7"
"8/28/2026 12:27:02 AM","33.128345","-96.875702","0","183.7"
"8/28/2026 12:27:03 AM","33.128345","-96.875702","0","183.7"
"8/28/2026 12:27:04 AM","33.128345","-96.875702","0","183.7"
"8/28/2026 12:27:05 AM","33.128345","-96.875702","0","183.8"
"8/28/2026 12:27:06 AM","33.128349","-96.875702","0","183.8"
"8/28/2026 12:27:07 AM","33.128349","-96.875702","0","183.8"
"8/28/2026 12:27:08 AM","33.128349","-96.875702","0","183.9"
"8/28/2026 12:27:09 AM","33.128349","-96.875702","0","183.9"
"8/28/2026 12:27:10 AM","33.128349","-96.875702","0","183.9"
"8/28/2026 12:27:11 AM","33.128349","-96.875702","0","183.9"
"8/28/2026 12:27:12 AM","33.128349","-96.875702","0","183.9"
"8/28/2026 12:27:13 AM","33.128349","-96.875702","0","184"
"8/28/2026 12:27:14 AM","33.128349","-96.875702","0","184"
"8/28/2026 12:27:15 AM","33.128349","-96.875702","0","184"
"8/28/2026 12:27:16 AM","33.128349","-96.875702","0","184"
"8/28/2026 12:27:17 AM","33.128349","-96.875702","0","184"
"8/28/2026 12:27:18 AM","33.128349","-96.875702","0","184.1"
"8/28/2026 12:27:19 AM","33.128349","-96.875702","0","184.1"
"8/28/2026 12:27:20 AM","33.128349","-96.875702","0","184.1"
"8/28/2026 12:27:21 AM","33.128349","-96.875702","0","184.1"
"8/28/2026 12:27:22 AM","33.128349","-96.875702","0","184.2"
"8/28/2026 12:27:23 AM","33.128345","-96.875702","0","184.2"
"8/28/2026 12:27:24 AM","33.128345","-96.875702","0","184.2"
"8/28/2026 12:27:25 AM","33.128345","-96.875702","0","184.2"
"8/28/2026 12:27:26 AM","33.128345","-96.875702","0","184.2"
"8/28/2026 12:27:27 AM","33.128345","-96.875702","0","184.2"
"8/28/2026 12:27:28 AM","33.128345","-96.875702","0","184.2"
"8/28/2026 12:27:29 AM","33.128345","-96.875702","0","184.3"
"8/28/2026 12:27:30 AM","33.128345","-96.875702","0","184.3"
"8/28/2026 12:27:31 AM","33.128345","-96.875702","0","184.3"
"8/28/2026 12:27:32 AM","33.128345","-96.875702","0","184.3"
"8/28/2026 12:27:33 AM","33.128345","-96.875702","0","184.3"
"8/28/2026 12:27:34 AM","33.128345","-96.875702","0","184.3"
"8/28/2026 12:27:35 AM","33.128345","-96.875702","0","184.3"
"8/28/2026 12:27:36 AM","33.128345","-96.875702","0","184.3"
"8/28/2026 12:27:37 AM","33.128345","-96.875702","0","184.3"
"8/28/2026 12:27:38 AM","33.128345","-96.875702","0","184.3"
"8/28/2026 12:27:39 AM","33.128345","-96.875702","0","184.3"
"8/28/2026 12:27:40 AM","33.128345","-96.875702","0","184.3"
"8/28/2026 12:27:41 AM","33.128345","-96.875702","0","184.3"
"8/28/2026 12:27:42 AM","33.128345","-96.875702","0","184.3"
"8/28/2026 12:27:43 AM","33.128349","-96.875702","0","184.3"
"8/28/2026 12:27:44 AM","33.128349","-96.875702","0","184.3"
"8/28/2026 12:27:45 AM","33.128349","-96.875702","0","184.3"
"8/28/2026 12:27:46 AM","33.128349","-96.875702","0","184.3"
"8/28/2026 12:27:47 AM","33.128349","-96.875702","0","184.3"
"8/28/2026 12:27:48 AM","33.128349","-96.875702","0","184.3"
"8/28/2026 12:27:49 AM","33.128349","-96.875702","0","184.3"
"8/28/2026 12:27:50 AM","33.128349","-96.875702","0","184.3"
"8/28/2026 12:27:51 AM","33.128349","-96.875702","0","184.3"
"8/28/2026 12:27:52 AM","33.128349","-96.875702","0","184.3"
"8/28/2026 12:27:53 AM","33.128349","-96.875702","0","184.3"
"8/28/2026 12:27:54 AM","33.128349","-96.875702","0","184.3"
"8/28/2026 12:27:55 AM","33.128349","-96.875702","0","184.3"
"8/28/2026 12:27:56 AM","33.128349","-96.875702","0","184.3"
"8/28/2026 12:27:57 AM","33.128349","-96.875702","0","184.3"
"8/28/2026 12:27:58 AM","33.128349","-96.875702","0","184.3"
"8/28/2026 12:27:59 AM","33.128349","-96.875702","0","184.3"
"8/28/2026 12:28:00 AM","33.128349","-96.875702","0","184.3"
"8/28/2026 12:28:01 AM","33.128349","-96.875702","0","184.3"
"8/28/2026 12:28:02 AM","33.128349","-96.875702","0","184.3"
"8/28/2026 12:28:03 AM","33.128349","-96.875702","0","184.3"
"8/28/2026 12:28:04 AM","33.128349","-96.875702","0","184.4"
"8/28/2026 12:28:05 AM","33.128349","-96.875702","0","184.3"
"8/28/2026 12:28:06 AM","33.128349","-96.875702","0","184.3"
"8/28/2026 12:28:07 AM","33.128349","-96.875702","0","184.3"
"8/28/2026 12:28:08 AM","33.128349","-96.875702","0","184.3"
"8/28/2026 12:28:09 AM","33.128349","-96.875702","0","184.3"
"8/28/2026 12:28:10 AM","33.128349","-96.875702","0","184.3"
"8/28/2026 12:28:11 AM","33.128349","-96.875702","0","184.3"
"8/28/2026 12:28:12 AM","33.128349","-96.875702","0","184.4"
"8/28/2026 12:28:13 AM","33.128353","-96.875702","0","184.3"
"8/28/2026 12:28:14 AM","33.128353","-96.875702","0","184.3"
"8/28/2026 12:28:15 AM","33.128353","-96.875702","0","184.3"
"8/28/2026 12:28:16 AM","33.128353","-96.875702","0","184.3"
"8/28/2026 12:28:17 AM","33.128353","-96.875702","0","184.3"
"8/28/2026 12:28:18 AM","33.128353","-96.875702","0","184.3"
"8/28/2026 12:28:19 AM","33.128353","-96.875702","0","184.3"
"8/28/2026 12:28:20 AM","33.128353","-96.875702","0","184.3"
"8/28/2026 12:28:21 AM","33.128353","-96.875702","0","184.3"
"8/28/2026 12:28:22 AM","33.128353","-96.875702","0","184.3"
"8/28/2026 12:28:23 AM","33.128353","-96.875702","0","184.3"
"8/28/2026 12:28:24 AM","33.128353","-96.875702","0","184.3"
"8/28/2026 12:28:25 AM","33.128353","-96.875702","0","184.3"
"8/28/2026 12:28:26 AM","33.128353","-96.875702","0","184.2"
"8/28/2026 12:28:27 AM","33.128353","-96.875702","0","184.2"
"8/28/2026 12:28:28 AM","33.128353","-96.875702","0","184.2"
"8/28/2026 12:28:29 AM","33.128353","-96.875702","0","184.2"
"8/28/2026 12:28:30 AM","33.128353","-96.875702","0","184.2"
"8/28/2026 12:28:31 AM","33.128353","-96.875702","0","184.2"
"8/28/2026 12:28:32 AM","33.128353","-96.875702","0","184.2"
"8/28/2026 12:28:33 AM","33.128353","-96.875702","0","184.1"
"8/28/2026 12:28:34 AM","33.128353","-96.875702","0","184.1"
"8/28/2026 12:28:35 AM","33.128353","-96.875702","0","184.1"
"8/28/2026 12:28:36 AM","33.128353","-96.875702","0","184.1"
"8/28/2026 12:28:37 AM","33.128353","-96.875702","0","184.1"
"8/28/2026 12:28:38 AM","33.128353","-96.875702","0","184.1"
"8/28/2026 12:28:39 AM","33.128353","-96.875702","0","184"
"8/28/2026 12:28:40 AM","33.128353","-96.875702","0","184"
"8/28/2026 12:28:41 AM","33.128353","-96.875702","0","184"
"8/28/2026 12:28:42 AM","33.128353","-96.875702","0","184"
"8/28/2026 12:28:43 AM","33.128353","-96.875702","0","184"
"8/28/2026 12:28:44 AM","33.128353","-96.875702","0","184"
"8/28/2026 12:28:45 AM","33.128357","-96.875702","0","184"
"8/28/2026 12:28:46 AM","33.128353","-96.875702","0","184"
"8/28/2026 12:28:47 AM","33.128353","-96.875702","0","184"
"8/28/2026 12:28:48 AM","33.128353","-96.875702","0","184"
"8/28/2026 12:28:49 AM","33.128353","-96.875702","0","184"
"8/28/2026 12:28:50 AM","33.128353","-96.875702","0","184"
"8/28/2026 12:28:51 AM","33.128353","-96.875702","0","184"
"8/28/2026 12:28:52 AM","33.128353","-96.875702","0","184"
"8/28/2026 12:28:53 AM","33.128353","-96.875702","0","183.9"
"8/28/2026 12:28:54 AM","33.128353","-96.875702","0","184"
"8/28/2026 12:28:55 AM","33.128357","-96.875702","0","183.9"
"8/28/2026 12:28:56 AM","33.128357","-96.875702","0","183.9"
"8/28/2026 12:28:57 AM","33.128353","-96.875702","0","183.9"
"8/28/2026 12:28:58 AM","33.128353","-96.875687","0","183.9"
"8/28/2026 12:28:59 AM","33.128353","-96.875687","0","183.9"
"8/28/2026 12:29:00 AM","33.128353","-96.875687","0","183.9"
"8/28/2026 12:29:01 AM","33.128353","-96.875687","0","183.9"
"8/28/2026 12:29:02 AM","33.128353","-96.875687","0","183.9"
"8/28/2026 12:29:03 AM","33.128353","-96.875687","0","183.9"
"8/28/2026 12:29:04 AM","33.128353","-96.875687","0","183.9"
"8/28/2026 12:29:05 AM","33.128353","-96.875702","0","183.9"
"8/28/2026 12:29:06 AM","33.128353","-96.875702","0","183.9"
"8/28/2026 12:29:07 AM","33.128353","-96.875702","0","183.9"
"8/28/2026 12:29:08 AM","33.128353","-96.875702","0","183.9"
"8/28/2026 12:29:09 AM","33.128353","-96.875702","0","183.8"
"8/28/2026 12:29:10 AM","33.128353","-96.875702","0","183.8"
"8/28/2026 12:29:11 AM","33.128353","-96.875702","0","183.8"
"8/28/2026 12:29:12 AM","33.128353","-96.875702","0","183.8"
"8/28/2026 12:29:13 AM","33.128353","-96.875702","0","183.8"
"8/28/2026 12:29:14 AM","33.128353","-96.875702","0","183.8"
"8/28/2026 12:29:15 AM","33.128353","-96.875702","0","183.8"
"8/28/2026 12:29:16 AM","33.128353","-96.875702","0","183.9"
"8/28/2026 12:29:17 AM","33.128353","-96.875702","0","183.9"
"8/28/2026 12:29:18 AM","33.128353","-96.875702","0","183.9"
"8/28/2026 12:29:19 AM","33.128353","-96.875702","0","183.9"
"8/28/2026 12:29:20 AM","33.128353","-96.875702","0","183.9"
"8/28/2026 12:29:21 AM","33.128353","-96.875702","0","184"
"8/28/2026 12:29:22 AM","33.128353","-96.875702","0","184"
"8/28/2026 12:29:23 AM","33.128349","-96.875702","0","184"
"8/28/2026 12:29:24 AM","33.128349","-96.875702","0","184"
"8/28/2026 12:29:25 AM","33.128349","-96.875702","0","184"
"8/28/2026 12:29:26 AM","33.128349","-96.875702","0","184"
"8/28/2026 12:29:27 AM","33.128349","-96.875702","0","184"
"8/28/2026 12:29:28 AM","33.128349","-96.875702","0","184"
"8/28/2026 12:29:29 AM","33.128349","-96.875702","0","184.1"
"8/28/2026 12:29:30 AM","33.128349","-96.875702","0","184.1"
"8/28/2026 12:29:31 AM","33.128349","-96.875702","0","184.1"
"8/28/2026 12:29:32 AM","33.128349","-96.875702","0","184.1"
"8/28/2026 12:29:33 AM","33.128349","-96.875702","0","184.1"
"8/28/2026 12:29:34 AM","33.128345","-96.875702","0","184.1"
"8/28/2026 12:29:35 AM","33.128345","-96.875702","0","184.2"
"8/28/2026 12:29:36 AM","33.128345","-96.875702","0","184.1"
"8/28/2026 12:29:37 AM","33.128345","-96.875702","0","184.2"
"8/28/2026 12:29:38 AM","33.128345","-96.875702","0","184.2"
"8/28/2026 12:29:39 AM","33.128345","-96.875702","0","184.2"
"8/28/2026 12:29:40 AM","33.128345","-96.875702","0","184.3"
"8/28/2026 12:29:41 AM","33.128345","-96.875702","0","184.3"
"8/28/2026 12:29:42 AM","33.128345","-96.875702","0","184.4"
"8/28/2026 12:29:43 AM","33.128345","-96.875702","0","184.4"
"8/28/2026 12:29:44 AM","33.128345","-96.875702","0","184.4"
"8/28/2026 12:29:45 AM","33.128345","-96.875702","0","184.5"
"8/28/2026 12:29:46 AM","33.128345","-96.875702","0","184.5"
"8/28/2026 12:29:47 AM","33.128345","-96.875702","0","184.5"
"8/28/2026 12:29:48 AM","33.128345","-96.875702","0","184.5"
"8/28/2026 12:29:49 AM","33.128345","-96.875702","0","184.6"
"8/28/2026 12:29:50 AM","33.128345","-96.875702","0","184.6"
"8/28/2026 12:29:51 AM","33.128345","-96.875702","0","184.6"
"8/28/2026 12:29:52 AM","33.128345","-96.875702","0","184.7"
"8/28/2026 12:29:53 AM","33.128345","-96.875702","0","184.7"
"8/28/2026 12:29:54 AM","33.128345","-96.875702","0","184.7"
"8/28/2026 12:29:55 AM","33.128345","-96.875702","0","184.8"
"8/28/2026 12:29:56 AM","33.128345","-96.875702","0","184.8"
"8/28/2026 12:29:57 AM","33.128345","-96.875702","0","184.8"
"8/28/2026 12:29:58 AM","33.128345","-96.875702","0","184.8"
"8/28/2026 12:29:59 AM","33.128345","-96.875702","0","184.9"
"8/28/2026 12:30:00 AM","33.128345","-96.875702","0","184.9"
"8/28/2026 12:30:01 AM","33.128345","-96.875702","0","184.9"
"8/28/2026 12:30:02 AM","33.128345","-96.875702","0","184.9"
"8/28/2026 12:30:03 AM","33.128342","-96.875702","0","185"
"8/28/2026 12:30:04 AM","33.128342","-96.875702","0","185"
"8/28/2026 12:30:05 AM","33.128342","-96.875702","0","184.9"
"8/28/2026 12:30:06 AM","33.128342","-96.875702","0","184.9"
"8/28/2026 12:30:07 AM","33.128342","-96.875717","0","184.9"
"8/28/2026 12:30:08 AM","33.128342","-96.875717","0","184.9"
"8/28/2026 12:30:09 AM","33.128342","-96.875717","0","185"
"8/28/2026 12:30:10 AM","33.128342","-96.875717","0","184.9"
"8/28/2026 12:30:11 AM","33.128342","-96.875717","0","184.9"
"8/28/2026 12:30:12 AM","33.128342","-96.875717","0","184.9"
"8/28/2026 12:30:13 AM","33.128342","-96.875717","0","184.9"
"8/28/2026 12:30:14 AM","33.128342","-96.875717","0","184.9"
"8/28/2026 12:30:15 AM","33.128338","-96.875717","0","184.9"
"8/28/2026 12:30:16 AM","33.128338","-96.875717","0","184.9"
"8/28/2026 12:30:17 AM","33.128338","-96.875717","0","184.9"
"8/28/2026 12:30:18 AM","33.128338","-96.875717","0","184.9"
"8/28/2026 12:30:19 AM","33.128338","-96.875717","0","184.9"
"8/28/2026 12:30:20 AM","33.128338","-96.875717","0","184.9"
"8/28/2026 12:30:21 AM","33.128338","-96.875717","0","184.9"
"8/28/2026 12:30:22 AM","33.128338","-96.875717","0","184.9"
"8/28/2026 12:30:23 AM","33.128338","-96.875717","0","184.9"
"8/28/2026 12:30:24 AM","33.128338","-96.875717","0","184.8"
"8/28/2026 12:30:25 AM","33.128338","-96.875717","0","184.8"
"8/28/2026 12:30:26 AM","33.128338","-96.875717","0","184.8"
"8/28/2026 12:30:27 AM","33.128338","-96.875717","0","184.8"
"8/28/2026 12:30:28 AM","33.128338","-96.875717","0","184.8"
"8/28/2026 12:30:29 AM","33.128338","-96.875717","0","184.8"
"8/28/2026 12:30:30 AM","33.128342","-96.875717","0","184.8"
"8/28/2026 12:30:31 AM","33.128342","-96.875717","0","184.9"
"8/28/2026 12:30:32 AM","33.128342","-96.875717","0","184.9"
"8/28/2026 12:30:33 AM","33.128342","-96.875717","0","184.9"
"8/28/2026 12:30:34 AM","33.128342","-96.875717","0","184.9"
"8/28/2026 12:30:35 AM","33.128342","-96.875717","0","184.9"
"8/28/2026 12:30:36 AM","33.128342","-96.875717","0","185"
"8/28/2026 12:30:37 AM","33.128342","-96.875717","0","185"
"8/28/2026 12:30:38 AM","33.128342","-96.875717","0","185"
"8/28/2026 12:30:39 AM","33.128342","-96.875717","0","185"
"8/28/2026 12:30:40 AM","33.128342","-96.875717","0","185"
"8/28/2026 12:30:41 AM","33.128342","-96.875717","0","185"
"8/28/2026 12:30:42 AM","33.128342","-96.875717","0","185"
"8/28/2026 12:30:43 AM","33.128342","-96.875717","0","185.1"
"8/28/2026 12:30:44 AM","33.128342","-96.875717","0","185"
"8/28/2026 12:30:45 AM","33.128342","-96.875717","0","185"
"8/28/2026 12:30:46 AM","33.128342","-96.875717","0","185.1"
"8/28/2026 12:30:47 AM","33.128342","-96.875717","0","185"
"8/28/2026 12:30:48 AM","33.128342","-96.875717","0","185"
"8/28/2026 12:30:49 AM","33.128342","-96.875717","0","185"
"8/28/2026 12:30:50 AM","33.128342","-96.875717","0","185"
"8/28/2026 12:30:51 AM","33.128342","-96.875717","0","185"
"8/28/2026 12:30:52 AM","33.128342","-96.875717","0","185"
"8/28/2026 12:30:53 AM","33.128342","-96.875717","0","185"
"8/28/2026 12:30:54 AM","33.128342","-96.875717","0","185"
"8/28/2026 12:30:55 AM","33.128342","-96.875717","0","185.1"
"8/28/2026 12:30:56 AM","33.128342","-96.875717","0","185"
"8/28/2026 12:30:57 AM","33.128342","-96.875717","0","185.1"
"8/28/2026 12:30:58 AM","33.128342","-96.875717","0","185.1"
"8/28/2026 12:30:59 AM","33.128338","-96.875717","0","185.1"
"8/28/2026 12:31:00 AM","33.128338","-96.875717","0","185.1"
"8/28/2026 12:31:01 AM","33.128338","-96.875717","0","185.1"
"8/28/2026 12:31:02 AM","33.128338","-96.875732","0","185.1"
"8/28/2026 12:31:03 AM","33.128338","-96.875732","0","185.1"
"8/28/2026 12:31:04 AM","33.128338","-96.875732","0","185.1"
"8/28/2026 12:31:05 AM","33.128338","-96.875732","0","185.1"
"8/28/2026 12:31:06 AM","33.128338","-96.875732","0","185.1"
"8/28/2026 12:31:07 AM","33.128338","-96.875732","0","185.1"
"8/28/2026 12:31:08 AM","33.128338","-96.875732","0","185.1"
"8/28/2026 12:31:09 AM","33.128338","-96.875732","0","185.1"
"8/28/2026 12:31:10 AM","33.128338","-96.875732","0","185.1"
"8/28/2026 12:31:11 AM","33.128338","-96.875732","0","185"
"8/28/2026 12:31:12 AM","33.128338","-96.875732","0","185"
"8/28/2026 12:31:13 AM","33.128338","-96.875732","0","185"
"8/28/2026 12:31:14 AM","33.128338","-96.875732","0","185"
"8/28/2026 12:31:15 AM","33.128338","-96.875732","0","185"
"8/28/2026 12:31:16 AM","33.128338","-96.875732","0","185"
"8/28/2026 12:31:17 AM","33.128338","-96.875732","0","185"
"8/28/2026 12:31:18 AM","33.128338","-96.875732","0","185"
"8/28/2026 12:31:19 AM","33.128338","-96.875732","0","185"
"8/28/2026 12:31:20 AM","33.128338","-96.875732","0","185"
"8/28/2026 12:31:21 AM","33.128338","-96.875732","0","184.9"
"8/28/2026 12:31:22 AM","33.128338","-96.875732","0","184.9"
"8/28/2026 12:31:23 AM","33.128338","-96.875732","0","184.9"
"8/28/2026 12:31:24 AM","33.128338","-96.875732","0","184.9"
"8/28/2026 12:31:25 AM","33.128338","-96.875732","0","184.9"
"8/28/2026 12:31:26 AM","33.128338","-96.875732","0","184.9"
"8/28/2026 12:31:27 AM","33.128338","-96.875732","0","184.9"
"8/28/2026 12:31:28 AM","33.128338","-96.875732","0","184.9"
"8/28/2026 12:31:29 AM","33.128338","-96.875732","0","184.8"
"8/28/2026 12:31:30 AM","33.128338","-96.875732","0","184.8"
"8/28/2026 12:31:31 AM","33.128338","-96.875732","0","184.8"
"8/28/2026 12:31:32 AM","33.128338","-96.875732","0","184.7"
"8/28/2026 12:31:33 AM","33.128338","-96.875732","0","184.7"
"8/28/2026 12:31:34 AM","33.128338","-96.875732","0","184.7"
"8/28/2026 12:31:35 AM","33.128338","-96.875732","0","184.7"
"8/28/2026 12:31:36 AM","33.128338","-96.875732","0","184.7"
"8/28/2026 12:31:37 AM","33.128338","-96.875732","0","184.7"
"8/28/2026 12:31:38 AM","33.128338","-96.875732","0","184.7"
"8/28/2026 12:31:39 AM","33.128338","-96.875732","0","184.7"
"8/28/2026 12:31:40 AM","33.128338","-96.875732","0","184.7"
"8/28/2026 12:31:41 AM","33.128338","-96.875732","0","184.6"
"8/28/2026 12:31:42 AM","33.128338","-96.875732","0","184.6"
"8/28/2026 12:31:43 AM","33.128338","-96.875732","0","184.6"
"8/28/2026 12:31:44 AM","33.128338","-96.875732","0","184.6"
"8/28/2026 12:31:45 AM","33.128338","-96.875732","0","184.6"
"8/28/2026 12:31:46 AM","33.128338","-96.875732","0","184.6"
"8/28/2026 12:31:47 AM","33.128338","-96.875732","0","184.6"
"8/28/2026 12:31:48 AM","33.128338","-96.875732","0","184.6"
"8/28/2026 12:31:49 AM","33.128338","-96.875732","0","184.6"
"8/28/2026 12:31:50 AM","33.128338","-96.875732","0","184.7"
"8/28/2026 12:31:51 AM","33.128342","-96.875732","0","184.6"
"8/28/2026 12:31:52 AM","33.128342","-96.875732","0","184.6"
"8/28/2026 12:31:53 AM","33.128342","-96.875732","0","184.6"
"8/28/2026 12:31:54 AM","33.128342","-96.875732","0","184.6"
"8/28/2026 12:31:55 AM","33.128342","-96.875732","0","184.6"
"8/28/2026 12:31:56 AM","33.128342","-96.875732","0","184.6"
"8/28/2026 12:31:57 AM","33.128342","-96.875732","0","184.5"
"8/28/2026 12:31:58 AM","33.128342","-96.875732","0","184.5"
"8/28/2026 12:31:59 AM","33.128342","-96.875732","0","184.5"
"8/28/2026 12:32:00 AM","33.128342","-96.875732","0","184.5"
"8/28/2026 12:32:01 AM","33.128342","-96.875732","0","184.5"
"8/28/2026 12:32:02 AM","33.128342","-96.875732","0","184.5"
"8/28/2026 12:32:03 AM","33.128345","-96.875732","0","184.4"
"8/28/2026 12:32:04 AM","33.128345","-96.875732","0","184.4"
"8/28/2026 12:32:05 AM","33.128345","-96.875732","0","184.4"
"8/28/2026 12:32:06 AM","33.128345","-96.875732","0","184.4"
"8/28/2026 12:32:07 AM","33.128345","-96.875732","0","184.4"
"8/28/2026 12:32:08 AM","33.128345","-96.875732","0","184.4"
"8/28/2026 12:32:09 AM","33.128345","-96.875732","0","184.5"
"8/28/2026 12:32:10 AM","33.128345","-96.875732","0","184.5"
"8/28/2026 12:32:11 AM","33.128345","-96.875732","0","184.5"
"8/28/2026 12:32:12 AM","33.128345","-96.875732","0","184.5"
"8/28/2026 12:32:13 AM","33.128345","-96.875732","0","184.5"
"8/28/2026 12:32:14 AM","33.128345","-96.875732","0","184.6"
"8/28/2026 12:32:15 AM","33.128345","-96.875732","0","184.5"
"8/28/2026 12:32:16 AM","33.128342","-96.875732","0","184.6"
"8/28/2026 12:32:17 AM","33.128342","-96.875732","0","184.6"
"8/28/2026 12:32:18 AM","33.128342","-96.875732","0","184.6"
"8/28/2026 12:32:19 AM","33.128342","-96.875732","0","184.7"
"8/28/2026 12:32:20 AM","33.128342","-96.875732","0","184.7"
"8/28/2026 12:32:21 AM","33.128342","-96.875732","0","184.7"
"8/28/2026 12:32:22 AM","33.128342","-96.875732","0","184.7"
"8/28/2026 12:32:23 AM","33.128342","-96.875732","0","184.8"
"8/28/2026 12:32:24 AM","33.128342","-96.875732","0","184.8"
"8/28/2026 12:32:25 AM","33.128342","-96.875732","0","184.8"
"8/28/2026 12:32:26 AM","33.128342","-96.875732","0","184.9"
"8/28/2026 12:32:27 AM","33.128342","-96.875732","0","184.9"
"8/28/2026 12:32:28 AM","33.128342","-96.875732","0","185"
"8/28/2026 12:32:29 AM","33.128342","-96.875732","0","185"
"8/28/2026 12:32:30 AM","33.128342","-96.875732","0","185"
"8/28/2026 12:32:31 AM","33.128342","-96.875732","0","185.1"
"8/28/2026 12:32:32 AM","33.128342","-96.875732","0","185.1"
"8/28/2026 12:32:33 AM","33.128342","-96.875732","0","185.1"
"8/28/2026 12:32:34 AM","33.128342","-96.875732","0","185.2"
"8/28/2026 12:32:35 AM","33.128342","-96.875732","0","185.2"
"8/28/2026 12:32:36 AM","33.128345","-96.875732","0","185.2"
"8/28/2026 12:32:37 AM","33.128345","-96.875732","0","185.2"
"8/28/2026 12:32:38 AM","33.128345","-96.875732","0","185.2"
"8/28/2026 12:32:39 AM","33.128345","-96.875732","0","185.2"
"8/28/2026 12:32:40 AM","33.128342","-96.875732","0","185.3"
"8/28/2026 12:32:41 AM","33.128342","-96.875732","0","185.2"
"8/28/2026 12:32:42 AM","33.128342","-96.875732","0","185.3"
"8/28/2026 12:32:43 AM","33.128345","-96.875732","0","185.3"
"8/28/2026 12:32:44 AM","33.128345","-96.875732","0","185.3"
"8/28/2026 12:32:45 AM","33.128345","-96.875732","0","185.3"
"8/28/2026 12:32:46 AM","33.128342","-96.875732","0","185.3"
"8/28/2026 12:32:47 AM","33.128345","-96.875732","0","185.3"
"8/28/2026 12:32:48 AM","33.128345","-96.875732","0","185.3"
"8/28/2026 12:32:49 AM","33.128345","-96.875732","0","185.4"
"8/28/2026 12:32:50 AM","33.128345","-96.875732","0","185.4"
"8/28/2026 12:32:51 AM","33.128345","-96.875732","0","185.4"
"8/28/2026 12:32:52 AM","33.128345","-96.875732","0","185.4"
"8/28/2026 12:32:53 AM","33.128342","-96.875732","0","185.4"
"8/28/2026 12:32:54 AM","33.128342","-96.875732","0","185.4"
"8/28/2026 12:32:55 AM","33.128342","-96.875732","0","185.5"
"8/28/2026 12:32:56 AM","33.128345","-96.875732","0","185.5"
"8/28/2026 12:32:57 AM","33.128345","-96.875732","0","185.5"
"8/28/2026 12:32:58 AM","33.128345","-96.875732","0","185.5"
"8/28/2026 12:32:59 AM","33.128345","-96.875732","0","185.6"
"8/28/2026 12:33:00 AM","33.128345","-96.875732","0","185.6"
"8/28/2026 12:33:01 AM","33.128345","-96.875732","0","185.6"
"8/28/2026 12:33:02 AM","33.128345","-96.875732","0","185.6"
"8/28/2026 12:33:03 AM","33.128345","-96.875732","0","185.7"
"8/28/2026 12:33:04 AM","33.128345","-96.875732","0","185.7"
"8/28/2026 12:33:05 AM","33.128342","-96.875732","0","185.7"
"8/28/2026 12:33:06 AM","33.128342","-96.875732","0","185.7"
"8/28/2026 12:33:07 AM","33.128342","-96.875732","0","185.7"
"8/28/2026 12:33:08 AM","33.128342","-96.875732","0","185.7"
"8/28/2026 12:33:09 AM","33.128342","-96.875732","0","185.7"
"8/28/2026 12:33:10 AM","33.128342","-96.875732","0","185.6"
"8/28/2026 12:33:11 AM","33.128342","-96.875732","0","185.7"
"8/28/2026 12:33:12 AM","33.128342","-96.875732","0","185.7"
"8/28/2026 12:33:13 AM","33.128342","-96.875732","0","185.7"
"8/28/2026 12:33:14 AM","33.128342","-96.875732","0","185.7"
"8/28/2026 12:33:15 AM","33.128342","-96.875732","0","185.7"
"8/28/2026 12:33:16 AM","33.128342","-96.875732","0","185.7"
"8/28/2026 12:33:17 AM","33.128342","-96.875732","0","185.7"
"8/28/2026 12:33:18 AM","33.128342","-96.875732","0","185.7"
"8/28/2026 12:33:19 AM","33.128342","-96.875732","0","185.7"
"8/28/2026 12:33:20 AM","33.128342","-96.875732","0","185.8"
"8/28/2026 12:33:21 AM","33.128342","-96.875732","0","185.8"
"8/28/2026 12:33:22 AM","33.128342","-96.875732","0","185.8"
"8/28/2026 12:33:23 AM","33.128342","-96.875732","0","185.8"
"8/28/2026 12:33:24 AM","33.128342","-96.875732","0","185.8"
"8/28/2026 12:33:25 AM","33.128342","-96.875732","0","185.8"
"8/28/2026 12:33:26 AM","33.128342","-96.875732","0","185.9"
"8/28/2026 12:33:27 AM","33.128342","-96.875732","0","185.9"
"8/28/2026 12:33:28 AM","33.128342","-96.875732","0","185.9"
"8/28/2026 12:33:29 AM","33.128342","-96.875732","0","185.9"
"8/28/2026 12:33:30 AM","33.128342","-96.875732","0","185.9"
"8/28/2026 12:33:31 AM","33.128342","-96.875732","0","186"
"8/28/2026 12:33:32 AM","33.128342","-96.875732","0","186"
"8/28/2026 12:33:33 AM","33.128338","-96.875732","0","186"
"8/28/2026 12:33:34 AM","33.128338","-96.875732","0","186"
"8/28/2026 12:33:35 AM","33.128338","-96.875732","0","186"
"8/28/2026 12:33:36 AM","33.128338","-96.875732","0","186.1"
"8/28/2026 12:33:37 AM","33.128338","-96.875732","0","186.1"
"8/28/2026 12:33:38 AM","33.128338","-96.875732","0","186.1"
"8/28/2026 12:33:39 AM","33.128338","-96.875732","0","186.1"
"8/28/2026 12:33:40 AM","33.128338","-96.875732","0","186.2"
"8/28/2026 12:33:41 AM","33.128338","-96.875732","0","186.2"
"8/28/2026 12:33:42 AM","33.128338","-96.875732","0","186.2"
"8/28/2026 12:33:43 AM","33.128338","-96.875732","0","186.2"
"8/28/2026 12:33:44 AM","33.128338","-96.875732","0","186.3"
"8/28/2026 12:33:45 AM","33.128338","-96.875732","0","186.3"
"8/28/2026 12:33:46 AM","33.128338","-96.875732","0","186.3"
"8/28/2026 12:33:47 AM","33.128338","-96.875732","0","186.3"
"8/28/2026 12:33:48 AM","33.128338","-96.875732","0","186.4"
"8/28/2026 12:33:49 AM","33.128338","-96.875732","0","186.4"
"8/28/2026 12:33:50 AM","33.128338","-96.875732","0","186.4"
"8/28/2026 12:33:51 AM","33.128338","-96.875732","0","186.4"
"8/28/2026 12:33:52 AM","33.128338","-96.875732","0","186.5"
"8/28/2026 12:33:53 AM","33.128338","-96.875732","0","186.5"
"8/28/2026 12:33:54 AM","33.128338","-96.875732","0","186.5"
"8/28/2026 12:33:55 AM","33.128338","-96.875732","0","186.5"
"8/28/2026 12:33:56 AM","33.128338","-96.875732","0","186.5"
"8/28/2026 12:33:57 AM","33.128338","-96.875732","0","186.6"
"8/28/2026 12:33:58 AM","33.128338","-96.875732","0","186.6"
"8/28/2026 12:33:59 AM","33.128338","-96.875732","0","186.6"
"8/28/2026 12:34:00 AM","33.128338","-96.875732","0","186.6"
"8/28/2026 12:34:01 AM","33.128338","-96.875732","0","186.6"
"8/28/2026 12:34:02 AM","33.128338","-96.875732","0","186.6"
"8/28/2026 12:34:03 AM","33.128338","-96.875732","0","186.6"
"8/28/2026 12:34:04 AM","33.128338","-96.875732","0","186.6"
"8/28/2026 12:34:05 AM","33.128338","-96.875732","0","186.6"
"8/28/2026 12:34:06 AM","33.128338","-96.875732","0","186.6"
"8/28/2026 12:34:07 AM","33.128338","-96.875732","0","186.7"
"8/28/2026 12:34:08 AM","33.128338","-96.875732","0","186.7"
"8/28/2026 12:34:09 AM","33.128338","-96.875732","0","186.7"
"8/28/2026 12:34:10 AM","33.128338","-96.875732","0","186.7"
"8/28/2026 12:34:11 AM","33.128338","-96.875732","0","186.7"
"8/28/2026 12:34:12 AM","33.128338","-96.875732","0","186.8"
"8/28/2026 12:34:13 AM","33.128338","-96.875732","0","186.8"
"8/28/2026 12:34:14 AM","33.128338","-96.875732","0","186.8"
"8/28/2026 12:34:15 AM","33.128338","-96.875732","0","186.8"
"8/28/2026 12:34:16 AM","33.128338","-96.875732","0","186.8"
"8/28/2026 12:34:17 AM","33.128338","-96.875732","0","186.8"
"8/28/2026 12:34:18 AM","33.128338","-96.875732","0","186.8"
"8/28/2026 12:34:19 AM","33.128338","-96.875732","0","186.8"
"8/28/2026 12:34:20 AM","33.128338","-96.875732","0","186.8"
"8/28/2026 12:34:21 AM","33.128338","-96.875732","0","186.8"
"8/28/2026 12:34:22 AM","33.128338","-96.875732","0","186.8"
"8/28/2026 12:34:23 AM","33.128342","-96.875732","0","186.8"
"8/28/2026 12:34:24 AM","33.128342","-96.875732","0","186.8"
"8/28/2026 12:34:25 AM","33.128342","-96.875732","0","186.8"
"8/28/2026 12:34:26 AM","33.128342","-96.875732","0","186.8"
"8/28/2026 12:34:27 AM","33.128342","-96.875732","0","186.8"
"8/28/2026 12:34:28 AM","33.128342","-96.875732","0","186.8"
"8/28/2026 12:34:29 AM","33.128342","-96.875732","0","186.8"
"8/28/2026 12:34:30 AM","33.128342","-96.875732","0","186.8"
"8/28/2026 12:34:31 AM","33.128342","-96.875732","0","186.8"
"8/28/2026 12:34:32 AM","33.128342","-96.875732","0","186.8"
"8/28/2026 12:34:33 AM","33.128342","-96.875717","0","186.9"
"8/28/2026 12:34:34 AM","33.128342","-96.875717","0","186.8"
"8/28/2026 12:34:35 AM","33.128342","-96.875717","0","186.8"
"8/28/2026 12:34:36 AM","33.128342","-96.875717","0","186.8"
"8/28/2026 12:34:37 AM","33.128342","-96.875717","0","186.8"
"8/28/2026 12:34:38 AM","33.128342","-96.875717","0","186.8"
"8/28/2026 12:34:39 AM","33.128342","-96.875717","0","186.8"
"8/28/2026 12:34:40 AM","33.128342","-96.875717","0","186.8"
"8/28/2026 12:34:41 AM","33.128342","-96.875717","0","186.8"
"8/28/2026 12:34:42 AM","33.128342","-96.875717","0","186.8"
"8/28/2026 12:34:43 AM","33.128342","-96.875717","0","186.8"
"8/28/2026 12:34:44 AM","33.128342","-96.875717","0","186.8"
"8/28/2026 12:34:45 AM","33.128342","-96.875717","0","186.8"
"8/28/2026 12:34:46 AM","33.128342","-96.875717","0","186.8"
"8/28/2026 12:34:47 AM","33.128342","-96.875717","0","186.8"
"8/28/2026 12:34:48 AM","33.128342","-96.875717","0","186.8"
"8/28/2026 12:34:49 AM","33.128342","-96.875717","0","186.8"
"8/28/2026 12:34:50 AM","33.128342","-96.875717","0","186.8"
"8/28/2026 12:34:51 AM","33.128342","-96.875717","0","186.8"
"8/28/2026 12:34:52 AM","33.128342","-96.875717","0","186.7"
"8/28/2026 12:34:53 AM","33.128342","-96.875717","0","186.7"
"8/28/2026 12:34:54 AM","33.128342","-96.875717","0","186.6"
"8/28/2026 12:34:55 AM","33.128342","-96.875717","0","186.6"
"8/28/2026 12:34:56 AM","33.128342","-96.875702","0","186.5"
"8/28/2026 12:34:57 AM","33.128342","-96.875702","0","186.5"
"8/28/2026 12:34:58 AM","33.128342","-96.875702","0","186.5"
"8/28/2026 12:34:59 AM","33.128342","-96.875702","0","186.4"
"8/28/2026 12:35:00 AM","33.128342","-96.875702","0","186.4"
"8/28/2026 12:35:01 AM","33.128345","-96.875702","0","186.3"
"8/28/2026 12:35:02 AM","33.128345","-96.875702","0","186.3"
"8/28/2026 12:35:03 AM","33.128345","-96.875702","0","186.3"
"8/28/2026 12:35:04 AM","33.128345","-96.875702","0","186.3"
"8/28/2026 12:35:05 AM","33.128345","-96.875702","0","186.3"
"8/28/2026 12:35:06 AM","33.128345","-96.875702","0","186.2"
"8/28/2026 12:35:07 AM","33.128345","-96.875702","0","186.2"
"8/28/2026 12:35:08 AM","33.128345","-96.875702","0","186.2"
"8/28/2026 12:35:09 AM","33.128345","-96.875702","0","186.1"
"8/28/2026 12:35:10 AM","33.128345","-96.875702","0","186.1"
"8/28/2026 12:35:11 AM","33.128345","-96.875702","0","186.1"
"8/28/2026 12:35:12 AM","33.128345","-96.875702","0","186"
"8/28/2026 12:35:13 AM","33.128345","-96.875702","0","186"
"8/28/2026 12:35:14 AM","33.128345","-96.875702","0","186"
"8/28/2026 12:35:15 AM","33.128345","-96.875702","0","185.9"
"8/28/2026 12:35:16 AM","33.128345","-96.875702","0","185.9"
"8/28/2026 12:35:17 AM","33.128345","-96.875702","0","185.8"
"8/28/2026 12:35:18 AM","33.128345","-96.875702","0","185.8"
"8/28/2026 12:35:19 AM","33.128345","-96.875702","0","185.8"
"8/28/2026 12:35:20 AM","33.128345","-96.875702","0","185.7"
"8/28/2026 12:35:21 AM","33.128345","-96.875702","0","185.7"
"8/28/2026 12:35:22 AM","33.128345","-96.875687","0","185.6"
"8/28/2026 12:35:23 AM","33.128345","-96.875687","0","185.6"
"8/28/2026 12:35:24 AM","33.128345","-96.875687","0","185.5"
"8/28/2026 12:35:25 AM","33.128345","-96.875687","0","185.5"
"8/28/2026 12:35:26 AM","33.128349","-96.875687","0","185.5"
"8/28/2026 12:35:27 AM","33.128349","-96.875687","0","185.4"
"8/28/2026 12:35:28 AM","33.128349","-96.875687","0","185.4"
"8/28/2026 12:35:29 AM","33.128349","-96.875687","0","185.3"
"8/28/2026 12:35:30 AM","33.128349","-96.875687","0","185.3"
"8/28/2026 12:35:31 AM","33.128349","-96.875687","0","185.2"
"8/28/2026 12:35:32 AM","33.128349","-96.875687","0","185.2"
"8/28/2026 12:35:33 AM","33.128349","-96.875687","0","185.1"
"8/28/2026 12:35:34 AM","33.128349","-96.875687","0","185.1"
"8/28/2026 12:35:35 AM","33.128349","-96.875687","0","185.1"
"8/28/2026 12:35:36 AM","33.128349","-96.875687","0","185"
"8/28/2026 12:35:37 AM","33.128345","-96.875687","0","185"
"8/28/2026 12:35:38 AM","33.128345","-96.875687","0","184.9"
"8/28/2026 12:35:39 AM","33.128345","-96.875687","0","184.9"
"8/28/2026 12:35:40 AM","33.128345","-96.875687","0","184.8"
"8/28/2026 12:35:41 AM","33.128345","-96.875687","0","184.8"
"8/28/2026 12:35:42 AM","33.128345","-96.875687","0","184.7"
"8/28/2026 12:35:43 AM","33.128345","-96.875687","0","184.7"
"8/28/2026 12:35:44 AM","33.128345","-96.875687","0","184.7"
"8/28/2026 12:35:45 AM","33.128345","-96.875687","0","184.6"
"8/28/2026 12:35:46 AM","33.128345","-96.875687","0","184.6"
"8/28/2026 12:35:47 AM","33.128345","-96.875687","0","184.6"
"8/28/2026 12:35:48 AM","33.128345","-96.875687","0","184.5"
"8/28/2026 12:35:49 AM","33.128345","-96.875687","0","184.5"
"8/28/2026 12:35:50 AM","33.128345","-96.875687","0","184.4"
"8/28/2026 12:35:51 AM","33.128349","-96.875687","0","184.4"
"8/28/2026 12:35:52 AM","33.128349","-96.875687","0","184.4"
"8/28/2026 12:35:53 AM","33.128349","-96.875687","0","184.3"
"8/28/2026 12:35:54 AM","33.128349","-96.875687","0","184.3"
"8/28/2026 12:35:55 AM","33.128349","-96.875687","0","184.2"
"8/28/2026 12:35:56 AM","33.128349","-96.875687","0","184.2"
"8/28/2026 12:35:57 AM","33.128349","-96.875687","0","184.2"
"8/28/2026 12:35:58 AM","33.128349","-96.875687","0","184.1"
"8/28/2026 12:35:59 AM","33.128349","-96.875687","0","184.1"
"8/28/2026 12:36:00 AM","33.128349","-96.875687","0","184.1"
"8/28/2026 12:36:01 AM","33.128349","-96.875687","0","184"
"8/28/2026 12:36:02 AM","33.128349","-96.875687","0","184"
"8/28/2026 12:36:03 AM","33.128349","-96.875687","0","184"
"8/28/2026 12:36:04 AM","33.128353","-96.875687","0","184"
"8/28/2026 12:36:05 AM","33.128353","-96.875687","0","184"
"8/28/2026 12:36:06 AM","33.128353","-96.875687","0","184"
"8/28/2026 12:36:07 AM","33.128353","-96.875687","0","183.9"
"8/28/2026 12:36:08 AM","33.128353","-96.875664","0","183.9"
"8/28/2026 12:36:09 AM","33.128353","-96.875664","0","183.9"
"8/28/2026 12:36:10 AM","33.128353","-96.875664","0","183.8"
"8/28/2026 12:36:11 AM","33.128353","-96.875664","0","183.8"
"8/28/2026 12:36:12 AM","33.128353","-96.875664","0","183.8"
"8/28/2026 12:36:13 AM","33.128353","-96.875664","0","183.8"
"8/28/2026 12:36:14 AM","33.128353","-96.875664","0","183.8"
"8/28/2026 12:36:15 AM","33.128353","-96.875664","0","183.8"
"8/28/2026 12:36:16 AM","33.128353","-96.875664","0","183.8"
"8/28/2026 12:36:17 AM","33.128353","-96.875664","0","183.8"
"8/28/2026 12:36:18 AM","33.128353","-96.875664","0","183.8"
"8/28/2026 12:36:19 AM","33.128353","-96.875664","0","183.8"
"8/28/2026 12:36:20 AM","33.128353","-96.875664","0","183.7"
"8/28/2026 12:36:21 AM","33.128353","-96.875664","0","183.7"
"8/28/2026 12:36:22 AM","33.128353","-96.875664","0","183.7"
"8/28/2026 12:36:23 AM","33.128353","-96.875664","0","183.7"
"8/28/2026 12:36:24 AM","33.128353","-96.875664","0","183.7"
"8/28/2026 12:36:25 AM","33.128353","-96.875664","0","183.7"
"8/28/2026 12:36:26 AM","33.128353","-96.875664","0","183.6"
"8/28/2026 12:36:27 AM","33.128353","-96.875664","0","183.6"
"8/28/2026 12:36:28 AM","33.128353","-96.875664","0","183.6"
"8/28/2026 12:36:29 AM","33.128353","-96.875664","0","183.6"
"8/28/2026 12:36:30 AM","33.128353","-96.875664","0","183.5"
"8/28/2026 12:36:31 AM","33.128353","-96.875664","0","183.5"
"8/28/2026 12:36:32 AM","33.128353","-96.875664","0","183.5"
"8/28/2026 12:36:33 AM","33.128353","-96.875664","0","183.5"
"8/28/2026 12:36:34 AM","33.128353","-96.875664","0","183.5"
"8/28/2026 12:36:35 AM","33.128353","-96.875664","0","183.5"
"8/28/2026 12:36:36 AM","33.128353","-96.875664","0","183.5"
"8/28/2026 12:36:37 AM","33.128353","-96.875664","0","183.4"
"8/28/2026 12:36:38 AM","33.128353","-96.875664","0","183.4"
"8/28/2026 12:36:39 AM","33.128353","-96.875664","0","183.4"
"8/28/2026 12:36:40 AM","33.128353","-96.875664","0","183.3"
"8/28/2026 12:36:41 AM","33.128353","-96.875664","0","183.3"
"8/28/2026 12:36:42 AM","33.128353","-96.875664","0","183.3"
"8/28/2026 12:36:43 AM","33.128353","-96.875664","0","183.3"
"8/28/2026 12:36:44 AM","33.128353","-96.875664","0","183.2"
"8/28/2026 12:36:45 AM","33.128353","-96.875664","0","183.2"
"8/28/2026 12:36:46 AM","33.128353","-96.875664","0","183.2"
"8/28/2026 12:36:47 AM","33.128353","-96.875664","0","183.2"
"8/28/2026 12:36:48 AM","33.128353","-96.875664","0","183.1"
"8/28/2026 12:36:49 AM","33.128353","-96.875664","0","183.1"
"8/28/2026 12:36:50 AM","33.128353","-96.875664","0","183.1"
"8/28/2026 12:36:51 AM","33.128357","-96.875664","0","183.1"
"8/28/2026 12:36:52 AM","33.128357","-96.875664","0","183"
"8/28/2026 12:36:53 AM","33.128357","-96.875664","0","183"
"8/28/2026 12:36:54 AM","33.128357","-96.875664","0","183"
"8/28/2026 12:36:55 AM","33.128357","-96.875664","0","182.9"
"8/28/2026 12:36:56 AM","33.128357","-96.875664","0","182.9"
"8/28/2026 12:36:57 AM","33.128357","-96.875664","0","182.9"
"8/28/2026 12:36:58 AM","33.128357","-96.875664","0","182.9"
"8/28/2026 12:36:59 AM","33.128357","-96.875664","0","182.9"
"8/28/2026 12:37:00 AM","33.128357","-96.875664","0","182.9"
"8/28/2026 12:37:01 AM","33.128357","-96.875664","0","182.9"
"8/28/2026 12:37:02 AM","33.128357","-96.875664","0","182.9"
"8/28/2026 12:37:03 AM","33.128357","-96.875664","0","182.8"
"8/28/2026 12:37:04 AM","33.128357","-96.875664","0","182.8"
"8/28/2026 12:37:05 AM","33.128357","-96.875664","0","182.7"
"8/28/2026 12:37:06 AM","33.128357","-96.875664","0","182.7"
"8/28/2026 12:37:07 AM","33.128357","-96.875664","0","182.7"
"8/28/2026 12:37:08 AM","33.128357","-96.875664","0","182.7"
"8/28/2026 12:37:09 AM","33.128357","-96.875664","0","182.7"
"8/28/2026 12:37:10 AM","33.128357","-96.875664","0","182.6"
"8/28/2026 12:37:11 AM","33.128357","-96.875664","0","182.7"
"8/28/2026 12:37:12 AM","33.128357","-96.875664","0","182.7"
"8/28/2026 12:37:13 AM","33.128357","-96.875664","0","182.7"
"8/28/2026 12:37:14 AM","33.128357","-96.875664","0","182.7"
"8/28/2026 12:37:15 AM","33.128357","-96.875664","0","182.6"
"8/28/2026 12:37:16 AM","33.128357","-96.875664","0","182.6"
"8/28/2026 12:37:17 AM","33.128357","-96.875664","0","182.6"
"8/28/2026 12:37:18 AM","33.128357","-96.875664","0","182.6"
"8/28/2026 12:37:19 AM","33.128357","-96.875664","0","182.6"
"8/28/2026 12:37:20 AM","33.128357","-96.875664","0","182.6"
"8/28/2026 12:37:21 AM","33.128357","-96.875664","0","182.6"
"8/28/2026 12:37:22 AM","33.128357","-96.875664","0","182.5"
"8/28/2026 12:37:23 AM","33.128357","-96.875664","0","182.5"
"8/28/2026 12:37:24 AM","33.128357","-96.875664","0","182.5"
"8/28/2026 12:37:25 AM","33.128357","-96.875664","0","182.5"
"8/28/2026 12:37:26 AM","33.128357","-96.875664","0","182.4"
"8/28/2026 12:37:27 AM","33.128357","-96.875664","0","182.4"
"8/28/2026 12:37:28 AM","33.128357","-96.875664","0","182.4"
"8/28/2026 12:37:29 AM","33.128357","-96.875664","0","182.4"
"8/28/2026 12:37:30 AM","33.128357","-96.875664","0","182.4"
"8/28/2026 12:37:31 AM","33.128357","-96.875664","0","182.3"
"8/28/2026 12:37:32 AM","33.128357","-96.875664","0","182.4"
"8/28/2026 12:37:33 AM","33.128357","-96.875664","0","182.4"
"8/28/2026 12:37:34 AM","33.128357","-96.875664","0","182.4"
"8/28/2026 12:37:35 AM","33.128357","-96.875664","0","182.4"
"8/28/2026 12:37:36 AM","33.128357","-96.875664","0","182.4"
"8/28/2026 12:37:37 AM","33.128357","-96.875664","0","182.4"
"8/28/2026 12:37:38 AM","33.128357","-96.875664","0","182.4"
"8/28/2026 12:37:39 AM","33.128357","-96.875664","0","182.4"
"8/28/2026 12:37:40 AM","33.128357","-96.875664","0","182.4"
"8/28/2026 12:37:41 AM","33.128357","-96.875664","0","182.4"
"8/28/2026 12:37:42 AM","33.128357","-96.875664","0","182.3"
"8/28/2026 12:37:43 AM","33.128357","-96.875664","0","182.3"
"8/28/2026 12:37:44 AM","33.128357","-96.875664","0","182.3"
"8/28/2026 12:37:45 AM","33.128357","-96.875664","0","182.2"
"8/28/2026 12:37:46 AM","33.128357","-96.875664","0","182.2"
"8/28/2026 12:37:47 AM","33.128357","-96.875664","0","182.2"
"8/28/2026 12:37:48 AM","33.128357","-96.875664","0","182.1"
"8/28/2026 12:37:49 AM","33.128357","-96.875664","0","182.2"
"8/28/2026 12:37:50 AM","33.128357","-96.875664","0","182.1"
"8/28/2026 12:37:51 AM","33.128357","-96.875664","0","182.1"
"8/28/2026 12:37:52 AM","33.128357","-96.875664","0","182.2"
"8/28/2026 12:37:53 AM","33.128357","-96.875664","0","182.1"
"8/28/2026 12:37:54 AM","33.128357","-96.875664","0","182.1"
"8/28/2026 12:37:55 AM","33.128357","-96.875664","0","182.1"
"8/28/2026 12:37:56 AM","33.128357","-96.875664","0","182.1"
"8/28/2026 12:37:57 AM","33.128357","-96.875664","0","182.1"
"8/28/2026 12:37:58 AM","33.128357","-96.875664","0","182.1"
"8/28/2026 12:37:59 AM","33.128357","-96.875664","0","182"
"8/28/2026 12:38:00 AM","33.128357","-96.875664","0","182"
"8/28/2026 12:38:01 AM","33.128357","-96.875664","0","182"
"8/28/2026 12:38:02 AM","33.128357","-96.875664","0","182"
"8/28/2026 12:38:03 AM","33.128357","-96.875664","0","182"
"8/28/2026 12:38:04 AM","33.128357","-96.875664","0","182"
"8/28/2026 12:38:05 AM","33.128357","-96.875664","0","181.9"
"8/28/2026 12:38:06 AM","33.128357","-96.875664","0","181.9"
"8/28/2026 12:38:07 AM","33.128357","-96.875664","0","181.9"
"8/28/2026 12:38:08 AM","33.128357","-96.875664","0","181.9"
"8/28/2026 12:38:09 AM","33.128357","-96.875664","0","181.8"
"8/28/2026 12:38:10 AM","33.128357","-96.875664","0","181.8"
"8/28/2026 12:38:11 AM","33.128357","-96.875664","0","181.8"
"8/28/2026 12:38:12 AM","33.128357","-96.875664","0","181.8"
"8/28/2026 12:38:13 AM","33.128357","-96.875664","0","181.8"
"8/28/2026 12:38:14 AM","33.128357","-96.875687","0","181.8"
"8/28/2026 12:38:15 AM","33.128357","-96.875687","0","181.7"
"8/28/2026 12:38:16 AM","33.128357","-96.875687","0","181.7"
"8/28/2026 12:38:17 AM","33.128357","-96.875687","0","181.7"
"8/28/2026 12:38:18 AM","33.128357","-96.875687","0","181.7"
"8/28/2026 12:38:19 AM","33.128357","-96.875687","0","181.7"
"8/28/2026 12:38:20 AM","33.128357","-96.875687","0","181.6"
"8/28/2026 12:38:21 AM","33.128357","-96.875687","0","181.6"
"8/28/2026 12:38:22 AM","33.128357","-96.875687","0","181.5"
"8/28/2026 12:38:23 AM","33.128357","-96.875687","0","181.5"
"8/28/2026 12:38:24 AM","33.128353","-96.875687","0","181.5"
"8/28/2026 12:38:25 AM","33.128353","-96.875687","0","181.5"
"8/28/2026 12:38:26 AM","33.128353","-96.875687","0","181.4"
"8/28/2026 12:38:27 AM","33.128357","-96.875687","0","181.4"
"8/28/2026 12:38:28 AM","33.128357","-96.875687","0","181.4"
"8/28/2026 12:38:29 AM","33.128357","-96.875687","0","181.3"
"8/28/2026 12:38:30 AM","33.128357","-96.875687","0","181.3"
"8/28/2026 12:38:31 AM","33.128357","-96.875687","0","181.3"
"8/28/2026 12:38:32 AM","33.128357","-96.875687","0","181.3"
"8/28/2026 12:38:33 AM","33.128357","-96.875687","0","181.2"
"8/28/2026 12:38:34 AM","33.128357","-96.875687","0","181.2"
"8/28/2026 12:38:35 AM","33.128357","-96.875687","0","181.1"
"8/28/2026 12:38:36 AM","33.128357","-96.875687","0","181.1"
"8/28/2026 12:38:37 AM","33.128357","-96.875687","0","181.1"
"8/28/2026 12:38:38 AM","33.128357","-96.875687","0","181"
"8/28/2026 12:38:39 AM","33.128357","-96.875687","0","181"
"8/28/2026 12:38:40 AM","33.128357","-96.875687","0","181"
"8/28/2026 12:38:41 AM","33.128357","-96.875687","0","181"
"8/28/2026 12:38:42 AM","33.128357","-96.875687","0","180.9"
"8/28/2026 12:38:43 AM","33.128357","-96.875687","0","180.9"
"8/28/2026 12:38:44 AM","33.128357","-96.875687","0","180.9"
"8/28/2026 12:38:45 AM","33.128357","-96.875687","0","180.8"
"8/28/2026 12:38:46 AM","33.128357","-96.875687","0","180.8"
"8/28/2026 12:38:47 AM","33.128357","-96.875687","0","180.7"
"8/28/2026 12:38:48 AM","33.128357","-96.875687","0","180.7"
"8/28/2026 12:38:49 AM","33.128357","-96.875687","0","180.7"
"8/28/2026 12:38:50 AM","33.128357","-96.875687","0","180.6"
"8/28/2026 12:38:51 AM","33.128357","-96.875687","0","180.6"
"8/28/2026 12:38:52 AM","33.128357","-96.875687","0","180.6"
"8/28/2026 12:38:53 AM","33.128357","-96.875687","0","180.6"
"8/28/2026 12:38:54 AM","33.128357","-96.875687","0","180.5"
"8/28/2026 12:38:55 AM","33.128357","-96.875687","0","180.5"
"8/28/2026 12:38:56 AM","33.128357","-96.875687","0","180.5"
"8/28/2026 12:38:57 AM","33.128357","-96.875687","0","180.5"
"8/28/2026 12:38:58 AM","33.128357","-96.875687","0","180.5"
"8/28/2026 12:38:59 AM","33.128357","-96.875687","0","180.5"
"8/28/2026 12:39:00 AM","33.128357","-96.875687","0","180.4"
"8/28/2026 12:39:01 AM","33.128357","-96.875687","0","180.4"
"8/28/2026 12:39:02 AM","33.128357","-96.875687","0","180.3"
"8/28/2026 12:39:03 AM","33.128357","-96.875687","0","180.3"
"8/28/2026 12:39:04 AM","33.128357","-96.875687","0","180.3"
"8/28/2026 12:39:05 AM","33.128357","-96.875687","0","180.2"
"8/28/2026 12:39:06 AM","33.128357","-96.875687","0","180.2"
"8/28/2026 12:39:07 AM","33.128357","-96.875687","0","180.2"
"8/28/2026 12:39:08 AM","33.128357","-96.875687","0","180.2"
"8/28/2026 12:39:09 AM","33.128357","-96.875687","0","180.2"
"8/28/2026 12:39:10 AM","33.128357","-96.875687","0","180.1"
"8/28/2026 12:39:11 AM","33.128357","-96.875687","0","180.1"
"8/28/2026 12:39:12 AM","33.128357","-96.875687","0","180.1"
"8/28/2026 12:39:13 AM","33.128357","-96.875687","0","180.1"
"8/28/2026 12:39:14 AM","33.128357","-96.875687","0","180"
"8/28/2026 12:39:15 AM","33.128357","-96.875687","0","180"
"8/28/2026 12:39:16 AM","33.128357","-96.875687","0","180"
"8/28/2026 12:39:17 AM","33.128357","-96.875687","0","180"
"8/28/2026 12:39:18 AM","33.128357","-96.875687","0","180"
"8/28/2026 12:39:19 AM","33.128357","-96.875687","0","180"
"8/28/2026 12:39:20 AM","33.128357","-96.875687","0","180"
"8/28/2026 12:39:21 AM","33.128357","-96.875687","0","180"
"8/28/2026 12:39:22 AM","33.128357","-96.875687","0","180"
"8/28/2026 12:39:23 AM","33.128357","-96.875687","0","179.9"
"8/28/2026 12:39:24 AM","33.128357","-96.875687","0","180"
"8/28/2026 12:39:25 AM","33.128357","-96.875687","0","180"
"8/28/2026 12:39:26 AM","33.128357","-96.875687","0","180"
"8/28/2026 12:39:27 AM","33.128357","-96.875687","0","179.9"
"8/28/2026 12:39:28 AM","33.128357","-96.875687","0","179.9"
"8/28/2026 12:39:29 AM","33.128357","-96.875687","0","180"
"8/28/2026 12:39:30 AM","33.128357","-96.875687","0","180"
"8/28/2026 12:39:31 AM","33.128357","-96.875687","0","180"
"8/28/2026 12:39:32 AM","33.128357","-96.875687","0","180"
"8/28/2026 12:39:33 AM","33.128357","-96.875687","0","179.9"
"8/28/2026 12:39:34 AM","33.128357","-96.875687","0","180"
"8/28/2026 12:39:35 AM","33.128357","-96.875687","0","179.9"
"8/28/2026 12:39:36 AM","33.128357","-96.875687","0","179.9"
"8/28/2026 12:39:37 AM","33.128357","-96.875687","0","179.9"
"8/28/2026 12:39:38 AM","33.128357","-96.875687","0","179.9"
"8/28/2026 12:39:39 AM","33.128357","-96.875687","0","179.9"
"8/28/2026 12:39:40 AM","33.128357","-96.875687","0","179.9"
"8/28/2026 12:39:41 AM","33.128357","-96.875687","0","179.8"
"8/28/2026 12:39:42 AM","33.128357","-96.875687","0","179.8"
"8/28/2026 12:39:43 AM","33.128357","-96.875687","0","179.8"
"8/28/2026 12:39:44 AM","33.128357","-96.875687","0","179.9"
"8/28/2026 12:39:45 AM","33.128357","-96.875687","0","179.8"
"8/28/2026 12:39:46 AM","33.128357","-96.875687","0","179.8"
"8/28/2026 12:39:47 AM","33.128361","-96.875687","0","179.8"
"8/28/2026 12:39:48 AM","33.128357","-96.875687","0","179.9"
"8/28/2026 12:39:49 AM","33.128357","-96.875687","0","179.9"
"8/28/2026 12:39:50 AM","33.128357","-96.875687","0","179.8"
"8/28/2026 12:39:51 AM","33.128357","-96.875687","0","179.8"
"8/28/2026 12:39:52 AM","33.128361","-96.875687","0","179.8"
"8/28/2026 12:39:53 AM","33.128361","-96.875687","0","179.8"
"8/28/2026 12:39:54 AM","33.128361","-96.875687","0","179.8"
"8/28/2026 12:39:55 AM","33.128361","-96.875687","0","179.8"
"8/28/2026 12:39:56 AM","33.128361","-96.875687","0","179.7"
"8/28/2026 12:39:57 AM","33.128361","-96.875687","0","179.7"
"8/28/2026 12:39:58 AM","33.128361","-96.875687","0","179.7"
"8/28/2026 12:39:59 AM","33.128361","-96.875687","0","179.6"
"8/28/2026 12:40:00 AM","33.128357","-96.875687","0","179.7"
"8/28/2026 12:40:01 AM","33.128361","-96.875687","0","179.6"
"8/28/2026 12:40:02 AM","33.128357","-96.875687","0","179.6"
"8/28/2026 12:40:03 AM","33.128357","-96.875687","0","179.6"
"8/28/2026 12:40:04 AM","33.128361","-96.875687","0","179.6"
"8/28/2026 12:40:05 AM","33.128361","-96.875687","0","179.6"
"8/28/2026 12:40:06 AM","33.128361","-96.875687","0","179.6"
"8/28/2026 12:40:07 AM","33.128361","-96.875702","0","179.6"
"8/28/2026 12:40:08 AM","33.128361","-96.875702","0","179.6"
"8/28/2026 12:40:09 AM","33.128361","-96.875702","0","179.6"
"8/28/2026 12:40:10 AM","33.128361","-96.875702","0","179.5"
"8/28/2026 12:40:11 AM","33.128361","-96.875702","0","179.6"
"8/28/2026 12:40:12 AM","33.128361","-96.875702","0","179.5"
"8/28/2026 12:40:13 AM","33.128361","-96.875702","0","179.6"
"8/28/2026 12:40:14 AM","33.128361","-96.875702","0","179.5"
"8/28/2026 12:40:15 AM","33.128361","-96.875702","0","179.5"
"8/28/2026 12:40:16 AM","33.128361","-96.875702","0","179.5"
"8/28/2026 12:40:17 AM","33.128361","-96.875702","0","179.5"
"8/28/2026 12:40:18 AM","33.128361","-96.875702","0","179.6"
"8/28/2026 12:40:19 AM","33.128361","-96.875702","0","179.5"
"8/28/2026 12:40:20 AM","33.128361","-96.875702","0","179.5"
"8/28/2026 12:40:21 AM","33.128361","-96.875702","0","179.5"
"8/28/2026 12:40:22 AM","33.128361","-96.875702","0","179.5"
"8/28/2026 12:40:23 AM","33.128361","-96.875702","0","179.5"
"8/28/2026 12:40:24 AM","33.128361","-96.875702","0","179.4"
"8/28/2026 12:40:25 AM","33.128361","-96.875702","0","179.4"
"8/28/2026 12:40:26 AM","33.128361","-96.875702","0","179.4"
"8/28/2026 12:40:27 AM","33.128361","-96.875702","0","179.3"
"8/28/2026 12:40:28 AM","33.128361","-96.875702","0","179.3"
"8/28/2026 12:40:29 AM","33.128361","-96.875702","0","179.2"
"8/28/2026 12:40:30 AM","33.128361","-96.875702","0","179.2"
"8/28/2026 12:40:31 AM","33.128365","-96.875702","0","179.2"
"8/28/2026 12:40:32 AM","33.128365","-96.875702","0","179.2"
"8/28/2026 12:40:33 AM","33.128365","-96.875702","0","179.1"
"8/28/2026 12:40:34 AM","33.128365","-96.875702","0","179"
"8/28/2026 12:40:35 AM","33.128365","-96.875702","0","179"
"8/28/2026 12:40:36 AM","33.128365","-96.875702","0","179"
"8/28/2026 12:40:37 AM","33.128365","-96.875702","0","179"
"8/28/2026 12:40:38 AM","33.128365","-96.875702","0","179"
"8/28/2026 12:40:39 AM","33.128365","-96.875702","0","178.9"
"8/28/2026 12:40:40 AM","33.128365","-96.875702","0","178.8"
"8/28/2026 12:40:41 AM","33.128365","-96.875702","0","178.8"
"8/28/2026 12:40:42 AM","33.128365","-96.875702","0","178.8"
"8/28/2026 12:40:43 AM","33.128365","-96.875702","0","178.7"
"8/28/2026 12:40:44 AM","33.128365","-96.875702","0","178.7"
"8/28/2026 12:40:45 AM","33.128365","-96.875702","0","178.7"
"8/28/2026 12:40:46 AM","33.128365","-96.875702","0","178.6"
"8/28/2026 12:40:47 AM","33.128365","-96.875702","0","178.6"
"8/28/2026 12:40:48 AM","33.128365","-96.875702","0","178.5"
"8/28/2026 12:40:49 AM","33.128365","-96.875702","0","178.4"
"8/28/2026 12:40:50 AM","33.128365","-96.875702","0","178.4"
"8/28/2026 12:40:51 AM","33.128365","-96.875702","0","178.4"
"8/28/2026 12:40:52 AM","33.128365","-96.875702","0","178.3"
"8/28/2026 12:40:53 AM","33.128365","-96.875702","0","178.3"
"8/28/2026 12:40:54 AM","33.128365","-96.875702","0","178.3"
"8/28/2026 12:40:55 AM","33.128365","-96.875702","0","178.2"
"8/28/2026 12:40:56 AM","33.128365","-96.875702","0","178.1"
"8/28/2026 12:40:57 AM","33.128365","-96.875702","0","178.2"
"8/28/2026 12:40:58 AM","33.128365","-96.875702","0","178.1"
"8/28/2026 12:40:59 AM","33.128365","-96.875702","0","178.1"
"8/28/2026 12:41:00 AM","33.128365","-96.875702","0","178"
"8/28/2026 12:41:01 AM","33.128365","-96.875702","0","178"
"8/28/2026 12:41:02 AM","33.128365","-96.875702","0","177.9"
"8/28/2026 12:41:03 AM","33.128365","-96.875702","0","177.8"
"8/28/2026 12:41:04 AM","33.128365","-96.875702","0","177.9"
"8/28/2026 12:41:05 AM","33.128365","-96.875702","0","177.9"
"8/28/2026 12:41:06 AM","33.128365","-96.875702","0","177.8"
"8/28/2026 12:41:07 AM","33.128365","-96.875702","0","177.8"
"8/28/2026 12:41:08 AM","33.128365","-96.875702","0","177.8"
"8/28/2026 12:41:09 AM","33.128365","-96.875702","0","177.8"
"8/28/2026 12:41:10 AM","33.128365","-96.875702","0","177.7"
"8/28/2026 12:41:11 AM","33.128365","-96.875702","0","177.8"
"8/28/2026 12:41:12 AM","33.128365","-96.875702","0","177.7"
"8/28/2026 12:41:13 AM","33.128365","-96.875702","0","177.8"
"8/28/2026 12:41:14 AM","33.128365","-96.875702","0","177.8"
"8/28/2026 12:41:15 AM","33.128365","-96.875702","0","177.8"
"8/28/2026 12:41:16 AM","33.128365","-96.875702","0","177.8"
"8/28/2026 12:41:17 AM","33.128365","-96.875702","0","177.8"
"8/28/2026 12:41:18 AM","33.128365","-96.875702","0","177.8"
"8/28/2026 12:41:19 AM","33.128365","-96.875702","0","177.8"
"8/28/2026 12:41:20 AM","33.128365","-96.875702","0","177.8"
"8/28/2026 12:41:21 AM","33.128365","-96.875702","0","177.8"
"8/28/2026 12:41:22 AM","33.128365","-96.875702","0","177.8"
"8/28/2026 12:41:23 AM","33.128365","-96.875687","0","177.8"
"8/28/2026 12:41:24 AM","33.128365","-96.875687","0","177.8"
"8/28/2026 12:41:25 AM","33.128365","-96.875687","0","177.8"
"8/28/2026 12:41:26 AM","33.128365","-96.875687","0","177.7"
"8/28/2026 12:41:27 AM","33.128365","-96.875687","0","177.8"
"8/28/2026 12:41:28 AM","33.128365","-96.875687","0","177.8"
"8/28/2026 12:41:29 AM","33.128365","-96.875687","0","177.8"
"8/28/2026 12:41:30 AM","33.128365","-96.875687","0","177.8"
"8/28/2026 12:41:31 AM","33.128365","-96.875687","0","177.8"
"8/28/2026 12:41:32 AM","33.128365","-96.875687","0","177.7"
"8/28/2026 12:41:33 AM","33.128365","-96.875687","0","177.7"
"8/28/2026 12:41:34 AM","33.128365","-96.875687","0","177.7"
"8/28/2026 12:41:35 AM","33.128365","-96.875687","0","177.7"
"8/28/2026 12:41:36 AM","33.128365","-96.875687","0","177.6"
"8/28/2026 12:41:37 AM","33.128365","-96.875687","0","177.6"
"8/28/2026 12:41:38 AM","33.128365","-96.875687","0","177.5"
"8/28/2026 12:41:39 AM","33.128365","-96.875687","0","177.6"
"8/28/2026 12:41:40 AM","33.128365","-96.875687","0","177.5"
"8/28/2026 12:41:41 AM","33.128365","-96.875687","0","177.5"
"8/28/2026 12:41:42 AM","33.128365","-96.875687","0","177.4"
"8/28/2026 12:41:43 AM","33.128365","-96.875687","0","177.4"
"8/28/2026 12:41:44 AM","33.128365","-96.875687","0","177.4"
"8/28/2026 12:41:45 AM","33.128365","-96.875687","0","177.4"
"8/28/2026 12:41:46 AM","33.128365","-96.875687","0","177.3"
"8/28/2026 12:41:47 AM","33.128365","-96.875687","0","177.3"
"8/28/2026 12:41:48 AM","33.128365","-96.875687","0","177.3"
"8/28/2026 12:41:49 AM","33.128365","-96.875687","0","177.2"
"8/28/2026 12:41:50 AM","33.128365","-96.875687","0","177.2"
"8/28/2026 12:41:51 AM","33.128365","-96.875687","0","177.2"
"8/28/2026 12:41:52 AM","33.128365","-96.875687","0","177.1"
"8/28/2026 12:41:53 AM","33.128365","-96.875687","0","177"
"8/28/2026 12:41:54 AM","33.128365","-96.875687","0","177"
"8/28/2026 12:41:55 AM","33.128365","-96.875687","0","176.9"
"8/28/2026 12:41:56 AM","33.128365","-96.875687","0","176.8"
"8/28/2026 12:41:57 AM","33.128365","-96.875687","0","176.8"
"8/28/2026 12:41:58 AM","33.128365","-96.875664","0","176.8"
"8/28/2026 12:41:59 AM","33.128365","-96.875664","0","176.8"
"8/28/2026 12:42:00 AM","33.128365","-96.875664","0","176.7"
"8/28/2026 12:42:01 AM","33.128365","-96.875664","0","176.7"
"8/28/2026 12:42:02 AM","33.128365","-96.875664","0","176.6"
"8/28/2026 12:42:03 AM","33.128365","-96.875664","0","176.5"
"8/28/2026 12:42:04 AM","33.128365","-96.875664","0","176.5"
"8/28/2026 12:42:05 AM","33.128365","-96.875664","0","176.5"
"8/28/2026 12:42:06 AM","33.128365","-96.875664","0","176.5"
"8/28/2026 12:42:07 AM","33.128365","-96.875664","0","176.4"
"8/28/2026 12:42:08 AM","33.128365","-96.875664","0","176.4"
"8/28/2026 12:42:09 AM","33.128365","-96.875664","0","176.4"
"8/28/2026 12:42:10 AM","33.128365","-96.875664","0","176.3"
"8/28/2026 12:42:11 AM","33.128365","-96.875664","0","176.3"
"8/28/2026 12:42:12 AM","33.128365","-96.875664","0","176.2"
"8/28/2026 12:42:13 AM","33.128365","-96.875664","0","176.2"
"8/28/2026 12:42:14 AM","33.128365","-96.875664","0","176.1"
"8/28/2026 12:42:15 AM","33.128365","-96.875664","0","176"
"8/28/2026 12:42:16 AM","33.128365","-96.875664","0","176"
"8/28/2026 12:42:17 AM","33.128365","-96.875664","0","176"
"8/28/2026 12:42:18 AM","33.128365","-96.875664","0","175.9"
"8/28/2026 12:42:19 AM","33.128365","-96.875664","0","175.9"
"8/28/2026 12:42:20 AM","33.128365","-96.875664","0","175.9"
"8/28/2026 12:42:21 AM","33.128365","-96.875664","0","175.8"
"8/28/2026 12:42:22 AM","33.128365","-96.875664","0","175.8"
"8/28/2026 12:42:23 AM","33.128365","-96.875664","0","175.8"
"8/28/2026 12:42:24 AM","33.128365","-96.875664","0","175.8"
"8/28/2026 12:42:25 AM","33.128365","-96.875664","0","175.7"
"8/28/2026 12:42:26 AM","33.128365","-96.875664","0","175.7"
"8/28/2026 12:42:27 AM","33.128365","-96.875664","0","175.7"
"8/28/2026 12:42:28 AM","33.128365","-96.875664","0","175.7"
"8/28/2026 12:42:29 AM","33.128365","-96.875664","0","175.7"
"8/28/2026 12:42:30 AM","33.128365","-96.875664","0","175.7"
"8/28/2026 12:42:31 AM","33.128365","-96.875664","0","175.7"
"8/28/2026 12:42:32 AM","33.128365","-96.875664","0","175.7"
"8/28/2026 12:42:33 AM","33.128365","-96.875664","0","175.7"
"8/28/2026 12:42:34 AM","33.128365","-96.875664","0","175.8"
"8/28/2026 12:42:35 AM","33.128365","-96.875664","0","175.8"
"8/28/2026 12:42:36 AM","33.128365","-96.875664","0","175.8"
"8/28/2026 12:42:37 AM","33.128365","-96.875664","0","175.9"
"8/28/2026 12:42:38 AM","33.128365","-96.875664","0","175.8"
"8/28/2026 12:42:39 AM","33.128365","-96.875664","0","175.9"
"8/28/2026 12:42:40 AM","33.128365","-96.875664","0","175.9"
"8/28/2026 12:42:41 AM","33.128365","-96.875664","0","175.9"
"8/28/2026 12:42:42 AM","33.128365","-96.875664","0","175.9"
"8/28/2026 12:42:43 AM","33.128365","-96.875664","0","175.9"
"8/28/2026 12:42:44 AM","33.128365","-96.875664","0","175.9"
"8/28/2026 12:42:45 AM","33.128368","-96.875664","0","175.9"
"8/28/2026 12:42:46 AM","33.128368","-96.875664","0","175.9"
"8/28/2026 12:42:47 AM","33.128368","-96.875664","0","175.9"
"8/28/2026 12:42:48 AM","33.128368","-96.875664","0","175.8"
"8/28/2026 12:42:49 AM","33.128368","-96.875664","0","175.9"
"8/28/2026 12:42:50 AM","33.128368","-96.875664","0","175.9"
"8/28/2026 12:42:51 AM","33.128368","-96.875664","0","175.8"
"8/28/2026 12:42:52 AM","33.128368","-96.875664","0","175.8"
"8/28/2026 12:42:53 AM","33.128368","-96.875664","0","175.9"
"8/28/2026 12:42:54 AM","33.128368","-96.875664","0","175.9"
"8/28/2026 12:42:55 AM","33.128372","-96.875664","0","175.9"
"8/28/2026 12:42:56 AM","33.128372","-96.875664","0","175.9"
"8/28/2026 12:42:57 AM","33.128372","-96.875664","0","175.9"
"8/28/2026 12:42:58 AM","33.128372","-96.875687","0","175.9"
"8/28/2026 12:42:59 AM","33.128372","-96.875687","0","175.9"
"8/28/2026 12:43:00 AM","33.128372","-96.875687","0","176"
"8/28/2026 12:43:01 AM","33.128372","-96.875687","0","176"
"8/28/2026 12:43:02 AM","33.128372","-96.875687","0","175.9"
"8/28/2026 12:43:03 AM","33.128372","-96.875687","0","175.9"
"8/28/2026 12:43:04 AM","33.128372","-96.875687","0","175.9"
"8/28/2026 12:43:05 AM","33.128372","-96.875687","0","175.9"
"8/28/2026 12:43:06 AM","33.128376","-96.875687","0","175.8"
"8/28/2026 12:43:07 AM","33.128376","-96.875687","0","175.8"
"8/28/2026 12:43:08 AM","33.128376","-96.875687","0","175.7"
"8/28/2026 12:43:09 AM","33.128376","-96.875687","0","175.7"
"8/28/2026 12:43:10 AM","33.128376","-96.875687","0","175.6"
"8/28/2026 12:43:11 AM","33.128376","-96.875687","0","175.6"
"8/28/2026 12:43:12 AM","33.128376","-96.875687","0","175.6"
"8/28/2026 12:43:13 AM","33.128376","-96.875687","0","175.6"
"8/28/2026 12:43:14 AM","33.128376","-96.875687","0","175.6"
"8/28/2026 12:43:15 AM","33.128376","-96.875687","0","175.6"
"8/28/2026 12:43:16 AM","33.128376","-96.875687","0","175.6"
"8/28/2026 12:43:17 AM","33.128376","-96.875687","0","175.6"
"8/28/2026 12:43:18 AM","33.128376","-96.875687","0","175.6"
"8/28/2026 12:43:19 AM","33.128376","-96.875687","0","175.6"
"8/28/2026 12:43:20 AM","33.128376","-96.875687","0","175.7"
"8/28/2026 12:43:21 AM","33.128376","-96.875687","0","175.7"
"8/28/2026 12:43:22 AM","33.128372","-96.875687","0","175.7"
"8/28/2026 12:43:23 AM","33.128372","-96.875687","0","175.7"
"8/28/2026 12:43:24 AM","33.128372","-96.875687","0","175.8"
"8/28/2026 12:43:25 AM","33.128372","-96.875687","0","175.7"
"8/28/2026 12:43:26 AM","33.128372","-96.875687","0","175.8"
"8/28/2026 12:43:27 AM","33.128372","-96.875687","0","175.8"
"8/28/2026 12:43:28 AM","33.128372","-96.875687","0","175.8"
"8/28/2026 12:43:29 AM","33.128372","-96.875702","0","175.9"
"8/28/2026 12:43:30 AM","33.128372","-96.875702","0","175.9"
"8/28/2026 12:43:31 AM","33.128372","-96.875702","0","176"
"8/28/2026 12:43:32 AM","33.128368","-96.875702","0","176"
"8/28/2026 12:43:33 AM","33.128368","-96.875702","0","176"
"8/28/2026 12:43:34 AM","33.128368","-96.875702","0","176.1"
"8/28/2026 12:43:35 AM","33.128368","-96.875702","0","176.1"
"8/28/2026 12:43:36 AM","33.128368","-96.875702","0","176.1"
"8/28/2026 12:43:37 AM","33.128368","-96.875702","0","176.1"
"8/28/2026 12:43:38 AM","33.128368","-96.875702","0","176.1"
"8/28/2026 12:43:39 AM","33.128368","-96.875702","0","176.1"
"8/28/2026 12:43:40 AM","33.128368","-96.875702","0","176.2"
"8/28/2026 12:43:41 AM","33.128365","-96.875702","0","176.2"
"8/28/2026 12:43:42 AM","33.128365","-96.875702","0","176.2"
"8/28/2026 12:43:43 AM","33.128365","-96.875702","0","176.3"
"8/28/2026 12:43:44 AM","33.128365","-96.875702","0","176.3"
"8/28/2026 12:43:45 AM","33.128365","-96.875702","0","176.4"
"8/28/2026 12:43:46 AM","33.128365","-96.875702","0","176.4"
"8/28/2026 12:43:47 AM","33.128365","-96.875702","0","176.5"
"8/28/2026 12:43:48 AM","33.128365","-96.875702","0","176.5"
"8/28/2026 12:43:49 AM","33.128365","-96.875702","0","176.6"
"8/28/2026 12:43:50 AM","33.128365","-96.875702","0","176.6"
"8/28/2026 12:43:51 AM","33.128365","-96.875702","0","176.6"
"8/28/2026 12:43:52 AM","33.128365","-96.875702","0","176.7"
"8/28/2026 12:43:53 AM","33.128365","-96.875702","0","176.7"
"8/28/2026 12:43:54 AM","33.128365","-96.875702","0","176.8"
"8/28/2026 12:43:55 AM","33.128365","-96.875702","0","176.8"
"8/28/2026 12:43:56 AM","33.128365","-96.875702","0","176.9"
"8/28/2026 12:43:57 AM","33.128365","-96.875702","0","176.9"
"8/28/2026 12:43:58 AM","33.128365","-96.875702","0","177"
"8/28/2026 12:43:59 AM","33.128365","-96.875702","0","177.1"
"8/28/2026 12:44:00 AM","33.128365","-96.875702","0","177.1"
"8/28/2026 12:44:01 AM","33.128365","-96.875702","0","177.2"
"8/28/2026 12:44:02 AM","33.128365","-96.875702","0","177.2"
"8/28/2026 12:44:03 AM","33.128365","-96.875702","0","177.3"
"8/28/2026 12:44:04 AM","33.128365","-96.875702","0","177.3"
"8/28/2026 12:44:05 AM","33.128365","-96.875702","0","177.3"
"8/28/2026 12:44:06 AM","33.128365","-96.875702","0","177.4"
"8/28/2026 12:44:07 AM","33.128365","-96.875702","0","177.4"
"8/28/2026 12:44:08 AM","33.128365","-96.875702","0","177.5"
"8/28/2026 12:44:09 AM","33.128365","-96.875702","0","177.5"
"8/28/2026 12:44:10 AM","33.128365","-96.875702","0","177.5"
"8/28/2026 12:44:11 AM","33.128365","-96.875702","0","177.5"
"8/28/2026 12:44:12 AM","33.128365","-96.875702","0","177.5"
"8/28/2026 12:44:13 AM","33.128365","-96.875702","0","177.5"
"8/28/2026 12:44:14 AM","33.128365","-96.875702","0","177.6"
"8/28/2026 12:44:15 AM","33.128365","-96.875702","0","177.6"
"8/28/2026 12:44:16 AM","33.128365","-96.875702","0","177.6"
"8/28/2026 12:44:17 AM","33.128365","-96.875702","0","177.6"
"8/28/2026 12:44:18 AM","33.128365","-96.875702","0","177.6"
"8/28/2026 12:44:19 AM","33.128365","-96.875702","0","177.6"
"8/28/2026 12:44:20 AM","33.128365","-96.875702","0","177.6"
"8/28/2026 12:44:21 AM","33.128365","-96.875702","0","177.6"
"8/28/2026 12:44:22 AM","33.128365","-96.875702","0","177.6"
"8/28/2026 12:44:23 AM","33.128365","-96.875702","0","177.6"
"8/28/2026 12:44:24 AM","33.128365","-96.875702","0","177.6"
"8/28/2026 12:44:25 AM","33.128365","-96.875702","0","177.6"
"8/28/2026 12:44:26 AM","33.128365","-96.875702","0","177.7"
"8/28/2026 12:44:27 AM","33.128365","-96.875702","0","177.6"
"8/28/2026 12:44:28 AM","33.128365","-96.875702","0","177.7"
"8/28/2026 12:44:29 AM","33.128365","-96.875702","0","177.7"
"8/28/2026 12:44:30 AM","33.128365","-96.875702","0","177.7"
"8/28/2026 12:44:31 AM","33.128365","-96.875702","0","177.7"
"8/28/2026 12:44:32 AM","33.128365","-96.875702","0","177.7"
"8/28/2026 12:44:33 AM","33.128365","-96.875702","0","177.7"
"8/28/2026 12:44:34 AM","33.128365","-96.875702","0","177.7"
"8/28/2026 12:44:35 AM","33.128365","-96.875702","0","177.7"
"8/28/2026 12:44:36 AM","33.128365","-96.875702","0","177.7"
"8/28/2026 12:44:37 AM","33.128365","-96.875702","0","177.7"
"8/28/2026 12:44:38 AM","33.128365","-96.875702","0","177.7"
"8/28/2026 12:44:39 AM","33.128365","-96.875702","0","177.7"
"8/28/2026 12:44:40 AM","33.128365","-96.875702","0","177.8"
"8/28/2026 12:44:41 AM","33.128365","-96.875702","0","177.7"
"8/28/2026 12:44:42 AM","33.128365","-96.875702","0","177.7"
"8/28/2026 12:44:43 AM","33.128365","-96.875702","0","177.7"
"8/28/2026 12:44:44 AM","33.128365","-96.875702","0","177.7"
"8/28/2026 12:44:45 AM","33.128365","-96.875702","0","177.7"
"8/28/2026 12:44:46 AM","33.128365","-96.875702","0","177.7"
"8/28/2026 12:44:47 AM","33.128365","-96.875702","0","177.7"
"8/28/2026 12:44:48 AM","33.128365","-96.875702","0","177.7"
"8/28/2026 12:44:49 AM","33.128365","-96.875702","0","177.7"
"8/28/2026 12:44:50 AM","33.128365","-96.875702","0","177.7"
"8/28/2026 12:44:51 AM","33.128365","-96.875702","0","177.8"
"8/28/2026 12:44:52 AM","33.128365","-96.875702","0","177.7"
"8/28/2026 12:44:53 AM","33.128365","-96.875702","0","177.8"
"8/28/2026 12:44:54 AM","33.128365","-96.875702","0","177.8"
"8/28/2026 12:44:55 AM","33.128365","-96.875702","0","177.8"
"8/28/2026 12:44:56 AM","33.128365","-96.875702","0","177.7"
"8/28/2026 12:44:57 AM","33.128365","-96.875702","0","177.7"
"8/28/2026 12:44:58 AM","33.128365","-96.875702","0","177.7"
"8/28/2026 12:44:59 AM","33.128365","-96.875702","0","177.7"
"8/28/2026 12:45:00 AM","33.128365","-96.875702","0","177.7"
"8/28/2026 12:45:01 AM","33.128365","-96.875702","0","177.7"
"8/28/2026 12:45:02 AM","33.128365","-96.875702","0","177.7"
"8/28/2026 12:45:03 AM","33.128365","-96.875702","0","177.7"
"8/28/2026 12:45:04 AM","33.128365","-96.875702","0","177.7"
"8/28/2026 12:45:05 AM","33.128365","-96.875702","0","177.7"
"8/28/2026 12:45:06 AM","33.128365","-96.875702","0","177.6"
"8/28/2026 12:45:07 AM","33.128365","-96.875702","0","177.6"
"8/28/2026 12:45:08 AM","33.128365","-96.875702","0","177.6"
"8/28/2026 12:45:09 AM","33.128365","-96.875702","0","177.7"
"8/28/2026 12:45:10 AM","33.128365","-96.875702","0","177.7"
"8/28/2026 12:45:11 AM","33.128365","-96.875702","0","177.7"
"8/28/2026 12:45:12 AM","33.128361","-96.875702","0","177.7"
"8/28/2026 12:45:13 AM","33.128361","-96.875702","0","177.7"
"8/28/2026 12:45:14 AM","33.128361","-96.875702","0","177.7"
"8/28/2026 12:45:15 AM","33.128361","-96.875702","0","177.7"
"8/28/2026 12:45:16 AM","33.128361","-96.875702","0","177.7"
"8/28/2026 12:45:17 AM","33.128361","-96.875702","0","177.7"
"8/28/2026 12:45:18 AM","33.128361","-96.875702","0","177.6"
"8/28/2026 12:45:19 AM","33.128361","-96.875702","0","177.6"
"8/28/2026 12:45:20 AM","33.128361","-96.875702","0","177.6"
"8/28/2026 12:45:21 AM","33.128361","-96.875702","0","177.6"
"8/28/2026 12:45:22 AM","33.128361","-96.875702","0","177.6"
"8/28/2026 12:45:23 AM","33.128361","-96.875702","0","177.6"
"8/28/2026 12:45:24 AM","33.128361","-96.875702","0","177.6"
"8/28/2026 12:45:25 AM","33.128361","-96.875702","0","177.6"
"8/28/2026 12:45:26 AM","33.128361","-96.875702","0","177.6"
"8/28/2026 12:45:27 AM","33.128361","-96.875702","0","177.6"
"8/28/2026 12:45:28 AM","33.128361","-96.875702","0","177.6"
"8/28/2026 12:45:29 AM","33.128361","-96.875702","0","177.6"
"8/28/2026 12:45:30 AM","33.128361","-96.875702","0","177.6"
"8/28/2026 12:45:31 AM","33.128361","-96.875702","0","177.6"
"8/28/2026 12:45:32 AM","33.128361","-96.875702","0","177.6"
"8/28/2026 12:45:33 AM","33.128361","-96.875702","0","177.6"
"8/28/2026 12:45:34 AM","33.128361","-96.875702","0","177.6"
"8/28/2026 12:45:35 AM","33.128361","-96.875702","0","177.6"
"8/28/2026 12:45:36 AM","33.128361","-96.875702","0","177.6"
"8/28/2026 12:45:37 AM","33.128357","-96.875702","0","177.6"
"8/28/2026 12:45:38 AM","33.128357","-96.875702","0","177.6"
"8/28/2026 12:45:39 AM","33.128357","-96.875702","0","177.6"
"8/28/2026 12:45:40 AM","33.128357","-96.875702","0","177.6"
"8/28/2026 12:45:41 AM","33.128357","-96.875702","0","177.6"
"8/28/2026 12:45:42 AM","33.128357","-96.875702","0","177.6"
"8/28/2026 12:45:43 AM","33.128357","-96.875702","0","177.6"
"8/28/2026 12:45:44 AM","33.128357","-96.875702","0","177.5"
"8/28/2026 12:45:45 AM","33.128357","-96.875702","0","177.5"
"8/28/2026 12:45:46 AM","33.128357","-96.875702","0","177.5"
"8/28/2026 12:45:47 AM","33.128357","-96.875702","0","177.5"
"8/28/2026 12:45:48 AM","33.128357","-96.875702","0","177.5"
"8/28/2026 12:45:49 AM","33.128353","-96.875702","0","177.5"
"8/28/2026 12:45:50 AM","33.128353","-96.875702","0","177.5"
"8/28/2026 12:45:51 AM","33.128353","-96.875702","0","177.5"
"8/28/2026 12:45:52 AM","33.128353","-96.875702","0","177.4"
"8/28/2026 12:45:53 AM","33.128353","-96.875702","0","177.4"
"8/28/2026 12:45:54 AM","33.128353","-96.875702","0","177.4"
"8/28/2026 12:45:55 AM","33.128353","-96.875702","0","177.4"
"8/28/2026 12:45:56 AM","33.128353","-96.875702","0","177.4"
"8/28/2026 12:45:57 AM","33.128353","-96.875702","0","177.4"
"8/28/2026 12:45:58 AM","33.128353","-96.875702","0","177.4"
"8/28/2026 12:45:59 AM","33.128353","-96.875702","0","177.4"
"8/28/2026 12:46:00 AM","33.128353","-96.875687","0","177.4"
"8/28/2026 12:46:01 AM","33.128353","-96.875687","0","177.4"
"8/28/2026 12:46:02 AM","33.128353","-96.875687","0","177.5"
"8/28/2026 12:46:03 AM","33.128353","-96.875687","0","177.5"
"8/28/2026 12:46:04 AM","33.128353","-96.875687","0","177.4"
"8/28/2026 12:46:05 AM","33.128353","-96.875687","0","177.5"
"8/28/2026 12:46:06 AM","33.128353","-96.875687","0","177.5"
"8/28/2026 12:46:07 AM","33.128349","-96.875687","0","177.5"
"8/28/2026 12:46:08 AM","33.128349","-96.875687","0","177.5"
"8/28/2026 12:46:09 AM","33.128349","-96.875687","0","177.5"
"8/28/2026 12:46:10 AM","33.128349","-96.875687","0","177.5"
"8/28/2026 12:46:11 AM","33.128349","-96.875687","0","177.5"
"8/28/2026 12:46:12 AM","33.128349","-96.875687","0","177.5"
"8/28/2026 12:46:13 AM","33.128349","-96.875687","0","177.5"
"8/28/2026 12:46:14 AM","33.128349","-96.875687","0","177.6"
"8/28/2026 12:46:15 AM","33.128349","-96.875687","0","177.5"
"8/28/2026 12:46:16 AM","33.128349","-96.875687","0","177.5"
"8/28/2026 12:46:17 AM","33.128349","-96.875687","0","177.6"
"8/28/2026 12:46:18 AM","33.128349","-96.875687","0","177.5"
"8/28/2026 12:46:19 AM","33.128349","-96.875687","0","177.5"
"8/28/2026 12:46:20 AM","33.128349","-96.875687","0","177.6"
"8/28/2026 12:46:21 AM","33.128349","-96.875687","0","177.6"
"8/28/2026 12:46:22 AM","33.128349","-96.875687","0","177.6"
"8/28/2026 12:46:23 AM","33.128349","-96.875687","0","177.6"
"8/28/2026 12:46:24 AM","33.128349","-96.875687","0","177.6"
"8/28/2026 12:46:25 AM","33.128349","-96.875687","0","177.6"
"8/28/2026 12:46:26 AM","33.128345","-96.875687","0","177.7"
"8/28/2026 12:46:27 AM","33.128345","-96.875687","0","177.7"
"8/28/2026 12:46:28 AM","33.128345","-96.875687","0","177.7"
"8/28/2026 12:46:29 AM","33.128345","-96.875687","0","177.7"
"8/28/2026 12:46:30 AM","33.128345","-96.875687","0","177.7"
"8/28/2026 12:46:31 AM","33.128345","-96.875687","0","177.8"
"8/28/2026 12:46:32 AM","33.128345","-96.875687","0","177.8"
"8/28/2026 12:46:33 AM","33.128345","-96.875687","0","177.8"
"8/28/2026 12:46:34 AM","33.128345","-96.875687","0","177.8"
"8/28/2026 12:46:35 AM","33.128345","-96.875687","0","177.9"
"8/28/2026 12:46:36 AM","33.128345","-96.875687","0","177.9"
"8/28/2026 12:46:37 AM","33.128345","-96.875687","0","177.9"
"8/28/2026 12:46:38 AM","33.128345","-96.875687","0","178"
"8/28/2026 12:46:39 AM","33.128345","-96.875687","0","178"
"8/28/2026 12:46:40 AM","33.128345","-96.875687","0","178"
"8/28/2026 12:46:41 AM","33.128345","-96.875687","0","178"
"8/28/2026 12:46:42 AM","33.128345","-96.875702","0","178"
"8/28/2026 12:46:43 AM","33.128345","-96.875702","0","178.1"
"8/28/2026 12:46:44 AM","33.128345","-96.875702","0","178.1"
"8/28/2026 12:46:45 AM","33.128345","-96.875702","0","178.1"
"8/28/2026 12:46:46 AM","33.128345","-96.875702","0","178.1"
"8/28/2026 12:46:47 AM","33.128345","-96.875702","0","178.1"
"8/28/2026 12:46:48 AM","33.128342","-96.875702","0","178.1"
"8/28/2026 12:46:49 AM","33.128342","-96.875702","0","178.1"
"8/28/2026 12:46:50 AM","33.128342","-96.875702","0","178.2"
"8/28/2026 12:46:51 AM","33.128342","-96.875702","0","178.2"
"8/28/2026 12:46:52 AM","33.128342","-96.875702","0","178.2"
"8/28/2026 12:46:53 AM","33.128342","-96.875702","0","178.2"
"8/28/2026 12:46:54 AM","33.128342","-96.875702","0","178.2"
"8/28/2026 12:46:55 AM","33.128342","-96.875702","0","178.2"
"8/28/2026 12:46:56 AM","33.128342","-96.875702","0","178.3"
"8/28/2026 12:46:57 AM","33.128342","-96.875702","0","178.3"
"8/28/2026 12:46:58 AM","33.128342","-96.875702","0","178.3"
"8/28/2026 12:46:59 AM","33.128342","-96.875702","0","178.3"
"8/28/2026 12:47:00 AM","33.128342","-96.875702","0","178.3"
"8/28/2026 12:47:01 AM","33.128342","-96.875702","0","178.4"
"8/28/2026 12:47:02 AM","33.128342","-96.875702","0","178.4"
"8/28/2026 12:47:03 AM","33.128342","-96.875702","0","178.4"
"8/28/2026 12:47:04 AM","33.128342","-96.875702","0","178.4"
"8/28/2026 12:47:05 AM","33.128342","-96.875702","0","178.4"
"8/28/2026 12:47:06 AM","33.128342","-96.875702","0","178.4"
"8/28/2026 12:47:07 AM","33.128342","-96.875702","0","178.5"
"8/28/2026 12:47:08 AM","33.128342","-96.875702","0","178.5"
"8/28/2026 12:47:09 AM","33.128342","-96.875702","0","178.5"
"8/28/2026 12:47:10 AM","33.128342","-96.875702","0","178.5"
"8/28/2026 12:47:11 AM","33.128342","-96.875702","0","178.5"
"8/28/2026 12:47:12 AM","33.128342","-96.875702","0","178.5"
"8/28/2026 12:47:13 AM","33.128342","-96.875702","0","178.5"
"8/28/2026 12:47:14 AM","33.128342","-96.875702","0","178.5"
"8/28/2026 12:47:15 AM","33.128342","-96.875702","0","178.5"
"8/28/2026 12:47:16 AM","33.128342","-96.875702","0","178.6"
"8/28/2026 12:47:17 AM","33.128342","-96.875702","0","178.6"
"8/28/2026 12:47:18 AM","33.128342","-96.875702","0","178.6"
"8/28/2026 12:47:19 AM","33.128345","-96.875702","0","178.6"
"8/28/2026 12:47:20 AM","33.128345","-96.875702","0","178.6"
"8/28/2026 12:47:21 AM","33.128345","-96.875702","0","178.6"
"8/28/2026 12:47:22 AM","33.128345","-96.875702","0","178.6"
"8/28/2026 12:47:23 AM","33.128345","-96.875702","0","178.6"
"8/28/2026 12:47:24 AM","33.128345","-96.875702","0","178.6"
"8/28/2026 12:47:25 AM","33.128345","-96.875687","0","178.7"
"8/28/2026 12:47:26 AM","33.128345","-96.875687","0","178.7"
"8/28/2026 12:47:27 AM","33.128345","-96.875687","0","178.7"
"8/28/2026 12:47:28 AM","33.128345","-96.875687","0","178.7"
"8/28/2026 12:47:29 AM","33.128345","-96.875687","0","178.7"
"8/28/2026 12:47:30 AM","33.128345","-96.875687","0","178.7"
"8/28/2026 12:47:31 AM","33.128345","-96.875687","0","178.7"
"8/28/2026 12:47:32 AM","33.128345","-96.875687","0","178.7"
"8/28/2026 12:47:33 AM","33.128345","-96.875687","0","178.7"
"8/28/2026 12:47:34 AM","33.128345","-96.875687","0","178.8"
"8/28/2026 12:47:35 AM","33.128345","-96.875687","0","178.8"
"8/28/2026 12:47:36 AM","33.128345","-96.875687","0","178.8"
"8/28/2026 12:47:37 AM","33.128345","-96.875687","0","178.8"
"8/28/2026 12:47:38 AM","33.128345","-96.875687","0","178.8"
"8/28/2026 12:47:39 AM","33.128345","-96.875687","0","178.8"
"8/28/2026 12:47:40 AM","33.128345","-96.875687","0","178.8"
"8/28/2026 12:47:41 AM","33.128345","-96.875687","0","178.8"
"8/28/2026 12:47:42 AM","33.128345","-96.875687","0","178.8"
"8/28/2026 12:47:43 AM","33.128345","-96.875687","0","178.8"
"8/28/2026 12:47:44 AM","33.128345","-96.875687","0","178.8"
"8/28/2026 12:47:45 AM","33.128345","-96.875687","0","178.8"
"8/28/2026 12:47:46 AM","33.128345","-96.875687","0","178.9"
"8/28/2026 12:47:47 AM","33.128345","-96.875687","0","178.9"
"8/28/2026 12:47:48 AM","33.128345","-96.875687","0","178.9"
"8/28/2026 12:47:49 AM","33.128345","-96.875687","0","178.9"
"8/28/2026 12:47:50 AM","33.128345","-96.875687","0","178.9"
"8/28/2026 12:47:51 AM","33.128345","-96.875687","0","178.9"
"8/28/2026 12:47:52 AM","33.128345","-96.875687","0","178.9"
"8/28/2026 12:47:53 AM","33.128345","-96.875687","0","178.9"
"8/28/2026 12:47:54 AM","33.128345","-96.875687","0","178.9"
"8/28/2026 12:47:55 AM","33.128345","-96.875687","0","178.9"
"8/28/2026 12:47:56 AM","33.128345","-96.875687","0","178.9"
"8/28/2026 12:47:57 AM","33.128345","-96.875687","0","178.9"
"8/28/2026 12:47:58 AM","33.128345","-96.875687","0","178.9"
"8/28/2026 12:47:59 AM","33.128345","-96.875687","0","178.9"
"8/28/2026 12:48:00 AM","33.128345","-96.875687","0","178.9"
"8/28/2026 12:48:01 AM","33.128345","-96.875687","0","178.9"
"8/28/2026 12:48:02 AM","33.128345","-96.875687","0","178.9"
"8/28/2026 12:48:03 AM","33.128345","-96.875687","0","178.9"
"8/28/2026 12:48:04 AM","33.128345","-96.875687","0","178.9"
"8/28/2026 12:48:05 AM","33.128345","-96.875687","0","178.8"
"8/28/2026 12:48:06 AM","33.128345","-96.875687","0","178.8"
"8/28/2026 12:48:07 AM","33.128345","-96.875687","0","178.8"
"8/28/2026 12:48:08 AM","33.128345","-96.875687","0","178.8"
"8/28/2026 12:48:09 AM","33.128345","-96.875687","0","178.8"
"8/28/2026 12:48:10 AM","33.128345","-96.875687","0","178.8"
"8/28/2026 12:48:11 AM","33.128345","-96.875687","0","178.8"
"8/28/2026 12:48:12 AM","33.128345","-96.875687","0","178.8"
"8/28/2026 12:48:13 AM","33.128345","-96.875687","0","178.8"
"8/28/2026 12:48:14 AM","33.128345","-96.875687","0","178.8"
"8/28/2026 12:48:15 AM","33.128345","-96.875687","0","178.7"
"8/28/2026 12:48:16 AM","33.128345","-96.875687","0","178.7"
"8/28/2026 12:48:17 AM","33.128345","-96.875687","0","178.7"
"8/28/2026 12:48:18 AM","33.128345","-96.875687","0","178.7"
"8/28/2026 12:48:19 AM","33.128345","-96.875687","0","178.6"
"8/28/2026 12:48:20 AM","33.128345","-96.875687","0","178.6"
"8/28/2026 12:48:21 AM","33.128342","-96.875687","0","178.6"
"8/28/2026 12:48:22 AM","33.128342","-96.875687","0","178.6"
"8/28/2026 12:48:23 AM","33.128342","-96.875687","0","178.6"
"8/28/2026 12:48:24 AM","33.128342","-96.875687","0","178.6"
"8/28/2026 12:48:25 AM","33.128342","-96.875687","0","178.5"
"8/28/2026 12:48:26 AM","33.128342","-96.875664","0","178.5"
"8/28/2026 12:48:27 AM","33.128345","-96.875664","0","178.5"
"8/28/2026 12:48:28 AM","33.128345","-96.875664","0","178.5"
"8/28/2026 12:48:29 AM","33.128345","-96.875664","0","178.5"
"8/28/2026 12:48:30 AM","33.128345","-96.875664","0","178.4"
"8/28/2026 12:48:31 AM","33.128345","-96.875664","0","178.4"
"8/28/2026 12:48:32 AM","33.128345","-96.875664","0","178.3"
"8/28/2026 12:48:33 AM","33.128345","-96.875664","0","178.3"
"8/28/2026 12:48:34 AM","33.128345","-96.875664","0","178.3"
"8/28/2026 12:48:35 AM","33.128345","-96.875664","0","178.2"
"8/28/2026 12:48:36 AM","33.128345","-96.875664","0","178.2"
"8/28/2026 12:48:37 AM","33.128345","-96.875664","0","178.2"
"8/28/2026 12:48:38 AM","33.128345","-96.875664","0","178.2"
"8/28/2026 12:48:39 AM","33.128345","-96.875664","0","178.2"
"8/28/2026 12:48:40 AM","33.128345","-96.875664","0","178.1"
"8/28/2026 12:48:41 AM","33.128345","-96.875664","0","178.1"
"8/28/2026 12:48:42 AM","33.128345","-96.875664","0","178.1"
"8/28/2026 12:48:43 AM","33.128345","-96.875664","0","178.1"
"8/28/2026 12:48:44 AM","33.128345","-96.875664","0","178.1"
"8/28/2026 12:48:45 AM","33.128345","-96.875687","0","178.1"
"8/28/2026 12:48:46 AM","33.128345","-96.875687","0","178.1"
"8/28/2026 12:48:47 AM","33.128345","-96.875687","0","178.1"
"8/28/2026 12:48:48 AM","33.128345","-96.875687","0","178.1"
"8/28/2026 12:48:49 AM","33.128345","-96.875687","0","178.1"
"8/28/2026 12:48:50 AM","33.128345","-96.875687","0","178.1"
"8/28/2026 12:48:51 AM","33.128345","-96.875687","0","178"
"8/28/2026 12:48:52 AM","33.128345","-96.875687","0","178"
"8/28/2026 12:48:53 AM","33.128345","-96.875687","0","178"
"8/28/2026 12:48:54 AM","33.128345","-96.875687","0","178"
"8/28/2026 12:48:55 AM","33.128345","-96.875687","0","178"
"8/28/2026 12:48:56 AM","33.128345","-96.875687","0","178"
"8/28/2026 12:48:57 AM","33.128345","-96.875687","0","178"
"8/28/2026 12:48:58 AM","33.128345","-96.875687","0","178"
"8/28/2026 12:48:59 AM","33.128345","-96.875687","0","178"
"8/28/2026 12:49:00 AM","33.128345","-96.875687","0","178"
"8/28/2026 12:49:01 AM","33.128345","-96.875687","0","178"
"8/28/2026 12:49:02 AM","33.128345","-96.875687","0","178"
"8/28/2026 12:49:03 AM","33.128345","-96.875687","0","178"
"8/28/2026 12:49:04 AM","33.128345","-96.875687","0","178"
"8/28/2026 12:49:05 AM","33.128345","-96.875687","0","178"
"8/28/2026 12:49:06 AM","33.128345","-96.875687","0","178"
"8/28/2026 12:49:07 AM","33.128345","-96.875687","0","178"
"8/28/2026 12:49:08 AM","33.128345","-96.875687","0","178"
"8/28/2026 12:49:09 AM","33.128345","-96.875687","0","178"
"8/28/2026 12:49:10 AM","33.128345","-96.875687","0","178"
"8/28/2026 12:49:11 AM","33.128345","-96.875687","0","178"
"8/28/2026 12:49:12 AM","33.128345","-96.875687","0","178"
"8/28/2026 12:49:13 AM","33.128345","-96.875687","0","178"
"8/28/2026 12:49:14 AM","33.128345","-96.875687","0","178"
"8/28/2026 12:49:15 AM","33.128345","-96.875687","0","178"
"8/28/2026 12:49:16 AM","33.128345","-96.875687","0","178"
"8/28/2026 12:49:17 AM","33.128345","-96.875687","0","178"
"8/28/2026 12:49:18 AM","33.128345","-96.875664","0","178"
"8/28/2026 12:49:19 AM","33.128349","-96.875664","0","178"
"8/28/2026 12:49:20 AM","33.128349","-96.875664","0","178"
"8/28/2026 12:49:21 AM","33.128349","-96.875664","0","178"
"8/28/2026 12:49:22 AM","33.128349","-96.875664","0","178"
"8/28/2026 12:49:23 AM","33.128349","-96.875664","0","178"
"8/28/2026 12:49:24 AM","33.128349","-96.875664","0","178"
"8/28/2026 12:49:25 AM","33.128349","-96.875664","0","178"
"8/28/2026 12:49:26 AM","33.128349","-96.875664","0","178"
"8/28/2026 12:49:27 AM","33.128349","-96.875664","0","178"
"8/28/2026 12:49:28 AM","33.128349","-96.875664","0","178"
"8/28/2026 12:49:29 AM","33.128349","-96.875664","0","178"
"8/28/2026 12:49:30 AM","33.128349","-96.875664","0","178"
"8/28/2026 12:49:31 AM","33.128349","-96.875664","0","178"
"8/28/2026 12:49:32 AM","33.128349","-96.875664","0","177.9"
"8/28/2026 12:49:33 AM","33.128349","-96.875664","0","177.9"
"8/28/2026 12:49:34 AM","33.128349","-96.875664","0","177.9"
"8/28/2026 12:49:35 AM","33.128349","-96.875664","0","177.9"
"8/28/2026 12:49:36 AM","33.128349","-96.875664","0","177.9"
"8/28/2026 12:49:37 AM","33.128349","-96.875664","0","177.9"
"8/28/2026 12:49:38 AM","33.128349","-96.875664","0","177.9"
"8/28/2026 12:49:39 AM","33.128349","-96.875664","0","177.9"
"8/28/2026 12:49:40 AM","33.128349","-96.875664","0","177.9"
"8/28/2026 12:49:41 AM","33.128349","-96.875648","0","177.9"
"8/28/2026 12:49:42 AM","33.128349","-96.875648","0","177.8"
"8/28/2026 12:49:43 AM","33.128349","-96.875648","0","177.8"
"8/28/2026 12:49:44 AM","33.128349","-96.875648","0","177.8"
"8/28/2026 12:49:45 AM","33.128349","-96.875648","0","177.8"
"8/28/2026 12:49:46 AM","33.128349","-96.875648","0","177.8"
"8/28/2026 12:49:47 AM","33.128345","-96.875648","0","177.9"
"8/28/2026 12:49:48 AM","33.128345","-96.875648","0","177.8"
"8/28/2026 12:49:49 AM","33.128345","-96.875648","0","177.8"
"8/28/2026 12:49:50 AM","33.128345","-96.875648","0","177.8"
"8/28/2026 12:49:51 AM","33.128345","-96.875648","0","177.8"
"8/28/2026 12:49:52 AM","33.128345","-96.875648","0","177.8"
"8/28/2026 12:49:53 AM","33.128345","-96.875648","0","177.7"
"8/28/2026 12:49:54 AM","33.128345","-96.875648","0","177.7"
"8/28/2026 12:49:55 AM","33.128345","-96.875648","0","177.8"
"8/28/2026 12:49:56 AM","33.128345","-96.875648","0","177.8"
"8/28/2026 12:49:57 AM","33.128345","-96.875648","0","177.8"
"8/28/2026 12:49:58 AM","33.128345","-96.875648","0","177.8"
"8/28/2026 12:49:59 AM","33.128345","-96.875648","0","177.8"
"8/28/2026 12:50:00 AM","33.128345","-96.875648","0","177.8"
"8/28/2026 12:50:01 AM","33.128345","-96.875648","0","177.8"
"8/28/2026 12:50:02 AM","33.128345","-96.875648","0","177.8"
"8/28/2026 12:50:03 AM","33.128345","-96.875648","0","177.8"
"8/28/2026 12:50:04 AM","33.128345","-96.875648","0","177.7"
"8/28/2026 12:50:05 AM","33.128345","-96.875648","0","177.7"
"8/28/2026 12:50:06 AM","33.128345","-96.875648","0","177.7"
"8/28/2026 12:50:07 AM","33.128345","-96.875648","0","177.8"
"8/28/2026 12:50:08 AM","33.128345","-96.875648","0","177.7"
"8/28/2026 12:50:09 AM","33.128345","-96.875648","0","177.7"
"8/28/2026 12:50:10 AM","33.128345","-96.875648","0","177.7"
"8/28/2026 12:50:11 AM","33.128345","-96.875648","0","177.7"
"8/28/2026 12:50:12 AM","33.128345","-96.875648","0","177.7"
"8/28/2026 12:50:13 AM","33.128345","-96.875648","0","177.7"
"8/28/2026 12:50:14 AM","33.128345","-96.875648","0","177.7"
"8/28/2026 12:50:15 AM","33.128345","-96.875648","0","177.7"
"8/28/2026 12:50:16 AM","33.128345","-96.875648","0","177.7"
"8/28/2026 12:50:17 AM","33.128345","-96.875648","0","177.7"
"8/28/2026 12:50:18 AM","33.128345","-96.875648","0","177.7"
"8/28/2026 12:50:19 AM","33.128345","-96.875648","0","177.7"
"8/28/2026 12:50:20 AM","33.128345","-96.875648","0","177.7"
"8/28/2026 12:50:21 AM","33.128345","-96.875648","0","177.7"
"8/28/2026 12:50:22 AM","33.128345","-96.875648","0","177.7"
"8/28/2026 12:50:23 AM","33.128345","-96.875648","0","177.6"
"8/28/2026 12:50:24 AM","33.128345","-96.875648","0","177.6"
"8/28/2026 12:50:25 AM","33.128345","-96.875648","0","177.6"
"8/28/2026 12:50:26 AM","33.128345","-96.875648","0","177.6"
"8/28/2026 12:50:27 AM","33.128345","-96.875648","0","177.6"
"8/28/2026 12:50:28 AM","33.128345","-96.875648","0","177.5"
"8/28/2026 12:50:29 AM","33.128345","-96.875648","0","177.5"
"8/28/2026 12:50:30 AM","33.128345","-96.875648","0","177.5"
"8/28/2026 12:50:31 AM","33.128345","-96.875648","0","177.5"
"8/28/2026 12:50:32 AM","33.128345","-96.875648","0","177.5"
"8/28/2026 12:50:33 AM","33.128345","-96.875648","0","177.5"
"8/28/2026 12:50:34 AM","33.128345","-96.875648","0","177.5"
"8/28/2026 12:50:35 AM","33.128345","-96.875648","0","177.5"
"8/28/2026 12:50:36 AM","33.128345","-96.875648","0","177.5"
"8/28/2026 12:50:37 AM","33.128345","-96.875648","0","177.4"
"8/28/2026 12:50:38 AM","33.128345","-96.875648","0","177.4"
"8/28/2026 12:50:39 AM","33.128345","-96.875648","0","177.4"
"8/28/2026 12:50:40 AM","33.128345","-96.875648","0","177.4"
"8/28/2026 12:50:41 AM","33.128345","-96.875648","0","177.4"
"8/28/2026 12:50:42 AM","33.128345","-96.875648","0","177.4"
"8/28/2026 12:50:43 AM","33.128345","-96.875648","0","177.4"
"8/28/2026 12:50:44 AM","33.128345","-96.875648","0","177.4"
"8/28/2026 12:50:45 AM","33.128345","-96.875648","0","177.4"
"8/28/2026 12:50:46 AM","33.128345","-96.875648","0","177.4"
"8/28/2026 12:50:47 AM","33.128345","-96.875648","0","177.3"
"8/28/2026 12:50:48 AM","33.128345","-96.875648","0","177.3"
"8/28/2026 12:50:49 AM","33.128345","-96.875648","0","177.2"
"8/28/2026 12:50:50 AM","33.128345","-96.875648","0","177.2"
"8/28/2026 12:50:51 AM","33.128345","-96.875648","0","177.2"
"8/28/2026 12:50:52 AM","33.128345","-96.875648","0","177.1"
"8/28/2026 12:50:53 AM","33.128345","-96.875648","0","177.1"
"8/28/2026 12:50:54 AM","33.128345","-96.875648","0","177"
"8/28/2026 12:50:55 AM","33.128345","-96.875648","0","177"
"8/28/2026 12:50:56 AM","33.128349","-96.875633","0","177"
"8/28/2026 12:50:57 AM","33.128349","-96.875633","0","177"
"8/28/2026 12:50:58 AM","33.128349","-96.875633","0","177"
"8/28/2026 12:50:59 AM","33.128349","-96.875633","0","177"
"8/28/2026 12:51:00 AM","33.128349","-96.875633","0","177"
"8/28/2026 12:51:01 AM","33.128349","-96.875633","0","176.9"
"8/28/2026 12:51:02 AM","33.128349","-96.875633","0","176.9"
"8/28/2026 12:51:03 AM","33.128349","-96.875633","0","176.9"
"8/28/2026 12:51:04 AM","33.128349","-96.875633","0","176.9"
"8/28/2026 12:51:05 AM","33.128349","-96.875633","0","176.9"
"8/28/2026 12:51:06 AM","33.128349","-96.875633","0","176.9"
"8/28/2026 12:51:07 AM","33.128349","-96.875633","0","176.8"
"8/28/2026 12:51:08 AM","33.128349","-96.875633","0","176.8"
"8/28/2026 12:51:09 AM","33.128349","-96.875633","0","176.7"
"8/28/2026 12:51:10 AM","33.128349","-96.875633","0","176.7"
"8/28/2026 12:51:11 AM","33.128349","-96.875633","0","176.7"
"8/28/2026 12:51:12 AM","33.128349","-96.875633","0","176.7"
"8/28/2026 12:51:13 AM","33.128349","-96.875633","0","176.7"
"8/28/2026 12:51:14 AM","33.128349","-96.875633","0","176.6"
"8/28/2026 12:51:15 AM","33.128349","-96.875633","0","176.6"
"8/28/2026 12:51:16 AM","33.128349","-96.875633","0","176.6"
"8/28/2026 12:51:17 AM","33.128349","-96.875633","0","176.7"
"8/28/2026 12:51:18 AM","33.128349","-96.875633","0","176.7"
"8/28/2026 12:51:19 AM","33.128353","-96.875633","0","176.7"
"8/28/2026 12:51:20 AM","33.128353","-96.875633","0","176.7"
"8/28/2026 12:51:21 AM","33.128353","-96.875633","0","176.7"
"8/28/2026 12:51:22 AM","33.128353","-96.875633","0","176.7"
"8/28/2026 12:51:23 AM","33.128353","-96.875633","0","176.7"
"8/28/2026 12:51:24 AM","33.128353","-96.875633","0","176.7"
"8/28/2026 12:51:25 AM","33.128353","-96.875633","0","176.7"
"8/28/2026 12:51:26 AM","33.128353","-96.875633","0","176.7"
"8/28/2026 12:51:27 AM","33.128353","-96.875633","0","176.7"
"8/28/2026 12:51:28 AM","33.128353","-96.875633","0","176.7"
"8/28/2026 12:51:29 AM","33.128349","-96.875633","0","176.6"
"8/28/2026 12:51:30 AM","33.128349","-96.875633","0","176.6"
"8/28/2026 12:51:31 AM","33.128349","-96.875633","0","176.6"
"8/28/2026 12:51:32 AM","33.128349","-96.875633","0","176.5"
"8/28/2026 12:51:33 AM","33.128349","-96.875633","0","176.5"
"8/28/2026 12:51:34 AM","33.128349","-96.875633","0","176.5"
"8/28/2026 12:51:35 AM","33.128349","-96.875633","0","176.5"
"8/28/2026 12:51:36 AM","33.128349","-96.875648","0","176.4"
"8/28/2026 12:51:37 AM","33.128349","-96.875648","0","176.4"
"8/28/2026 12:51:38 AM","33.128349","-96.875648","0","176.3"
"8/28/2026 12:51:39 AM","33.128349","-96.875648","0","176.3"
"8/28/2026 12:51:40 AM","33.128349","-96.875648","0","176.3"
"8/28/2026 12:51:41 AM","33.128349","-96.875648","0","176.2"
"8/28/2026 12:51:42 AM","33.128349","-96.875648","0","176.2"
"8/28/2026 12:51:43 AM","33.128349","-96.875648","0","176.1"
"8/28/2026 12:51:44 AM","33.128345","-96.875648","0","176.1"
"8/28/2026 12:51:45 AM","33.128345","-96.875648","0","176"
"8/28/2026 12:51:46 AM","33.128345","-96.875648","0","176"
"8/28/2026 12:51:47 AM","33.128345","-96.875648","0","176"
"8/28/2026 12:51:48 AM","33.128345","-96.875648","0","176"
"8/28/2026 12:51:49 AM","33.128345","-96.875648","0","175.9"
"8/28/2026 12:51:50 AM","33.128345","-96.875648","0","175.9"
"8/28/2026 12:51:51 AM","33.128345","-96.875648","0","175.9"
"8/28/2026 12:51:52 AM","33.128345","-96.875648","0","175.8"
"8/28/2026 12:51:53 AM","33.128345","-96.875648","0","175.8"
"8/28/2026 12:51:54 AM","33.128345","-96.875648","0","175.8"
"8/28/2026 12:51:55 AM","33.128345","-96.875648","0","175.8"
"8/28/2026 12:51:56 AM","33.128345","-96.875648","0","175.7"
"8/28/2026 12:51:57 AM","33.128342","-96.875648","0","175.7"
"8/28/2026 12:51:58 AM","33.128342","-96.875648","0","175.7"
"8/28/2026 12:51:59 AM","33.128342","-96.875648","0","175.7"
"8/28/2026 12:52:00 AM","33.128342","-96.875648","0","175.7"
"8/28/2026 12:52:01 AM","33.128342","-96.875648","0","175.7"
"8/28/2026 12:52:02 AM","33.128342","-96.875648","0","175.7"
"8/28/2026 12:52:03 AM","33.128342","-96.875648","0","175.7"
"8/28/2026 12:52:04 AM","33.128342","-96.875664","0","175.7"
"8/28/2026 12:52:05 AM","33.128342","-96.875664","0","175.7"
"8/28/2026 12:52:06 AM","33.128342","-96.875664","0","175.7"
"8/28/2026 12:52:07 AM","33.128342","-96.875664","0","175.8"
"8/28/2026 12:52:08 AM","33.128338","-96.875664","0","175.8"
"8/28/2026 12:52:09 AM","33.128338","-96.875664","0","175.8"
"8/28/2026 12:52:10 AM","33.128338","-96.875664","0","175.8"
"8/28/2026 12:52:11 AM","33.128338","-96.875664","0","175.9"
"8/28/2026 12:52:12 AM","33.128338","-96.875664","0","175.9"
"8/28/2026 12:52:13 AM","33.128338","-96.875664","0","175.9"
"8/28/2026 12:52:14 AM","33.128338","-96.875664","0","176"
"8/28/2026 12:52:15 AM","33.128338","-96.875664","0","176"
"8/28/2026 12:52:16 AM","33.128338","-96.875664","0","176"
"8/28/2026 12:52:17 AM","33.128338","-96.875664","0","176.1"
"8/28/2026 12:52:18 AM","33.128338","-96.875664","0","176.1"
"8/28/2026 12:52:19 AM","33.128338","-96.875664","0","176.1"
"8/28/2026 12:52:20 AM","33.128338","-96.875664","0","176.2"
"8/28/2026 12:52:21 AM","33.128338","-96.875664","0","176.2"
"8/28/2026 12:52:22 AM","33.128338","-96.875664","0","176.3"
"8/28/2026 12:52:23 AM","33.128338","-96.875648","0","176.3"
"8/28/2026 12:52:24 AM","33.128338","-96.875648","0","176.3"
"8/28/2026 12:52:25 AM","33.128338","-96.875648","0","176.4"
"8/28/2026 12:52:26 AM","33.128338","-96.875648","0","176.4"
"8/28/2026 12:52:27 AM","33.128338","-96.875648","0","176.4"
"8/28/2026 12:52:28 AM","33.128338","-96.875648","0","176.4"
"8/28/2026 12:52:29 AM","33.128338","-96.875648","0","176.4"
"8/28/2026 12:52:30 AM","33.128338","-96.875648","0","176.4"
"8/28/2026 12:52:31 AM","33.128338","-96.875648","0","176.4"
"8/28/2026 12:52:32 AM","33.128338","-96.875648","0","176.4"
"8/28/2026 12:52:33 AM","33.128338","-96.875648","0","176.4"
"8/28/2026 12:52:34 AM","33.128338","-96.875648","0","176.4"
"8/28/2026 12:52:35 AM","33.128338","-96.875664","0","176.4"
"8/28/2026 12:52:36 AM","33.128334","-96.875664","0","176.4"
"8/28/2026 12:52:37 AM","33.128334","-96.875664","0","176.4"
"8/28/2026 12:52:38 AM","33.128334","-96.875664","0","176.3"
"8/28/2026 12:52:39 AM","33.128334","-96.875664","0","176.3"
"8/28/2026 12:52:40 AM","33.128334","-96.875664","0","176.3"
"8/28/2026 12:52:41 AM","33.128334","-96.875664","0","176.3"
"8/28/2026 12:52:42 AM","33.128334","-96.875664","0","176.3"
"8/28/2026 12:52:43 AM","33.128334","-96.875664","0","176.3"
"8/28/2026 12:52:44 AM","33.128334","-96.875664","0","176.4"
"8/28/2026 12:52:45 AM","33.128334","-96.875664","0","176.4"
"8/28/2026 12:52:46 AM","33.128334","-96.875664","0","176.4"
"8/28/2026 12:52:47 AM","33.128334","-96.875664","0","176.5"
"8/28/2026 12:52:48 AM","33.128334","-96.875664","0","176.5"
"8/28/2026 12:52:49 AM","33.128334","-96.875664","0","176.5"
"8/28/2026 12:52:50 AM","33.128334","-96.875664","0","176.5"
"8/28/2026 12:52:51 AM","33.128334","-96.875664","0","176.5"
"8/28/2026 12:52:52 AM","33.128334","-96.875664","0","176.5"
"8/28/2026 12:52:53 AM","33.128334","-96.875664","0","176.5"
"8/28/2026 12:52:54 AM","33.128334","-96.875664","0","176.4"
"8/28/2026 12:52:55 AM","33.128334","-96.875664","0","176.4"
"8/28/2026 12:52:56 AM","33.128334","-96.875664","0","176.4"
"8/28/2026 12:52:57 AM","33.128334","-96.875664","0","176.4"
"8/28/2026 12:52:58 AM","33.128334","-96.875664","0","176.4"
"8/28/2026 12:52:59 AM","33.128334","-96.875664","0","176.4"
"8/28/2026 12:53:00 AM","33.128334","-96.875664","0","176.5"
"8/28/2026 12:53:01 AM","33.128334","-96.875664","0","176.5"
"8/28/2026 12:53:02 AM","33.128334","-96.875664","0","176.5"
"8/28/2026 12:53:03 AM","33.128334","-96.875664","0","176.5"
"8/28/2026 12:53:04 AM","33.128334","-96.875664","0","176.5"
"8/28/2026 12:53:05 AM","33.128334","-96.875664","0","176.5"
"8/28/2026 12:53:06 AM","33.128334","-96.875664","0","176.6"
"8/28/2026 12:53:07 AM","33.128334","-96.875664","0","176.5"
"8/28/2026 12:53:08 AM","33.128334","-96.875664","0","176.5"
"8/28/2026 12:53:09 AM","33.128334","-96.875664","0","176.5"
"8/28/2026 12:53:10 AM","33.128334","-96.875664","0","176.6"
"8/28/2026 12:53:11 AM","33.128334","-96.875664","0","176.6"
"8/28/2026 12:53:12 AM","33.128338","-96.875664","0","176.6"
"8/28/2026 12:53:13 AM","33.128338","-96.875664","0","176.6"
"8/28/2026 12:53:14 AM","33.128338","-96.875664","0","176.6"
"8/28/2026 12:53:15 AM","33.128338","-96.875664","0","176.6"
"8/28/2026 12:53:16 AM","33.128338","-96.875664","0","176.7"
"8/28/2026 12:53:17 AM","33.128338","-96.875664","0","176.7"
"8/28/2026 12:53:18 AM","33.128338","-96.875664","0","176.7"
"8/28/2026 12:53:19 AM","33.128338","-96.875664","0","176.7"
"8/28/2026 12:53:20 AM","33.128338","-96.875664","0","176.7"
"8/28/2026 12:53:21 AM","33.128338","-96.875664","0","176.7"
"8/28/2026 12:53:22 AM","33.128338","-96.875664","0","176.7"
"8/28/2026 12:53:23 AM","33.128338","-96.875664","0","176.7"
"8/28/2026 12:53:24 AM","33.128338","-96.875664","0","176.8"
"8/28/2026 12:53:25 AM","33.128338","-96.875664","0","176.8"
"8/28/2026 12:53:26 AM","33.128338","-96.875664","0","176.8"
"8/28/2026 12:53:27 AM","33.128338","-96.875664","0","176.8"
"8/28/2026 12:53:28 AM","33.128338","-96.875664","0","176.9"
"8/28/2026 12:53:29 AM","33.128338","-96.875664","0","176.9"
"8/28/2026 12:53:30 AM","33.128338","-96.875664","0","176.9"
"8/28/2026 12:53:31 AM","33.128338","-96.875664","0","176.9"
"8/28/2026 12:53:32 AM","33.128338","-96.875664","0","177"
"8/28/2026 12:53:33 AM","33.128338","-96.875664","0","177"
"8/28/2026 12:53:34 AM","33.128338","-96.875664","0","177"
"8/28/2026 12:53:35 AM","33.128338","-96.875664","0","177.1"
"8/28/2026 12:53:36 AM","33.128338","-96.875664","0","177.1"
"8/28/2026 12:53:37 AM","33.128338","-96.875664","0","177.1"
"8/28/2026 12:53:38 AM","33.128338","-96.875664","0","177"
"8/28/2026 12:53:39 AM","33.128338","-96.875664","0","177.1"
"8/28/2026 12:53:40 AM","33.128338","-96.875664","0","177.1"
"8/28/2026 12:53:41 AM","33.128338","-96.875664","0","177.1"
"8/28/2026 12:53:42 AM","33.128338","-96.875664","0","177.1"
"8/28/2026 12:53:43 AM","33.128338","-96.875664","0","177.1"
"8/28/2026 12:53:44 AM","33.128338","-96.875664","0","177.1"
"8/28/2026 12:53:45 AM","33.128338","-96.875664","0","177.1"
"8/28/2026 12:53:46 AM","33.128338","-96.875664","0","177.1"
"8/28/2026 12:53:47 AM","33.128338","-96.875664","0","177.1"
"8/28/2026 12:53:48 AM","33.128338","-96.875664","0","177.1"
"8/28/2026 12:53:49 AM","33.128338","-96.875664","0","177.1"
"8/28/2026 12:53:50 AM","33.128338","-96.875664","0","177.1"
"8/28/2026 12:53:51 AM","33.128338","-96.875664","0","177.1"
"8/28/2026 12:53:52 AM","33.128338","-96.875664","0","177.1"
"8/28/2026 12:53:53 AM","33.128338","-96.875664","0","177.1"
"8/28/2026 12:53:54 AM","33.128338","-96.875664","0","177.1"
"8/28/2026 12:53:55 AM","33.128338","-96.875664","0","177.1"
"8/28/2026 12:53:56 AM","33.128338","-96.875664","0","177.1"
"8/28/2026 12:53:57 AM","33.128342","-96.875664","0","177.1"
"8/28/2026 12:53:58 AM","33.128342","-96.875664","0","177.1"
"8/28/2026 12:53:59 AM","33.128342","-96.875664","0","177.1"
"8/28/2026 12:54:00 AM","33.128342","-96.875664","0","177.2"
"8/28/2026 12:54:01 AM","33.128342","-96.875664","0","177.2"
"8/28/2026 12:54:02 AM","33.128342","-96.875664","0","177.2"
"8/28/2026 12:54:03 AM","33.128342","-96.875664","0","177.2"
"8/28/2026 12:54:04 AM","33.128342","-96.875664","0","177.2"
"8/28/2026 12:54:05 AM","33.128342","-96.875664","0","177.2"
"8/28/2026 12:54:06 AM","33.128342","-96.875664","0","177.2"
"8/28/2026 12:54:07 AM","33.128342","-96.875664","0","177.2"
"8/28/2026 12:54:08 AM","33.128342","-96.875664","0","177.3"
"8/28/2026 12:54:09 AM","33.128342","-96.875664","0","177.3"
"8/28/2026 12:54:10 AM","33.128342","-96.875664","0","177.3"
"8/28/2026 12:54:11 AM","33.128342","-96.875664","0","177.3"
"8/28/2026 12:54:12 AM","33.128342","-96.875664","0","177.4"
"8/28/2026 12:54:13 AM","33.128345","-96.875664","0","177.4"
"8/28/2026 12:54:14 AM","33.128345","-96.875664","0","177.4"
"8/28/2026 12:54:15 AM","33.128345","-96.875664","0","177.5"
"8/28/2026 12:54:16 AM","33.128342","-96.875664","0","177.5"
"8/28/2026 12:54:17 AM","33.128342","-96.875664","0","177.5"
"8/28/2026 12:54:18 AM","33.128342","-96.875664","0","177.5"
"8/28/2026 12:54:19 AM","33.128342","-96.875664","0","177.6"
"8/28/2026 12:54:20 AM","33.128342","-96.875664","0","177.6"
"8/28/2026 12:54:21 AM","33.128342","-96.875664","0","177.6"
"8/28/2026 12:54:22 AM","33.128342","-96.875664","0","177.6"
"8/28/2026 12:54:23 AM","33.128342","-96.875664","0","177.5"
"8/28/2026 12:54:24 AM","33.128345","-96.875664","0","177.5"
"8/28/2026 12:54:25 AM","33.128345","-96.875664","0","177.5"
"8/28/2026 12:54:26 AM","33.128345","-96.875664","0","177.5"
"8/28/2026 12:54:27 AM","33.128345","-96.875664","0","177.5"
"8/28/2026 12:54:28 AM","33.128345","-96.875664","0","177.6"
"8/28/2026 12:54:29 AM","33.128345","-96.875664","0","177.6"
"8/28/2026 12:54:30 AM","33.128345","-96.875664","0","177.6"
"8/28/2026 12:54:31 AM","33.128345","-96.875664","0","177.6"
"8/28/2026 12:54:32 AM","33.128345","-96.875664","0","177.6"
"8/28/2026 12:54:33 AM","33.128345","-96.875664","0","177.6"
"8/28/2026 12:54:34 AM","33.128345","-96.875664","0","177.6"
"8/28/2026 12:54:35 AM","33.128345","-96.875664","0","177.6"
"8/28/2026 12:54:36 AM","33.128345","-96.875664","0","177.6"
"8/28/2026 12:54:37 AM","33.128345","-96.875664","0","177.6"
"8/28/2026 12:54:38 AM","33.128345","-96.875664","0","177.6"
"8/28/2026 12:54:39 AM","33.128345","-96.875664","0","177.6"
"8/28/2026 12:54:40 AM","33.128345","-96.875664","0","177.6"
"8/28/2026 12:54:41 AM","33.128345","-96.875664","0","177.6"
"8/28/2026 12:54:42 AM","33.128345","-96.875664","0","177.7"
"8/28/2026 12:54:43 AM","33.128345","-96.875664","0","177.7"
"8/28/2026 12:54:44 AM","33.128345","-96.875664","0","177.7"
"8/28/2026 12:54:45 AM","33.128345","-96.875664","0","177.6"
"8/28/2026 12:54:46 AM","33.128345","-96.875664","0","177.6"
"8/28/2026 12:54:47 AM","33.128345","-96.875664","0","177.6"
"8/28/2026 12:54:48 AM","33.128345","-96.875664","0","177.6"
"8/28/2026 12:54:49 AM","33.128345","-96.875664","0","177.6"
"8/28/2026 12:54:50 AM","33.128342","-96.875664","0","177.6"
"8/28/2026 12:54:51 AM","33.128342","-96.875664","0","177.6"
"8/28/2026 12:54:52 AM","33.128342","-96.875664","0","177.6"
"8/28/2026 12:54:53 AM","33.128342","-96.875664","0","177.6"
"8/28/2026 12:54:54 AM","33.128342","-96.875664","0","177.6"
"8/28/2026 12:54:55 AM","33.128342","-96.875664","0","177.6"
"8/28/2026 12:54:56 AM","33.128342","-96.875664","0","177.6"
"8/28/2026 12:54:57 AM","33.128342","-96.875664","0","177.6"
"8/28/2026 12:54:58 AM","33.128342","-96.875664","0","177.6"
"8/28/2026 12:54:59 AM","33.128342","-96.875664","0","177.6"
"8/28/2026 12:55:00 AM","33.128342","-96.875664","0","177.6"
"8/28/2026 12:55:01 AM","33.128342","-96.875664","0","177.6"
"8/28/2026 12:55:02 AM","33.128342","-96.875664","0","177.6"
"8/28/2026 12:55:03 AM","33.128342","-96.875664","0","177.6"
"8/28/2026 12:55:04 AM","33.128342","-96.875664","0","177.6"
"8/28/2026 12:55:05 AM","33.128342","-96.875664","0","177.6"
"8/28/2026 12:55:06 AM","33.128342","-96.875664","0","177.6"
"8/28/2026 12:55:07 AM","33.128342","-96.875664","0","177.7"
"8/28/2026 12:55:08 AM","33.128342","-96.875664","0","177.7"
"8/28/2026 12:55:09 AM","33.128342","-96.875664","0","177.7"
"8/28/2026 12:55:10 AM","33.128338","-96.875664","0","177.7"
"8/28/2026 12:55:11 AM","33.128338","-96.875664","0","177.7"
"8/28/2026 12:55:12 AM","33.128338","-96.875664","0","177.7"
"8/28/2026 12:55:13 AM","33.128338","-96.875664","0","177.8"
"8/28/2026 12:55:14 AM","33.128338","-96.875664","0","177.8"
"8/28/2026 12:55:15 AM","33.128338","-96.875664","0","177.8"
"8/28/2026 12:55:16 AM","33.128338","-96.875664","0","177.8"
"8/28/2026 12:55:17 AM","33.128338","-96.875664","0","177.7"
"8/28/2026 12:55:18 AM","33.128338","-96.875664","0","177.7"
"8/28/2026 12:55:19 AM","33.128338","-96.875664","0","177.7"
"8/28/2026 12:55:20 AM","33.128338","-96.875664","0","177.7"
"8/28/2026 12:55:21 AM","33.128338","-96.875664","0","177.7"
"8/28/2026 12:55:22 AM","33.128338","-96.875664","0","177.7"
"8/28/2026 12:55:23 AM","33.128338","-96.875664","0","177.7"
"8/28/2026 12:55:24 AM","33.128338","-96.875664","0","177.7"
"8/28/2026 12:55:25 AM","33.128338","-96.875664","0","177.6"
"8/28/2026 12:55:26 AM","33.128338","-96.875664","0","177.6"
"8/28/2026 12:55:27 AM","33.128338","-96.875664","0","177.7"
"8/28/2026 12:55:28 AM","33.128338","-96.875664","0","177.7"
"8/28/2026 12:55:29 AM","33.128338","-96.875664","0","177.7"
"8/28/2026 12:55:30 AM","33.128338","-96.875664","0","177.7"
"8/28/2026 12:55:31 AM","33.128338","-96.875664","0","177.7"
"8/28/2026 12:55:32 AM","33.128338","-96.875664","0","177.7"
"8/28/2026 12:55:33 AM","33.128338","-96.875664","0","177.7"
"8/28/2026 12:55:34 AM","33.128338","-96.875664","0","177.7"
"8/28/2026 12:55:35 AM","33.128338","-96.875664","0","177.8"
"8/28/2026 12:55:36 AM","33.128338","-96.875664","0","177.8"
"8/28/2026 12:55:37 AM","33.128338","-96.875664","0","177.8"
"8/28/2026 12:55:38 AM","33.128338","-96.875664","0","177.9"
"8/28/2026 12:55:39 AM","33.128338","-96.875664","0","177.9"
"8/28/2026 12:55:40 AM","33.128338","-96.875664","0","177.9"
"8/28/2026 12:55:41 AM","33.128338","-96.875664","0","177.9"
"8/28/2026 12:55:42 AM","33.128338","-96.875664","0","177.9"
"8/28/2026 12:55:43 AM","33.128338","-96.875664","0","178"
"8/28/2026 12:55:44 AM","33.128338","-96.875664","0","178"
"8/28/2026 12:55:45 AM","33.128338","-96.875664","0","178"
"8/28/2026 12:55:46 AM","33.128338","-96.875664","0","178"
"8/28/2026 12:55:47 AM","33.128338","-96.875664","0","178"
"8/28/2026 12:55:48 AM","33.128338","-96.875664","0","178"
"8/28/2026 12:55:49 AM","33.128338","-96.875664","0","178"
"8/28/2026 12:55:50 AM","33.128342","-96.875664","0","178"
"8/28/2026 12:55:51 AM","33.128342","-96.875664","0","178"
"8/28/2026 12:55:52 AM","33.128342","-96.875664","0","178"
"8/28/2026 12:55:53 AM","33.128342","-96.875664","0","178"
"8/28/2026 12:55:54 AM","33.128342","-96.875664","0","178"
"8/28/2026 12:55:55 AM","33.128342","-96.875664","0","178"
"8/28/2026 12:55:56 AM","33.128342","-96.875664","0","178"
"8/28/2026 12:55:57 AM","33.128342","-96.875664","0","178"
"8/28/2026 12:55:58 AM","33.128342","-96.875664","0","178"
"8/28/2026 12:55:59 AM","33.128342","-96.875664","0","178"
"8/28/2026 12:56:00 AM","33.128342","-96.875664","0","178"
"8/28/2026 12:56:01 AM","33.128342","-96.875664","0","178"
"8/28/2026 12:56:02 AM","33.128342","-96.875664","0","178"
"8/28/2026 12:56:03 AM","33.128342","-96.875664","0","178"
"8/28/2026 12:56:04 AM","33.128342","-96.875664","0","178"
"8/28/2026 12:56:05 AM","33.128342","-96.875664","0","178"
"8/28/2026 12:56:06 AM","33.128342","-96.875664","0","178.1"
"8/28/2026 12:56:07 AM","33.128342","-96.875687","0","178.1"
"8/28/2026 12:56:08 AM","33.128342","-96.875687","0","178.1"
"8/28/2026 12:56:09 AM","33.128342","-96.875687","0","178.2"
"8/28/2026 12:56:10 AM","33.128342","-96.875687","0","178.2"
"8/28/2026 12:56:11 AM","33.128342","-96.875687","0","178.2"
"8/28/2026 12:56:12 AM","33.128342","-96.875687","0","178.2"
"8/28/2026 12:56:13 AM","33.128342","-96.875687","0","178.2"
"8/28/2026 12:56:14 AM","33.128342","-96.875687","0","178.3"
"8/28/2026 12:56:15 AM","33.128342","-96.875687","0","178.3"
"8/28/2026 12:56:16 AM","33.128342","-96.875687","0","178.3"
"8/28/2026 12:56:17 AM","33.128342","-96.875687","0","178.3"
"8/28/2026 12:56:18 AM","33.128342","-96.875687","0","178.3"
"8/28/2026 12:56:19 AM","33.128342","-96.875687","0","178.3"
"8/28/2026 12:56:20 AM","33.128342","-96.875687","0","178.3"
"8/28/2026 12:56:21 AM","33.128342","-96.875687","0","178.3"
"8/28/2026 12:56:22 AM","33.128342","-96.875687","0","178.3"
"8/28/2026 12:56:23 AM","33.128342","-96.875687","0","178.2"
"8/28/2026 12:56:24 AM","33.128342","-96.875687","0","178.2"
"8/28/2026 12:56:25 AM","33.128338","-96.875687","0","178.2"
"8/28/2026 12:56:26 AM","33.128338","-96.875687","0","178.2"
"8/28/2026 12:56:27 AM","33.128338","-96.875687","0","178.2"
"8/28/2026 12:56:28 AM","33.128338","-96.875664","0","178.2"
"8/28/2026 12:56:29 AM","33.128338","-96.875664","0","178.2"
"8/28/2026 12:56:30 AM","33.128338","-96.875664","0","178.2"
"8/28/2026 12:56:31 AM","33.128338","-96.875664","0","178.2"
"8/28/2026 12:56:32 AM","33.128338","-96.875664","0","178.2"
"8/28/2026 12:56:33 AM","33.128338","-96.875664","0","178.2"
"8/28/2026 12:56:34 AM","33.128338","-96.875664","0","178.1"
"8/28/2026 12:56:35 AM","33.128338","-96.875664","0","178.1"
"8/28/2026 12:56:36 AM","33.128338","-96.875664","0","178.1"
"8/28/2026 12:56:37 AM","33.128338","-96.875664","0","178.1"
"8/28/2026 12:56:38 AM","33.128338","-96.875664","0","178.1"
"8/28/2026 12:56:39 AM","33.128342","-96.875664","0","178"
"8/28/2026 12:56:40 AM","33.128342","-96.875664","0","178"
"8/28/2026 12:56:41 AM","33.128342","-96.875664","0","178"
"8/28/2026 12:56:42 AM","33.128342","-96.875664","0","178"
"8/28/2026 12:56:43 AM","33.128342","-96.875664","0","177.9"
"8/28/2026 12:56:44 AM","33.128342","-96.875664","0","177.9"
"8/28/2026 12:56:45 AM","33.128342","-96.875664","0","177.9"
"8/28/2026 12:56:46 AM","33.128342","-96.875664","0","177.9"
"8/28/2026 12:56:47 AM","33.128342","-96.875664","0","177.9"
"8/28/2026 12:56:48 AM","33.128345","-96.875664","0","177.8"
"8/28/2026 12:56:49 AM","33.128345","-96.875664","0","177.8"
"8/28/2026 12:56:50 AM","33.128345","-96.875664","0","177.8"
"8/28/2026 12:56:51 AM","33.128345","-96.875664","0","177.8"
"8/28/2026 12:56:52 AM","33.128345","-96.875664","0","177.7"
"8/28/2026 12:56:53 AM","33.128345","-96.875664","0","177.7"
"8/28/2026 12:56:54 AM","33.128345","-96.875664","0","177.7"
"8/28/2026 12:56:55 AM","33.128345","-96.875664","0","177.7"
"8/28/2026 12:56:56 AM","33.128345","-96.875664","0","177.7"
"8/28/2026 12:56:57 AM","33.128349","-96.875648","0","177.6"
"8/28/2026 12:56:58 AM","33.128349","-96.875648","0","177.6"
"8/28/2026 12:56:59 AM","33.128349","-96.875648","0","177.6"
"8/28/2026 12:57:00 AM","33.128349","-96.875648","0","177.6"
"8/28/2026 12:57:01 AM","33.128349","-96.875648","0","177.6"
"8/28/2026 12:57:02 AM","33.128349","-96.875648","0","177.6"
"8/28/2026 12:57:03 AM","33.128349","-96.875648","0","177.6"
"8/28/2026 12:57:04 AM","33.128349","-96.875648","0","177.6"
"8/28/2026 12:57:05 AM","33.128349","-96.875648","0","177.6"
"8/28/2026 12:57:06 AM","33.128349","-96.875648","0","177.6"
"8/28/2026 12:57:07 AM","33.128349","-96.875648","0","177.5"
"8/28/2026 12:57:08 AM","33.128349","-96.875648","0","177.5"
"8/28/2026 12:57:09 AM","33.128349","-96.875648","0","177.5"
"8/28/2026 12:57:10 AM","33.128349","-96.875648","0","177.5"
"8/28/2026 12:57:11 AM","33.128349","-96.875648","0","177.6"
"8/28/2026 12:57:12 AM","33.128349","-96.875648","0","177.6"
"8/28/2026 12:57:13 AM","33.128349","-96.875648","0","177.6"
"8/28/2026 12:57:14 AM","33.128349","-96.875648","0","177.6"
"8/28/2026 12:57:15 AM","33.128349","-96.875648","0","177.6"
"8/28/2026 12:57:16 AM","33.128349","-96.875648","0","177.5"
"8/28/2026 12:57:17 AM","33.128349","-96.875648","0","177.6"
"8/28/2026 12:57:18 AM","33.128349","-96.875648","0","177.6"
"8/28/2026 12:57:19 AM","33.128349","-96.875648","0","177.5"
"8/28/2026 12:57:20 AM","33.128353","-96.875648","0","177.5"
"8/28/2026 12:57:21 AM","33.128353","-96.875648","0","177.5"
"8/28/2026 12:57:22 AM","33.128353","-96.875648","0","177.5"
"8/28/2026 12:57:23 AM","33.128353","-96.875648","0","177.5"
"8/28/2026 12:57:24 AM","33.128353","-96.875648","0","177.5"
"8/28/2026 12:57:25 AM","33.128353","-96.875648","0","177.6"
"8/28/2026 12:57:26 AM","33.128353","-96.875648","0","177.6"
"8/28/2026 12:57:27 AM","33.128353","-96.875648","0","177.6"
"8/28/2026 12:57:28 AM","33.128353","-96.875648","0","177.6"
"8/28/2026 12:57:29 AM","33.128353","-96.875648","0","177.6"
"8/28/2026 12:57:30 AM","33.128353","-96.875648","0","177.6"
"8/28/2026 12:57:31 AM","33.128353","-96.875648","0","177.6"
"8/28/2026 12:57:32 AM","33.128353","-96.875648","0","177.7"
"8/28/2026 12:57:33 AM","33.128353","-96.875648","0","177.7"
"8/28/2026 12:57:34 AM","33.128353","-96.875648","0","177.7"
"8/28/2026 12:57:35 AM","33.128353","-96.875648","0","177.7"
"8/28/2026 12:57:36 AM","33.128353","-96.875648","0","177.7"
"8/28/2026 12:57:37 AM","33.128353","-96.875648","0","177.7"
"8/28/2026 12:57:38 AM","33.128353","-96.875648","0","177.7"
"8/28/2026 12:57:39 AM","33.128353","-96.875648","0","177.7"
"8/28/2026 12:57:40 AM","33.128353","-96.875648","0","177.7"
"8/28/2026 12:57:41 AM","33.128353","-96.875648","0","177.7"
"8/28/2026 12:57:42 AM","33.128353","-96.875648","0","177.7"
"8/28/2026 12:57:43 AM","33.128353","-96.875648","0","177.7"
"8/28/2026 12:57:44 AM","33.128353","-96.875648","0","177.7"
"8/28/2026 12:57:45 AM","33.128353","-96.875648","0","177.7"
"8/28/2026 12:57:46 AM","33.128353","-96.875648","0","177.7"
"8/28/2026 12:57:47 AM","33.128353","-96.875648","0","177.6"
"8/28/2026 12:57:48 AM","33.128353","-96.875648","0","177.7"
"8/28/2026 12:57:49 AM","33.128353","-96.875648","0","177.7"
"8/28/2026 12:57:50 AM","33.128353","-96.875648","0","177.6"
"8/28/2026 12:57:51 AM","33.128357","-96.875648","0","177.6"
"8/28/2026 12:57:52 AM","33.128357","-96.875648","0","177.6"
"8/28/2026 12:57:53 AM","33.128357","-96.875648","0","177.6"
"8/28/2026 12:57:54 AM","33.128357","-96.875648","0","177.6"
"8/28/2026 12:57:55 AM","33.128357","-96.875648","0","177.6"
"8/28/2026 12:57:56 AM","33.128357","-96.875648","0","177.6"
"8/28/2026 12:57:57 AM","33.128357","-96.875648","0","177.6"
"8/28/2026 12:57:58 AM","33.128357","-96.875648","0","177.6"
"8/28/2026 12:57:59 AM","33.128357","-96.875648","0","177.6"
"8/28/2026 12:58:00 AM","33.128357","-96.875648","0","177.6"
"8/28/2026 12:58:01 AM","33.128357","-96.875648","0","177.6"
"8/28/2026 12:58:02 AM","33.128357","-96.875648","0","177.5"
"8/28/2026 12:58:03 AM","33.128357","-96.875648","0","177.5"
"8/28/2026 12:58:04 AM","33.128357","-96.875648","0","177.5"
"8/28/2026 12:58:05 AM","33.128357","-96.875648","0","177.5"
"8/28/2026 12:58:06 AM","33.128361","-96.875648","0","177.5"
"8/28/2026 12:58:07 AM","33.128361","-96.875648","0","177.5"
"8/28/2026 12:58:08 AM","33.128361","-96.875648","0","177.5"
"8/28/2026 12:58:09 AM","33.128361","-96.875648","0","177.5"
"8/28/2026 12:58:10 AM","33.128361","-96.875648","0","177.5"
"8/28/2026 12:58:11 AM","33.128361","-96.875648","0","177.5"
"8/28/2026 12:58:12 AM","33.128361","-96.875648","0","177.5"
"8/28/2026 12:58:13 AM","33.128361","-96.875648","0","177.5"
"8/28/2026 12:58:14 AM","33.128361","-96.875648","0","177.5"
"8/28/2026 12:58:15 AM","33.128361","-96.875648","0","177.5"
"8/28/2026 12:58:16 AM","33.128361","-96.875648","0","177.5"
"8/28/2026 12:58:17 AM","33.128361","-96.875648","0","177.5"
"8/28/2026 12:58:18 AM","33.128365","-96.875648","0","177.4"
"8/28/2026 12:58:19 AM","33.128365","-96.875648","0","177.4"
"8/28/2026 12:58:20 AM","33.128365","-96.875648","0","177.4"
"8/28/2026 12:58:21 AM","33.128365","-96.875633","0","177.4"
"8/28/2026 12:58:22 AM","33.128365","-96.875633","0","177.4"
"8/28/2026 12:58:23 AM","33.128365","-96.875633","0","177.4"
"8/28/2026 12:58:24 AM","33.128365","-96.875633","0","177.4"
"8/28/2026 12:58:25 AM","33.128365","-96.875633","0","177.4"
"8/28/2026 12:58:26 AM","33.128365","-96.875633","0","177.4"
"8/28/2026 12:58:27 AM","33.128365","-96.875633","0","177.4"
"8/28/2026 12:58:28 AM","33.128365","-96.875633","0","177.4"
"8/28/2026 12:58:29 AM","33.128365","-96.875633","0","177.4"
"8/28/2026 12:58:30 AM","33.128365","-96.875633","0","177.4"
"8/28/2026 12:58:31 AM","33.128365","-96.875633","0","177.4"
"8/28/2026 12:58:32 AM","33.128365","-96.875633","0","177.4"
"8/28/2026 12:58:33 AM","33.128365","-96.875633","0","177.4"
"8/28/2026 12:58:34 AM","33.128365","-96.875633","0","177.4"
"8/28/2026 12:58:35 AM","33.128365","-96.875633","0","177.4"
"8/28/2026 12:58:36 AM","33.128365","-96.875633","0","177.4"
"8/28/2026 12:58:37 AM","33.128365","-96.875633","0","177.4"
"8/28/2026 12:58:38 AM","33.128368","-96.875633","0","177.4"
"8/28/2026 12:58:39 AM","33.128368","-96.875633","0","177.4"
"8/28/2026 12:58:40 AM","33.128368","-96.875633","0","177.4"
"8/28/2026 12:58:41 AM","33.128368","-96.875633","0","177.4"
"8/28/2026 12:58:42 AM","33.128368","-96.875633","0","177.4"
"8/28/2026 12:58:43 AM","33.128368","-96.875633","0","177.4"
"8/28/2026 12:58:44 AM","33.128368","-96.875633","0","177.5"
"8/28/2026 12:58:45 AM","33.128368","-96.875633","0","177.5"
"8/28/2026 12:58:46 AM","33.128368","-96.875633","0","177.5"
"8/28/2026 12:58:47 AM","33.128368","-96.875633","0","177.5"
"8/28/2026 12:58:48 AM","33.128368","-96.875633","0","177.5"
"8/28/2026 12:58:49 AM","33.128368","-96.875633","0","177.5"
"8/28/2026 12:58:50 AM","33.128368","-96.875633","0","177.5"
"8/28/2026 12:58:51 AM","33.128368","-96.875633","0","177.5"
"8/28/2026 12:58:52 AM","33.128368","-96.875633","0","177.5"
"8/28/2026 12:58:53 AM","33.128368","-96.875633","0","177.5"
"8/28/2026 12:58:54 AM","33.128368","-96.875633","0","177.5"
"8/28/2026 12:58:55 AM","33.128368","-96.875633","0","177.5"
"8/28/2026 12:58:56 AM","33.128368","-96.875633","0","177.6"
"8/28/2026 12:58:57 AM","33.128368","-96.875633","0","177.5"
"8/28/2026 12:58:58 AM","33.128368","-96.875633","0","177.5"
"8/28/2026 12:58:59 AM","33.128372","-96.875633","0","177.5"
"8/28/2026 12:59:00 AM","33.128372","-96.875633","0","177.5"
"8/28/2026 12:59:01 AM","33.128372","-96.875633","0","177.5"
"8/28/2026 12:59:02 AM","33.128372","-96.875633","0","177.5"
"8/28/2026 12:59:03 AM","33.128372","-96.875633","0","177.5"
"8/28/2026 12:59:04 AM","33.128372","-96.875633","0","177.5"
"8/28/2026 12:59:05 AM","33.128372","-96.875633","0","177.5"
"8/28/2026 12:59:06 AM","33.128372","-96.875633","0","177.4"
"8/28/2026 12:59:07 AM","33.128372","-96.875633","0","177.5"
"8/28/2026 12:59:08 AM","33.128372","-96.875633","0","177.6"
"8/28/2026 12:59:09 AM","33.128372","-96.875633","0","177.6"
"8/28/2026 12:59:10 AM","33.128372","-96.875633","0","177.5"
"8/28/2026 12:59:11 AM","33.128372","-96.875633","0","177.5"
"8/28/2026 12:59:12 AM","33.128372","-96.875633","0","177.5"
"8/28/2026 12:59:13 AM","33.128372","-96.875633","0","177.5"
"8/28/2026 12:59:14 AM","33.128372","-96.875633","0","177.5"
"8/28/2026 12:59:15 AM","33.128372","-96.875633","0","177.5"
"8/28/2026 12:59:16 AM","33.128372","-96.875633","0","177.5"
"8/28/2026 12:59:17 AM","33.128372","-96.875633","0","177.5"
"8/28/2026 12:59:18 AM","33.128372","-96.875633","0","177.5"
"8/28/2026 12:59:19 AM","33.128372","-96.875633","0","177.5"
"8/28/2026 12:59:20 AM","33.128372","-96.875633","0","177.6"
"8/28/2026 12:59:21 AM","33.128372","-96.875633","0","177.6"
"8/28/2026 12:59:22 AM","33.128372","-96.875633","0","177.6"
"8/28/2026 12:59:23 AM","33.128372","-96.875633","0","177.6"
"8/28/2026 12:59:24 AM","33.128372","-96.875633","0","177.6"
"8/28/2026 12:59:25 AM","33.128372","-96.875633","0","177.6"
"8/28/2026 12:59:26 AM","33.128372","-96.875633","0","177.6"
"8/28/2026 12:59:27 AM","33.128372","-96.875633","0","177.6"
"8/28/2026 12:59:28 AM","33.128372","-96.875633","0","177.6"
"8/28/2026 12:59:29 AM","33.128368","-96.875633","0","177.7"
"8/28/2026 12:59:30 AM","33.128368","-96.875648","0","177.7"
"8/28/2026 12:59:31 AM","33.128368","-96.875648","0","177.7"
"8/28/2026 12:59:32 AM","33.128368","-96.875648","0","177.7"
"8/28/2026 12:59:33 AM","33.128368","-96.875648","0","177.7"
"8/28/2026 12:59:34 AM","33.128368","-96.875648","0","177.7"
"8/28/2026 12:59:35 AM","33.128368","-96.875648","0","177.7"
"8/28/2026 12:59:36 AM","33.128368","-96.875648","0","177.8"
"8/28/2026 12:59:37 AM","33.128368","-96.875648","0","177.8"
"8/28/2026 12:59:38 AM","33.128368","-96.875648","0","177.8"
"8/28/2026 12:59:39 AM","33.128368","-96.875648","0","177.8"
"8/28/2026 12:59:40 AM","33.128368","-96.875648","0","177.8"
"8/28/2026 12:59:41 AM","33.128368","-96.875648","0","177.8"
"8/28/2026 12:59:42 AM","33.128368","-96.875648","0","177.8"
"8/28/2026 12:59:43 AM","33.128368","-96.875648","0","177.8"
"8/28/2026 12:59:44 AM","33.128368","-96.875648","0","177.8"
"8/28/2026 12:59:45 AM","33.128368","-96.875648","0","177.9"
"8/28/2026 12:59:46 AM","33.128368","-96.875648","0","177.9"
"8/28/2026 12:59:47 AM","33.128368","-96.875648","0","177.9"
"8/28/2026 12:59:48 AM","33.128368","-96.875648","0","177.9"
"8/28/2026 12:59:49 AM","33.128368","-96.875648","0","178"
"8/28/2026 12:59:50 AM","33.128368","-96.875648","0","178"
"8/28/2026 12:59:51 AM","33.128368","-96.875648","0","178"
"8/28/2026 12:59:52 AM","33.128368","-96.875648","0","178"
"8/28/2026 12:59:53 AM","33.128368","-96.875648","0","178"
"8/28/2026 12:59:54 AM","33.128368","-96.875648","0","178"
"8/28/2026 12:59:55 AM","33.128368","-96.875648","0","178"
"8/28/2026 12:59:56 AM","33.128368","-96.875648","0","178"
"8/28/2026 12:59:57 AM","33.128368","-96.875648","0","178.1"
"8/28/2026 12:59:58 AM","33.128368","-96.875648","0","178.1"
"8/28/2026 12:59:59 AM","33.128368","-96.875648","0","178.2"
"8/28/2026 1:00:00 AM","33.128368","-96.875648","0","178.2"
"8/28/2026 1:00:01 AM","33.128368","-96.875648","0","178.2"
"8/28/2026 1:00:02 AM","33.128368","-96.875648","0","178.2"
"8/28/2026 1:00:03 AM","33.128368","-96.875648","0","178.3"
"8/28/2026 1:00:04 AM","33.128368","-96.875648","0","178.3"
"8/28/2026 1:00:05 AM","33.128368","-96.875648","0","178.3"
"8/28/2026 1:00:06 AM","33.128368","-96.875648","0","178.4"
"8/28/2026 1:00:07 AM","33.128368","-96.875648","0","178.4"
"8/28/2026 1:00:08 AM","33.128368","-96.875648","0","178.4"
"8/28/2026 1:00:09 AM","33.128368","-96.875648","0","178.5"
"8/28/2026 1:00:10 AM","33.128368","-96.875648","0","178.5"
"8/28/2026 1:00:11 AM","33.128368","-96.875648","0","178.4"
"8/28/2026 1:00:12 AM","33.128368","-96.875648","0","178.5"
"8/28/2026 1:00:13 AM","33.128368","-96.875648","0","178.5"
"8/28/2026 1:00:14 AM","33.128368","-96.875648","0","178.5"
"8/28/2026 1:00:15 AM","33.128368","-96.875648","0","178.5"
"8/28/2026 1:00:16 AM","33.128368","-96.875648","0","178.5"
"8/28/2026 1:00:17 AM","33.128368","-96.875648","0","178.5"
"8/28/2026 1:00:18 AM","33.128365","-96.875648","0","178.5"
"8/28/2026 1:00:19 AM","33.128365","-96.875648","0","178.6"
"8/28/2026 1:00:20 AM","33.128365","-96.875648","0","178.6"
"8/28/2026 1:00:21 AM","33.128365","-96.875648","0","178.6"
"8/28/2026 1:00:22 AM","33.128365","-96.875648","0","178.6"
"8/28/2026 1:00:23 AM","33.128365","-96.875648","0","178.6"
"8/28/2026 1:00:24 AM","33.128365","-96.875648","0","178.6"
"8/28/2026 1:00:25 AM","33.128365","-96.875648","0","178.6"
"8/28/2026 1:00:26 AM","33.128365","-96.875648","0","178.6"
"8/28/2026 1:00:27 AM","33.128365","-96.875648","0","178.6"
"8/28/2026 1:00:28 AM","33.128365","-96.875664","0","178.6"
"8/28/2026 1:00:29 AM","33.128365","-96.875664","0","178.6"
"8/28/2026 1:00:30 AM","33.128365","-96.875664","0","178.7"
"8/28/2026 1:00:31 AM","33.128365","-96.875664","0","178.6"
"8/28/2026 1:00:32 AM","33.128365","-96.875664","0","178.6"
"8/28/2026 1:00:33 AM","33.128365","-96.875664","0","178.6"
"8/28/2026 1:00:34 AM","33.128365","-96.875664","0","178.7"
"8/28/2026 1:00:35 AM","33.128365","-96.875664","0","178.8"
"8/28/2026 1:00:36 AM","33.128365","-96.875664","0","178.8"
"8/28/2026 1:00:37 AM","33.128361","-96.875664","0","178.8"
"8/28/2026 1:00:38 AM","33.128361","-96.875664","0","178.8"
"8/28/2026 1:00:39 AM","33.128361","-96.875664","0","178.8"
"8/28/2026 1:00:40 AM","33.128361","-96.875664","0","178.8"
"8/28/2026 1:00:41 AM","33.128361","-96.875664","0","178.8"
"8/28/2026 1:00:42 AM","33.128361","-96.875664","0","178.8"
"8/28/2026 1:00:43 AM","33.128361","-96.875664","0","178.8"
"8/28/2026 1:00:44 AM","33.128361","-96.875664","0","178.9"
"8/28/2026 1:00:45 AM","33.128357","-96.875664","0","178.9"
"8/28/2026 1:00:46 AM","33.128357","-96.875664","0","179"
"8/28/2026 1:00:47 AM","33.128357","-96.875664","0","179.1"
"8/28/2026 1:00:48 AM","33.128357","-96.875664","0","179.1"
"8/28/2026 1:00:49 AM","33.128357","-96.875664","0","179.2"
"8/28/2026 1:00:50 AM","33.128357","-96.875664","0","179.2"
"8/28/2026 1:00:51 AM","33.128357","-96.875664","0","179.2"
"8/28/2026 1:00:52 AM","33.128357","-96.875664","0","179.3"
"8/28/2026 1:00:53 AM","33.128357","-96.875664","0","179.3"
"8/28/2026 1:00:54 AM","33.128357","-96.875664","0","179.4"
"8/28/2026 1:00:55 AM","33.128357","-96.875664","0","179.4"
"8/28/2026 1:00:56 AM","33.128357","-96.875664","0","179.5"
"8/28/2026 1:00:57 AM","33.128357","-96.875664","0","179.5"
"8/28/2026 1:00:58 AM","33.128357","-96.875664","0","179.6"
"8/28/2026 1:00:59 AM","33.128357","-96.875664","0","179.6"
"8/28/2026 1:01:00 AM","33.128357","-96.875664","0","179.7"
"8/28/2026 1:01:01 AM","33.128357","-96.875664","0","179.7"
"8/28/2026 1:01:02 AM","33.128357","-96.875664","0","179.8"
"8/28/2026 1:01:03 AM","33.128353","-96.875664","0","179.9"
"8/28/2026 1:01:04 AM","33.128353","-96.875664","0","179.9"
"8/28/2026 1:01:05 AM","33.128353","-96.875664","0","179.9"
"8/28/2026 1:01:06 AM","33.128353","-96.875664","0","180"
"8/28/2026 1:01:07 AM","33.128353","-96.875664","0","180"
"8/28/2026 1:01:08 AM","33.128353","-96.875664","0","180"
"8/28/2026 1:01:09 AM","33.128353","-96.875664","0","180"
"8/28/2026 1:01:10 AM","33.128353","-96.875664","0","180.1"
"8/28/2026 1:01:11 AM","33.128353","-96.875664","0","180.1"
"8/28/2026 1:01:12 AM","33.128353","-96.875664","0","180.1"
"8/28/2026 1:01:13 AM","33.128353","-96.875664","0","180.1"
"8/28/2026 1:01:14 AM","33.128353","-96.875648","0","180.1"
"8/28/2026 1:01:15 AM","33.128353","-96.875648","0","180.1"
"8/28/2026 1:01:16 AM","33.128353","-96.875648","0","180.1"
"8/28/2026 1:01:17 AM","33.128353","-96.875648","0","180.1"
"8/28/2026 1:01:18 AM","33.128353","-96.875648","0","180.1"
"8/28/2026 1:01:19 AM","33.128353","-96.875648","0","180.1"
"8/28/2026 1:01:20 AM","33.128353","-96.875648","0","180.1"
"8/28/2026 1:01:21 AM","33.128353","-96.875648","0","180"
"8/28/2026 1:01:22 AM","33.128353","-96.875648","0","180"
"8/28/2026 1:01:23 AM","33.128353","-96.875648","0","180"
"8/28/2026 1:01:24 AM","33.128353","-96.875648","0","179.9"
"8/28/2026 1:01:25 AM","33.128353","-96.875648","0","179.9"
"8/28/2026 1:01:26 AM","33.128353","-96.875648","0","179.9"
"8/28/2026 1:01:27 AM","33.128353","-96.875648","0","179.9"
"8/28/2026 1:01:28 AM","33.128353","-96.875648","0","179.9"
"8/28/2026 1:01:29 AM","33.128353","-96.875648","0","179.9"
"8/28/2026 1:01:30 AM","33.128353","-96.875648","0","179.9"
"8/28/2026 1:01:31 AM","33.128353","-96.875648","0","179.9"
"8/28/2026 1:01:32 AM","33.128353","-96.875648","0","179.9"
"8/28/2026 1:01:33 AM","33.128353","-96.875648","0","179.9"
"8/28/2026 1:01:34 AM","33.128353","-96.875648","0","179.9"
"8/28/2026 1:01:35 AM","33.128353","-96.875648","0","179.9"
"8/28/2026 1:01:36 AM","33.128353","-96.875648","0","179.9"
"8/28/2026 1:01:37 AM","33.128353","-96.875648","0","179.9"
"8/28/2026 1:01:38 AM","33.128353","-96.875648","0","179.9"
"8/28/2026 1:01:39 AM","33.128353","-96.875648","0","179.9"
"8/28/2026 1:01:40 AM","33.128353","-96.875648","0","179.9"
"8/28/2026 1:01:41 AM","33.128353","-96.875648","0","180"
"8/28/2026 1:01:42 AM","33.128353","-96.875648","0","180"
"8/28/2026 1:01:43 AM","33.128353","-96.875648","0","180"
"8/28/2026 1:01:44 AM","33.128349","-96.875648","0","180"
"8/28/2026 1:01:45 AM","33.128349","-96.875648","0","180"
"8/28/2026 1:01:46 AM","33.128349","-96.875648","0","180"
"8/28/2026 1:01:47 AM","33.128349","-96.875648","0","180"
"8/28/2026 1:01:48 AM","33.128349","-96.875648","0","180"
"8/28/2026 1:01:49 AM","33.128349","-96.875648","0","180"
"8/28/2026 1:01:50 AM","33.128349","-96.875648","0","180"
"8/28/2026 1:01:51 AM","33.128349","-96.875648","0","180"
"8/28/2026 1:01:52 AM","33.128353","-96.875648","0","180"
"8/28/2026 1:01:53 AM","33.128353","-96.875648","0","180"
"8/28/2026 1:01:54 AM","33.128353","-96.875648","0","180"
"8/28/2026 1:01:55 AM","33.128353","-96.875648","0","180"
"8/28/2026 1:01:56 AM","33.128353","-96.875648","0","180"
"8/28/2026 1:01:57 AM","33.128353","-96.875648","0","180"
"8/28/2026 1:01:58 AM","33.128353","-96.875648","0","180"
"8/28/2026 1:01:59 AM","33.128349","-96.875648","0","180"
"8/28/2026 1:02:00 AM","33.128349","-96.875648","0","180"
"8/28/2026 1:02:01 AM","33.128349","-96.875648","0","180"
"8/28/2026 1:02:02 AM","33.128349","-96.875648","0","180"
"8/28/2026 1:02:03 AM","33.128349","-96.875648","0","180"
"8/28/2026 1:02:04 AM","33.128349","-96.875648","0","180"
"8/28/2026 1:02:05 AM","33.128349","-96.875648","0","180"
"8/28/2026 1:02:06 AM","33.128349","-96.875648","0","180.1"
"8/28/2026 1:02:07 AM","33.128349","-96.875633","0","180.1"
"8/28/2026 1:02:08 AM","33.128349","-96.875633","0","180.1"
"8/28/2026 1:02:09 AM","33.128349","-96.875633","0","180.1"
"8/28/2026 1:02:10 AM","33.128349","-96.875633","0","180.1"
"8/28/2026 1:02:11 AM","33.128345","-96.875633","0","180.2"
"8/28/2026 1:02:12 AM","33.128345","-96.875633","0","180.1"
"8/28/2026 1:02:13 AM","33.128345","-96.875633","0","180.2"
"8/28/2026 1:02:14 AM","33.128345","-96.875633","0","180.2"
"8/28/2026 1:02:15 AM","33.128345","-96.875633","0","180.2"
"8/28/2026 1:02:16 AM","33.128345","-96.875633","0","180.2"
"8/28/2026 1:02:17 AM","33.128345","-96.875633","0","180.3"
"8/28/2026 1:02:18 AM","33.128345","-96.875633","0","180.3"
"8/28/2026 1:02:19 AM","33.128345","-96.875633","0","180.4"
"8/28/2026 1:02:20 AM","33.128345","-96.875633","0","180.4"
"8/28/2026 1:02:21 AM","33.128345","-96.875633","0","180.5"
"8/28/2026 1:02:22 AM","33.128345","-96.875633","0","180.5"
"8/28/2026 1:02:23 AM","33.128345","-96.875633","0","180.5"
"8/28/2026 1:02:24 AM","33.128345","-96.875633","0","180.6"
"8/28/2026 1:02:25 AM","33.128345","-96.875633","0","180.6"
"8/28/2026 1:02:26 AM","33.128345","-96.875633","0","180.6"
"8/28/2026 1:02:27 AM","33.128345","-96.875633","0","180.7"
"8/28/2026 1:02:28 AM","33.128345","-96.875633","0","180.7"
"8/28/2026 1:02:29 AM","33.128345","-96.875633","0","180.7"
"8/28/2026 1:02:30 AM","33.128345","-96.875633","0","180.7"
"8/28/2026 1:02:31 AM","33.128345","-96.875633","0","180.7"
"8/28/2026 1:02:32 AM","33.128345","-96.875633","0","180.7"
"8/28/2026 1:02:33 AM","33.128345","-96.875648","0","180.8"
"8/28/2026 1:02:34 AM","33.128345","-96.875648","0","180.8"
"8/28/2026 1:02:35 AM","33.128345","-96.875648","0","180.8"
"8/28/2026 1:02:36 AM","33.128345","-96.875648","0","180.7"
"8/28/2026 1:02:37 AM","33.128345","-96.875648","0","180.7"
"8/28/2026 1:02:38 AM","33.128345","-96.875648","0","180.7"
"8/28/2026 1:02:39 AM","33.128345","-96.875648","0","180.7"
"8/28/2026 1:02:40 AM","33.128345","-96.875648","0","180.7"
"8/28/2026 1:02:41 AM","33.128342","-96.875648","0","180.7"
"8/28/2026 1:02:42 AM","33.128342","-96.875648","0","180.7"
"8/28/2026 1:02:43 AM","33.128342","-96.875648","0","180.7"
"8/28/2026 1:02:44 AM","33.128342","-96.875648","0","180.7"
"8/28/2026 1:02:45 AM","33.128342","-96.875648","0","180.7"
"8/28/2026 1:02:46 AM","33.128342","-96.875648","0","180.7"
"8/28/2026 1:02:47 AM","33.128342","-96.875648","0","180.7"
"8/28/2026 1:02:48 AM","33.128342","-96.875648","0","180.8"
"8/28/2026 1:02:49 AM","33.128342","-96.875648","0","180.8"
"8/28/2026 1:02:50 AM","33.128342","-96.875648","0","180.8"
"8/28/2026 1:02:51 AM","33.128338","-96.875648","0","180.8"
"8/28/2026 1:02:52 AM","33.128338","-96.875648","0","180.8"
"8/28/2026 1:02:53 AM","33.128338","-96.875648","0","180.8"
"8/28/2026 1:02:54 AM","33.128338","-96.875648","0","180.8"
"8/28/2026 1:02:55 AM","33.128338","-96.875648","0","180.9"
"8/28/2026 1:02:56 AM","33.128338","-96.875648","0","180.9"
"8/28/2026 1:02:57 AM","33.128338","-96.875648","0","180.9"
"8/28/2026 1:02:58 AM","33.128338","-96.875648","0","180.9"
"8/28/2026 1:02:59 AM","33.128338","-96.875648","0","180.9"
"8/28/2026 1:03:00 AM","33.128338","-96.875648","0","180.9"
"8/28/2026 1:03:01 AM","33.128338","-96.875648","0","181"
"8/28/2026 1:03:02 AM","33.128342","-96.875648","0","181"
"8/28/2026 1:03:03 AM","33.128342","-96.875648","0","181"
"8/28/2026 1:03:04 AM","33.128342","-96.875648","0","181"
"8/28/2026 1:03:05 AM","33.128342","-96.875648","0","181.1"
"8/28/2026 1:03:06 AM","33.128342","-96.875648","0","181.1"
"8/28/2026 1:03:07 AM","33.128342","-96.875648","0","181.1"
"8/28/2026 1:03:08 AM","33.128342","-96.875648","0","181.2"
"8/28/2026 1:03:09 AM","33.128342","-96.875648","0","181.2"
"8/28/2026 1:03:10 AM","33.128342","-96.875648","0","181.3"
"8/28/2026 1:03:11 AM","33.128342","-96.875648","0","181.3"
"8/28/2026 1:03:12 AM","33.128342","-96.875648","0","181.3"
"8/28/2026 1:03:13 AM","33.128342","-96.875648","0","181.3"
"8/28/2026 1:03:14 AM","33.128342","-96.875648","0","181.3"
"8/28/2026 1:03:15 AM","33.128342","-96.875648","0","181.4"
"8/28/2026 1:03:16 AM","33.128342","-96.875648","0","181.4"
"8/28/2026 1:03:17 AM","33.128342","-96.875648","0","181.4"
"8/28/2026 1:03:18 AM","33.128342","-96.875648","0","181.4"
"8/28/2026 1:03:19 AM","33.128345","-96.875648","0","181.5"
"8/28/2026 1:03:20 AM","33.128345","-96.875648","0","181.5"
"8/28/2026 1:03:21 AM","33.128345","-96.875648","0","181.4"
"8/28/2026 1:03:22 AM","33.128345","-96.875648","0","181.4"
"8/28/2026 1:03:23 AM","33.128345","-96.875648","0","181.5"
"8/28/2026 1:03:24 AM","33.128345","-96.875648","0","181.5"
"8/28/2026 1:03:25 AM","33.128345","-96.875648","0","181.5"
"8/28/2026 1:03:26 AM","33.128345","-96.875648","0","181.5"
"8/28/2026 1:03:27 AM","33.128345","-96.875648","0","181.5"
"8/28/2026 1:03:28 AM","33.128345","-96.875648","0","181.5"
"8/28/2026 1:03:29 AM","33.128345","-96.875648","0","181.6"
"8/28/2026 1:03:30 AM","33.128345","-96.875648","0","181.6"
"8/28/2026 1:03:31 AM","33.128345","-96.875648","0","181.6"
"8/28/2026 1:03:32 AM","33.128345","-96.875648","0","181.5"
"8/28/2026 1:03:33 AM","33.128345","-96.875648","0","181.5"
"8/28/2026 1:03:34 AM","33.128345","-96.875648","0","181.5"
"8/28/2026 1:03:35 AM","33.128345","-96.875648","0","181.5"
"8/28/2026 1:03:36 AM","33.128345","-96.875648","0","181.4"
"8/28/2026 1:03:37 AM","33.128345","-96.875648","0","181.4"
"8/28/2026 1:03:38 AM","33.128345","-96.875648","0","181.4"
"8/28/2026 1:03:39 AM","33.128345","-96.875648","0","181.4"
"8/28/2026 1:03:40 AM","33.128345","-96.875648","0","181.4"
"8/28/2026 1:03:41 AM","33.128345","-96.875648","0","181.4"
"8/28/2026 1:03:42 AM","33.128345","-96.875648","0","181.3"
"8/28/2026 1:03:43 AM","33.128345","-96.875648","0","181.3"
"8/28/2026 1:03:44 AM","33.128345","-96.875648","0","181.3"
"8/28/2026 1:03:45 AM","33.128345","-96.875648","0","181.3"
"8/28/2026 1:03:46 AM","33.128345","-96.875648","0","181.3"
"8/28/2026 1:03:47 AM","33.128345","-96.875648","0","181.2"
"8/28/2026 1:03:48 AM","33.128345","-96.875648","0","181.2"
"8/28/2026 1:03:49 AM","33.128345","-96.875648","0","181.2"
"8/28/2026 1:03:50 AM","33.128345","-96.875648","0","181.2"
"8/28/2026 1:03:51 AM","33.128345","-96.875648","0","181.2"
"8/28/2026 1:03:52 AM","33.128342","-96.875648","0","181.1"
"8/28/2026 1:03:53 AM","33.128342","-96.875648","0","181.1"
"8/28/2026 1:03:54 AM","33.128342","-96.875648","0","181.1"
"8/28/2026 1:03:55 AM","33.128342","-96.875648","0","181.1"
"8/28/2026 1:03:56 AM","33.128342","-96.875648","0","181"
"8/28/2026 1:03:57 AM","33.128342","-96.875648","0","181"
"8/28/2026 1:03:58 AM","33.128342","-96.875648","0","181"
"8/28/2026 1:03:59 AM","33.128342","-96.875648","0","180.9"
"8/28/2026 1:04:00 AM","33.128342","-96.875648","0","180.9"
"8/28/2026 1:04:01 AM","33.128342","-96.875648","0","180.8"
"8/28/2026 1:04:02 AM","33.128338","-96.875648","0","180.8"
"8/28/2026 1:04:03 AM","33.128338","-96.875648","0","180.7"
"8/28/2026 1:04:04 AM","33.128338","-96.875648","0","180.7"
"8/28/2026 1:04:05 AM","33.128338","-96.875648","0","180.7"
"8/28/2026 1:04:06 AM","33.128338","-96.875648","0","180.6"
"8/28/2026 1:04:07 AM","33.128338","-96.875648","0","180.6"
"8/28/2026 1:04:08 AM","33.128338","-96.875648","0","180.6"
"8/28/2026 1:04:09 AM","33.128338","-96.875648","0","180.5"
"8/28/2026 1:04:10 AM","33.128338","-96.875648","0","180.5"
"8/28/2026 1:04:11 AM","33.128338","-96.875648","0","180.5"
"8/28/2026 1:04:12 AM","33.128338","-96.875648","0","180.5"
"8/28/2026 1:04:13 AM","33.128338","-96.875648","0","180.4"
"8/28/2026 1:04:14 AM","33.128338","-96.875648","0","180.4"
"8/28/2026 1:04:15 AM","33.128338","-96.875648","0","180.4"
"8/28/2026 1:04:16 AM","33.128338","-96.875648","0","180.3"
"8/28/2026 1:04:17 AM","33.128338","-96.875648","0","180.3"
"8/28/2026 1:04:18 AM","33.128338","-96.875648","0","180.3"
"8/28/2026 1:04:19 AM","33.128338","-96.875648","0","180.3"
"8/28/2026 1:04:20 AM","33.128338","-96.875648","0","180.2"
"8/28/2026 1:04:21 AM","33.128338","-96.875648","0","180.2"
"8/28/2026 1:04:22 AM","33.128338","-96.875633","0","180.2"
"8/28/2026 1:04:23 AM","33.128338","-96.875633","0","180.2"
"8/28/2026 1:04:24 AM","33.128338","-96.875633","0","180.1"
"8/28/2026 1:04:25 AM","33.128338","-96.875633","0","180.1"
"8/28/2026 1:04:26 AM","33.128338","-96.875633","0","180.1"
"8/28/2026 1:04:27 AM","33.128338","-96.875633","0","180"
"8/28/2026 1:04:28 AM","33.128338","-96.875633","0","180"
"8/28/2026 1:04:29 AM","33.128338","-96.875633","0","180"
"8/28/2026 1:04:30 AM","33.128338","-96.875633","0","180"
"8/28/2026 1:04:31 AM","33.128338","-96.875633","0","180"
"8/28/2026 1:04:32 AM","33.128338","-96.875633","0","180"
"8/28/2026 1:04:33 AM","33.128338","-96.875633","0","180"
"8/28/2026 1:04:34 AM","33.128338","-96.875633","0","180"
"8/28/2026 1:04:35 AM","33.128338","-96.875633","0","179.9"
"8/28/2026 1:04:36 AM","33.128338","-96.875633","0","179.9"
"8/28/2026 1:04:37 AM","33.128338","-96.875633","0","179.9"
"8/28/2026 1:04:38 AM","33.128338","-96.875633","0","179.9"
"8/28/2026 1:04:39 AM","33.128338","-96.875633","0","179.9"
"8/28/2026 1:04:40 AM","33.128338","-96.875633","0","179.9"
"8/28/2026 1:04:41 AM","33.128338","-96.875633","0","179.9"
"8/28/2026 1:04:42 AM","33.128338","-96.875633","0","179.9"
"8/28/2026 1:04:43 AM","33.128338","-96.875633","0","179.8"
"8/28/2026 1:04:44 AM","33.128338","-96.875633","0","179.8"
"8/28/2026 1:04:45 AM","33.128338","-96.875633","0","179.8"
"8/28/2026 1:04:46 AM","33.128338","-96.875633","0","179.8"
"8/28/2026 1:04:47 AM","33.128338","-96.875633","0","179.8"
"8/28/2026 1:04:48 AM","33.128338","-96.875633","0","179.7"
"8/28/2026 1:04:49 AM","33.128338","-96.875633","0","179.7"
"8/28/2026 1:04:50 AM","33.128338","-96.875633","0","179.7"
"8/28/2026 1:04:51 AM","33.128338","-96.875633","0","179.7"
"8/28/2026 1:04:52 AM","33.128338","-96.875633","0","179.7"
"8/28/2026 1:04:53 AM","33.128338","-96.875633","0","179.7"
"8/28/2026 1:04:54 AM","33.128338","-96.875633","0","179.7"
"8/28/2026 1:04:55 AM","33.128338","-96.875633","0","179.7"
"8/28/2026 1:04:56 AM","33.128338","-96.875633","0","179.7"
"8/28/2026 1:04:57 AM","33.128338","-96.875633","0","179.7"
"8/28/2026 1:04:58 AM","33.128338","-96.875633","0","179.7"
"8/28/2026 1:04:59 AM","33.128338","-96.875633","0","179.6"
"8/28/2026 1:05:00 AM","33.128338","-96.875633","0","179.6"
"8/28/2026 1:05:01 AM","33.128338","-96.875633","0","179.6"
"8/28/2026 1:05:02 AM","33.128338","-96.875633","0","179.6"
"8/28/2026 1:05:03 AM","33.128338","-96.875633","0","179.6"
"8/28/2026 1:05:04 AM","33.128338","-96.875633","0","179.6"
"8/28/2026 1:05:05 AM","33.128338","-96.875633","0","179.6"
"8/28/2026 1:05:06 AM","33.128338","-96.875633","0","179.5"
"8/28/2026 1:05:07 AM","33.128338","-96.875633","0","179.5"
"8/28/2026 1:05:08 AM","33.128338","-96.875633","0","179.5"
"8/28/2026 1:05:09 AM","33.128338","-96.875633","0","179.5"
"8/28/2026 1:05:10 AM","33.128338","-96.875633","0","179.4"
"8/28/2026 1:05:11 AM","33.128338","-96.875633","0","179.4"
"8/28/2026 1:05:12 AM","33.128338","-96.875633","0","179.4"
"8/28/2026 1:05:13 AM","33.128338","-96.875633","0","179.4"
"8/28/2026 1:05:14 AM","33.128338","-96.875633","0","179.4"
"8/28/2026 1:05:15 AM","33.128338","-96.875633","0","179.4"
"8/28/2026 1:05:16 AM","33.128338","-96.875633","0","179.4"
"8/28/2026 1:05:17 AM","33.128338","-96.875633","0","179.3"
"8/28/2026 1:05:18 AM","33.128338","-96.875633","0","179.3"
"8/28/2026 1:05:19 AM","33.128338","-96.875633","0","179.3"
"8/28/2026 1:05:20 AM","33.128338","-96.875633","0","179.3"
"8/28/2026 1:05:21 AM","33.128342","-96.875633","0","179.3"
"8/28/2026 1:05:22 AM","33.128342","-96.875633","0","179.2"
"8/28/2026 1:05:23 AM","33.128342","-96.875633","0","179.2"
"8/28/2026 1:05:24 AM","33.128342","-96.875633","0","179.2"
"8/28/2026 1:05:25 AM","33.128342","-96.875633","0","179.2"
"8/28/2026 1:05:26 AM","33.128342","-96.875633","0","179.2"
"8/28/2026 1:05:27 AM","33.128342","-96.875633","0","179.2"
"8/28/2026 1:05:28 AM","33.128342","-96.875648","0","179.2"
"8/28/2026 1:05:29 AM","33.128342","-96.875648","0","179.2"
"8/28/2026 1:05:30 AM","33.128342","-96.875648","0","179.2"
"8/28/2026 1:05:31 AM","33.128342","-96.875648","0","179.2"
"8/28/2026 1:05:32 AM","33.128342","-96.875648","0","179.1"
"8/28/2026 1:05:33 AM","33.128342","-96.875648","0","179.1"
"8/28/2026 1:05:34 AM","33.128342","-96.875648","0","179.1"
"8/28/2026 1:05:35 AM","33.128342","-96.875648","0","179.2"
"8/28/2026 1:05:36 AM","33.128342","-96.875648","0","179.2"
"8/28/2026 1:05:37 AM","33.128342","-96.875648","0","179.2"
"8/28/2026 1:05:38 AM","33.128342","-96.875648","0","179.2"
"8/28/2026 1:05:39 AM","33.128342","-96.875648","0","179.2"
"8/28/2026 1:05:40 AM","33.128342","-96.875648","0","179.2"
"8/28/2026 1:05:41 AM","33.128342","-96.875648","0","179.2"
"8/28/2026 1:05:42 AM","33.128342","-96.875648","0","179.2"
"8/28/2026 1:05:43 AM","33.128338","-96.875648","0","179.3"
"8/28/2026 1:05:44 AM","33.128338","-96.875648","0","179.3"
"8/28/2026 1:05:45 AM","33.128338","-96.875648","0","179.3"
"8/28/2026 1:05:46 AM","33.128338","-96.875648","0","179.3"
"8/28/2026 1:05:47 AM","33.128338","-96.875648","0","179.3"
"8/28/2026 1:05:48 AM","33.128338","-96.875648","0","179.3"
"8/28/2026 1:05:49 AM","33.128338","-96.875648","0","179.3"
"8/28/2026 1:05:50 AM","33.128338","-96.875648","0","179.4"
"8/28/2026 1:05:51 AM","33.128338","-96.875648","0","179.4"
"8/28/2026 1:05:52 AM","33.128338","-96.875648","0","179.4"
"8/28/2026 1:05:53 AM","33.128338","-96.875648","0","179.4"
"8/28/2026 1:05:54 AM","33.128338","-96.875648","0","179.4"
"8/28/2026 1:05:55 AM","33.128338","-96.875648","0","179.5"
"8/28/2026 1:05:56 AM","33.128338","-96.875648","0","179.5"
"8/28/2026 1:05:57 AM","33.128338","-96.875648","0","179.5"
"8/28/2026 1:05:58 AM","33.128338","-96.875648","0","179.5"
"8/28/2026 1:05:59 AM","33.128338","-96.875648","0","179.5"
"8/28/2026 1:06:00 AM","33.128338","-96.875648","0","179.5"
"8/28/2026 1:06:01 AM","33.128338","-96.875648","0","179.6"
"8/28/2026 1:06:02 AM","33.128338","-96.875648","0","179.6"
"8/28/2026 1:06:03 AM","33.128338","-96.875648","0","179.6"
"8/28/2026 1:06:04 AM","33.128338","-96.875648","0","179.6"
"8/28/2026 1:06:05 AM","33.128338","-96.875648","0","179.6"
"8/28/2026 1:06:06 AM","33.128338","-96.875648","0","179.6"
"8/28/2026 1:06:07 AM","33.128338","-96.875648","0","179.6"
"8/28/2026 1:06:08 AM","33.128338","-96.875648","0","179.6"
"8/28/2026 1:06:09 AM","33.128338","-96.875648","0","179.6"
"8/28/2026 1:06:10 AM","33.128338","-96.875648","0","179.6"
"8/28/2026 1:06:11 AM","33.128338","-96.875648","0","179.6"
"8/28/2026 1:06:12 AM","33.128338","-96.875648","0","179.6"
"8/28/2026 1:06:13 AM","33.128338","-96.875648","0","179.6"
"8/28/2026 1:06:14 AM","33.128338","-96.875648","0","179.6"
"8/28/2026 1:06:15 AM","33.128338","-96.875648","0","179.7"
"8/28/2026 1:06:16 AM","33.128338","-96.875648","0","179.7"
"8/28/2026 1:06:17 AM","33.128338","-96.875648","0","179.7"
"8/28/2026 1:06:18 AM","33.128338","-96.875648","0","179.7"
"8/28/2026 1:06:19 AM","33.128338","-96.875648","0","179.7"
"8/28/2026 1:06:20 AM","33.128338","-96.875648","0","179.7"
"8/28/2026 1:06:21 AM","33.128338","-96.875648","0","179.7"
"8/28/2026 1:06:22 AM","33.128338","-96.875648","0","179.8"
"8/28/2026 1:06:23 AM","33.128338","-96.875648","0","179.8"
"8/28/2026 1:06:24 AM","33.128338","-96.875648","0","179.8"
"8/28/2026 1:06:25 AM","33.128338","-96.875648","0","179.8"
"8/28/2026 1:06:26 AM","33.128338","-96.875648","0","179.8"
"8/28/2026 1:06:27 AM","33.128338","-96.875648","0","179.8"
"8/28/2026 1:06:28 AM","33.128338","-96.875648","0","179.8"
"8/28/2026 1:06:29 AM","33.128338","-96.875648","0","179.8"
"8/28/2026 1:06:30 AM","33.128338","-96.875648","0","179.8"
"8/28/2026 1:06:31 AM","33.128338","-96.875648","0","179.8"
"8/28/2026 1:06:32 AM","33.128338","-96.875648","0","179.8"
"8/28/2026 1:06:33 AM","33.128338","-96.875648","0","179.8"
"8/28/2026 1:06:34 AM","33.128338","-96.875648","0","179.8"
"8/28/2026 1:06:35 AM","33.128338","-96.875648","0","179.9"
"8/28/2026 1:06:36 AM","33.128338","-96.875648","0","179.9"
"8/28/2026 1:06:37 AM","33.128338","-96.875648","0","179.9"
"8/28/2026 1:06:38 AM","33.128338","-96.875648","0","179.9"
"8/28/2026 1:06:39 AM","33.128338","-96.875648","0","179.9"
"8/28/2026 1:06:40 AM","33.128338","-96.875648","0","180"
"8/28/2026 1:06:41 AM","33.128338","-96.875648","0","180"
"8/28/2026 1:06:42 AM","33.128338","-96.875648","0","180"
"8/28/2026 1:06:43 AM","33.128338","-96.875648","0","180.1"
"8/28/2026 1:06:44 AM","33.128338","-96.875648","0","180.1"
"8/28/2026 1:06:45 AM","33.128338","-96.875648","0","180.1"
"8/28/2026 1:06:46 AM","33.128338","-96.875648","0","180.1"
"8/28/2026 1:06:47 AM","33.128338","-96.875664","0","180.1"
"8/28/2026 1:06:48 AM","33.128338","-96.875664","0","180.1"
"8/28/2026 1:06:49 AM","33.128338","-96.875664","0","180.2"
"8/28/2026 1:06:50 AM","33.128338","-96.875664","0","180.2"
"8/28/2026 1:06:51 AM","33.128338","-96.875664","0","180.2"
"8/28/2026 1:06:52 AM","33.128338","-96.875664","0","180.2"
"8/28/2026 1:06:53 AM","33.128338","-96.875664","0","180.2"
"8/28/2026 1:06:54 AM","33.128338","-96.875664","0","180.3"
"8/28/2026 1:06:55 AM","33.128338","-96.875664","0","180.3"
"8/28/2026 1:06:56 AM","33.128338","-96.875664","0","180.3"
"8/28/2026 1:06:57 AM","33.128338","-96.875664","0","180.4"
"8/28/2026 1:06:58 AM","33.128338","-96.875664","0","180.4"
"8/28/2026 1:06:59 AM","33.128338","-96.875648","0","180.4"
"8/28/2026 1:07:00 AM","33.128338","-96.875648","0","180.5"
"8/28/2026 1:07:01 AM","33.128338","-96.875648","0","180.5"
"8/28/2026 1:07:02 AM","33.128338","-96.875648","0","180.6"
"8/28/2026 1:07:03 AM","33.128338","-96.875648","0","180.6"
"8/28/2026 1:07:04 AM","33.128338","-96.875648","0","180.7"
"8/28/2026 1:07:05 AM","33.128338","-96.875648","0","180.7"
"8/28/2026 1:07:06 AM","33.128338","-96.875648","0","180.7"
"8/28/2026 1:07:07 AM","33.128338","-96.875648","0","180.8"
"8/28/2026 1:07:08 AM","33.128338","-96.875648","0","180.8"
"8/28/2026 1:07:09 AM","33.128342","-96.875648","0","180.8"
"8/28/2026 1:07:10 AM","33.128342","-96.875648","0","180.8"
"8/28/2026 1:07:11 AM","33.128342","-96.875648","0","180.8"
"8/28/2026 1:07:12 AM","33.128342","-96.875648","0","180.9"
"8/28/2026 1:07:13 AM","33.128342","-96.875648","0","180.9"
"8/28/2026 1:07:14 AM","33.128342","-96.875648","0","180.9"
"8/28/2026 1:07:15 AM","33.128342","-96.875648","0","181"
"8/28/2026 1:07:16 AM","33.128342","-96.875648","0","181"
"8/28/2026 1:07:17 AM","33.128342","-96.875648","0","181"
"8/28/2026 1:07:18 AM","33.128342","-96.875648","0","181"
"8/28/2026 1:07:19 AM","33.128342","-96.875648","0","181.1"
"8/28/2026 1:07:20 AM","33.128345","-96.875648","0","181.1"
"8/28/2026 1:07:21 AM","33.128345","-96.875648","0","181.1"
"8/28/2026 1:07:22 AM","33.128345","-96.875648","0","181.2"
"8/28/2026 1:07:23 AM","33.128345","-96.875648","0","181.2"
"8/28/2026 1:07:24 AM","33.128345","-96.875648","0","181.3"
"8/28/2026 1:07:25 AM","33.128345","-96.875648","0","181.3"
"8/28/2026 1:07:26 AM","33.128345","-96.875648","0","181.3"
"8/28/2026 1:07:27 AM","33.128345","-96.875648","0","181.4"
"8/28/2026 1:07:28 AM","33.128345","-96.875648","0","181.4"
"8/28/2026 1:07:29 AM","33.128345","-96.875648","0","181.5"
"8/28/2026 1:07:30 AM","33.128345","-96.875648","0","181.5"
"8/28/2026 1:07:31 AM","33.128345","-96.875648","0","181.5"
"8/28/2026 1:07:32 AM","33.128345","-96.875648","0","181.6"
"8/28/2026 1:07:33 AM","33.128345","-96.875648","0","181.6"
"8/28/2026 1:07:34 AM","33.128345","-96.875648","0","181.6"
"8/28/2026 1:07:35 AM","33.128345","-96.875648","0","181.6"
"8/28/2026 1:07:36 AM","33.128345","-96.875648","0","181.7"
"8/28/2026 1:07:37 AM","33.128345","-96.875648","0","181.7"
"8/28/2026 1:07:38 AM","33.128345","-96.875648","0","181.8"
"8/28/2026 1:07:39 AM","33.128345","-96.875648","0","181.8"
"8/28/2026 1:07:40 AM","33.128345","-96.875648","0","181.8"
"8/28/2026 1:07:41 AM","33.128345","-96.875648","0","181.9"
"8/28/2026 1:07:42 AM","33.128345","-96.875648","0","181.9"
"8/28/2026 1:07:43 AM","33.128345","-96.875648","0","181.9"
"8/28/2026 1:07:44 AM","33.128345","-96.875648","0","181.9"
"8/28/2026 1:07:45 AM","33.128345","-96.875648","0","181.9"
"8/28/2026 1:07:46 AM","33.128345","-96.875648","0","181.9"
"8/28/2026 1:07:47 AM","33.128345","-96.875648","0","181.9"
"8/28/2026 1:07:48 AM","33.128345","-96.875648","0","181.9"
"8/28/2026 1:07:49 AM","33.128345","-96.875648","0","181.9"
"8/28/2026 1:07:50 AM","33.128345","-96.875664","0","181.9"
"8/28/2026 1:07:51 AM","33.128345","-96.875664","0","181.9"
"8/28/2026 1:07:52 AM","33.128345","-96.875664","0","181.9"
"8/28/2026 1:07:53 AM","33.128345","-96.875664","0","181.9"
"8/28/2026 1:07:54 AM","33.128345","-96.875664","0","181.9"
"8/28/2026 1:07:55 AM","33.128345","-96.875664","0","182"
"8/28/2026 1:07:56 AM","33.128345","-96.875664","0","182"
"8/28/2026 1:07:57 AM","33.128345","-96.875664","0","182"
"8/28/2026 1:07:58 AM","33.128345","-96.875664","0","182"
"8/28/2026 1:07:59 AM","33.128345","-96.875664","0","182"
"8/28/2026 1:08:00 AM","33.128345","-96.875664","0","182"
"8/28/2026 1:08:01 AM","33.128345","-96.875664","0","182"
"8/28/2026 1:08:02 AM","33.128345","-96.875664","0","182"
"8/28/2026 1:08:03 AM","33.128345","-96.875664","0","182"
"8/28/2026 1:08:04 AM","33.128345","-96.875664","0","182.1"
"8/28/2026 1:08:05 AM","33.128345","-96.875664","0","182.1"
"8/28/2026 1:08:06 AM","33.128345","-96.875664","0","182.1"
"8/28/2026 1:08:07 AM","33.128345","-96.875664","0","182.1"
"8/28/2026 1:08:08 AM","33.128345","-96.875664","0","182.1"
"8/28/2026 1:08:09 AM","33.128345","-96.875664","0","182.2"
"8/28/2026 1:08:10 AM","33.128345","-96.875664","0","182.2"
"8/28/2026 1:08:11 AM","33.128345","-96.875664","0","182.2"
"8/28/2026 1:08:12 AM","33.128345","-96.875664","0","182.2"
"8/28/2026 1:08:13 AM","33.128345","-96.875664","0","182.3"
"8/28/2026 1:08:14 AM","33.128345","-96.875664","0","182.3"
"8/28/2026 1:08:15 AM","33.128345","-96.875664","0","182.3"
"8/28/2026 1:08:16 AM","33.128345","-96.875664","0","182.4"
"8/28/2026 1:08:17 AM","33.128345","-96.875664","0","182.4"
"8/28/2026 1:08:18 AM","33.128345","-96.875664","0","182.5"
"8/28/2026 1:08:19 AM","33.128345","-96.875664","0","182.5"
"8/28/2026 1:08:20 AM","33.128349","-96.875664","0","182.6"
"8/28/2026 1:08:21 AM","33.128349","-96.875664","0","182.6"
"8/28/2026 1:08:22 AM","33.128349","-96.875664","0","182.7"
"8/28/2026 1:08:23 AM","33.128349","-96.875664","0","182.7"
"8/28/2026 1:08:24 AM","33.128349","-96.875664","0","182.7"
"8/28/2026 1:08:25 AM","33.128349","-96.875664","0","182.8"
"8/28/2026 1:08:26 AM","33.128349","-96.875664","0","182.8"
"8/28/2026 1:08:27 AM","33.128349","-96.875664","0","182.9"
"8/28/2026 1:08:28 AM","33.128349","-96.875664","0","182.9"
"8/28/2026 1:08:29 AM","33.128349","-96.875664","0","183"
"8/28/2026 1:08:30 AM","33.128349","-96.875664","0","183"
"8/28/2026 1:08:31 AM","33.128349","-96.875664","0","183.1"
"8/28/2026 1:08:32 AM","33.128345","-96.875664","0","183.1"
"8/28/2026 1:08:33 AM","33.128345","-96.875664","0","183.1"
"8/28/2026 1:08:34 AM","33.128345","-96.875664","0","183.2"
"8/28/2026 1:08:35 AM","33.128345","-96.875664","0","183.2"
"8/28/2026 1:08:36 AM","33.128345","-96.875664","0","183.2"
"8/28/2026 1:08:37 AM","33.128345","-96.875664","0","183.3"
"8/28/2026 1:08:38 AM","33.128345","-96.875664","0","183.3"
"8/28/2026 1:08:39 AM","33.128345","-96.875664","0","183.4"
"8/28/2026 1:08:40 AM","33.128345","-96.875664","0","183.4"
"8/28/2026 1:08:41 AM","33.128345","-96.875664","0","183.4"
"8/28/2026 1:08:42 AM","33.128345","-96.875664","0","183.4"
"8/28/2026 1:08:43 AM","33.128345","-96.875664","0","183.5"
"8/28/2026 1:08:44 AM","33.128345","-96.875664","0","183.5"
"8/28/2026 1:08:45 AM","33.128345","-96.875664","0","183.6"
"8/28/2026 1:08:46 AM","33.128345","-96.875664","0","183.6"
"8/28/2026 1:08:47 AM","33.128345","-96.875664","0","183.6"
"8/28/2026 1:08:48 AM","33.128345","-96.875664","0","183.6"
"8/28/2026 1:08:49 AM","33.128345","-96.875664","0","183.6"
"8/28/2026 1:08:50 AM","33.128345","-96.875664","0","183.7"
"8/28/2026 1:08:51 AM","33.128345","-96.875664","0","183.7"
"8/28/2026 1:08:52 AM","33.128342","-96.875664","0","183.7"
"8/28/2026 1:08:53 AM","33.128342","-96.875664","0","183.8"
"8/28/2026 1:08:54 AM","33.128342","-96.875664","0","183.8"
"8/28/2026 1:08:55 AM","33.128342","-96.875664","0","183.8"
"8/28/2026 1:08:56 AM","33.128342","-96.875664","0","183.8"
"8/28/2026 1:08:57 AM","33.128342","-96.875664","0","183.9"
"8/28/2026 1:08:58 AM","33.128342","-96.875664","0","183.9"
"8/28/2026 1:08:59 AM","33.128342","-96.875664","0","183.9"
"8/28/2026 1:09:00 AM","33.128342","-96.875664","0","183.9"
"8/28/2026 1:09:01 AM","33.128342","-96.875664","0","184"
"8/28/2026 1:09:02 AM","33.128342","-96.875664","0","184"
"8/28/2026 1:09:03 AM","33.128342","-96.875664","0","184"
"8/28/2026 1:09:04 AM","33.128342","-96.875664","0","184"
"8/28/2026 1:09:05 AM","33.128342","-96.875664","0","184"
"8/28/2026 1:09:06 AM","33.128342","-96.875664","0","184"
"8/28/2026 1:09:07 AM","33.128342","-96.875664","0","184"
"8/28/2026 1:09:08 AM","33.128342","-96.875664","0","184"
"8/28/2026 1:09:09 AM","33.128342","-96.875664","0","184.1"
"8/28/2026 1:09:10 AM","33.128342","-96.875664","0","184.1"
"8/28/2026 1:09:11 AM","33.128342","-96.875664","0","184.1"
"8/28/2026 1:09:12 AM","33.128342","-96.875664","0","184.1"
"8/28/2026 1:09:13 AM","33.128342","-96.875664","0","184.1"
"8/28/2026 1:09:14 AM","33.128342","-96.875664","0","184.2"
"8/28/2026 1:09:15 AM","33.128342","-96.875664","0","184.2"
"8/28/2026 1:09:16 AM","33.128342","-96.875664","0","184.2"
"8/28/2026 1:09:17 AM","33.128342","-96.875664","0","184.2"
"8/28/2026 1:09:18 AM","33.128342","-96.875664","0","184.2"
"8/28/2026 1:09:19 AM","33.128342","-96.875664","0","184.2"
"8/28/2026 1:09:20 AM","33.128342","-96.875664","0","184.2"
"8/28/2026 1:09:21 AM","33.128342","-96.875664","0","184.2"
"8/28/2026 1:09:22 AM","33.128342","-96.875664","0","184.2"
"8/28/2026 1:09:23 AM","33.128342","-96.875664","0","184.2"
"8/28/2026 1:09:24 AM","33.128342","-96.875664","0","184.2"
"8/28/2026 1:09:25 AM","33.128342","-96.875664","0","184.1"
"8/28/2026 1:09:26 AM","33.128342","-96.875664","0","184.2"
"8/28/2026 1:09:27 AM","33.128342","-96.875664","0","184.2"
"8/28/2026 1:09:28 AM","33.128342","-96.875664","0","184.2"
"8/28/2026 1:09:29 AM","33.128342","-96.875664","0","184.2"
"8/28/2026 1:09:30 AM","33.128342","-96.875664","0","184.2"
"8/28/2026 1:09:31 AM","33.128342","-96.875664","0","184.2"
"8/28/2026 1:09:32 AM","33.128342","-96.875664","0","184.2"
"8/28/2026 1:09:33 AM","33.128345","-96.875664","0","184.2"
"8/28/2026 1:09:34 AM","33.128345","-96.875664","0","184.2"
"8/28/2026 1:09:35 AM","33.128345","-96.875664","0","184.2"
"8/28/2026 1:09:36 AM","33.128345","-96.875664","0","184.3"
"8/28/2026 1:09:37 AM","33.128345","-96.875664","0","184.3"
"8/28/2026 1:09:38 AM","33.128345","-96.875664","0","184.3"
"8/28/2026 1:09:39 AM","33.128345","-96.875664","0","184.3"
"8/28/2026 1:09:40 AM","33.128345","-96.875664","0","184.3"
"8/28/2026 1:09:41 AM","33.128345","-96.875664","0","184.3"
"8/28/2026 1:09:42 AM","33.128345","-96.875664","0","184.3"
"8/28/2026 1:09:43 AM","33.128345","-96.875664","0","184.3"
"8/28/2026 1:09:44 AM","33.128345","-96.875664","0","184.3"
"8/28/2026 1:09:45 AM","33.128345","-96.875664","0","184.3"
"8/28/2026 1:09:46 AM","33.128345","-96.875664","0","184.3"
"8/28/2026 1:09:47 AM","33.128345","-96.875664","0","184.3"
"8/28/2026 1:09:48 AM","33.128345","-96.875664","0","184.3"
"8/28/2026 1:09:49 AM","33.128345","-96.875664","0","184.3"
"8/28/2026 1:09:50 AM","33.128345","-96.875664","0","184.3"
"8/28/2026 1:09:51 AM","33.128345","-96.875664","0","184.3"
"8/28/2026 1:09:52 AM","33.128345","-96.875664","0","184.3"
"8/28/2026 1:09:53 AM","33.128345","-96.875664","0","184.3"
"8/28/2026 1:09:54 AM","33.128345","-96.875664","0","184.3"
"8/28/2026 1:09:55 AM","33.128345","-96.875664","0","184.3"
"8/28/2026 1:09:56 AM","33.128345","-96.875664","0","184.2"
"8/28/2026 1:09:57 AM","33.128345","-96.875664","0","184.2"
"8/28/2026 1:09:58 AM","33.128345","-96.875664","0","184.2"
"8/28/2026 1:09:59 AM","33.128345","-96.875664","0","184.2"
"8/28/2026 1:10:00 AM","33.128345","-96.875664","0","184.2"
"8/28/2026 1:10:01 AM","33.128345","-96.875664","0","184.1"
"8/28/2026 1:10:02 AM","33.128345","-96.875664","0","184.1"
"8/28/2026 1:10:03 AM","33.128345","-96.875664","0","184.1"
"8/28/2026 1:10:04 AM","33.128345","-96.875664","0","184.1"
"8/28/2026 1:10:05 AM","33.128345","-96.875664","0","184.1"
"8/28/2026 1:10:06 AM","33.128345","-96.875664","0","184.1"
"8/28/2026 1:10:07 AM","33.128345","-96.875664","0","184.1"
"8/28/2026 1:10:08 AM","33.128345","-96.875664","0","184.1"
"8/28/2026 1:10:09 AM","33.128345","-96.875664","0","184.1"
"8/28/2026 1:10:10 AM","33.128345","-96.875664","0","184.1"
"8/28/2026 1:10:11 AM","33.128345","-96.875664","0","184.1"
"8/28/2026 1:10:12 AM","33.128345","-96.875664","0","184.1"
"8/28/2026 1:10:13 AM","33.128345","-96.875664","0","184"
"8/28/2026 1:10:14 AM","33.128345","-96.875664","0","184"
"8/28/2026 1:10:15 AM","33.128345","-96.875664","0","184"
"8/28/2026 1:10:16 AM","33.128345","-96.875664","0","184.1"
"8/28/2026 1:10:17 AM","33.128345","-96.875664","0","184"
"8/28/2026 1:10:18 AM","33.128345","-96.875664","0","184.1"
"8/28/2026 1:10:19 AM","33.128345","-96.875664","0","184.1"
"8/28/2026 1:10:20 AM","33.128345","-96.875664","0","184"
"8/28/2026 1:10:21 AM","33.128345","-96.875664","0","184"
"8/28/2026 1:10:22 AM","33.128345","-96.875664","0","184"
"8/28/2026 1:10:23 AM","33.128345","-96.875664","0","184"
"8/28/2026 1:10:24 AM","33.128345","-96.875664","0","184"
"8/28/2026 1:10:25 AM","33.128345","-96.875664","0","184"
"8/28/2026 1:10:26 AM","33.128345","-96.875664","0","184"
"8/28/2026 1:10:27 AM","33.128345","-96.875664","0","184"
"8/28/2026 1:10:28 AM","33.128345","-96.875664","0","184"
"8/28/2026 1:10:29 AM","33.128345","-96.875664","0","184"
"8/28/2026 1:10:30 AM","33.128345","-96.875664","0","184"
"8/28/2026 1:10:31 AM","33.128345","-96.875664","0","184"
"8/28/2026 1:10:32 AM","33.128345","-96.875664","0","184"
"8/28/2026 1:10:33 AM","33.128345","-96.875664","0","184"
"8/28/2026 1:10:34 AM","33.128345","-96.875664","0","184"
"8/28/2026 1:10:35 AM","33.128345","-96.875664","0","184"
"8/28/2026 1:10:36 AM","33.128345","-96.875664","0","184"
"8/28/2026 1:10:37 AM","33.128345","-96.875664","0","184"
"8/28/2026 1:10:38 AM","33.128345","-96.875664","0","184"
"8/28/2026 1:10:39 AM","33.128345","-96.875664","0","184"
"8/28/2026 1:10:40 AM","33.128345","-96.875664","0","184"
"8/28/2026 1:10:41 AM","33.128345","-96.875664","0","184"
"8/28/2026 1:10:42 AM","33.128345","-96.875664","0","184"
"8/28/2026 1:10:43 AM","33.128345","-96.875664","0","184"
"8/28/2026 1:10:44 AM","33.128345","-96.875648","0","184"
"8/28/2026 1:10:45 AM","33.128345","-96.875664","0","184.1"
"8/28/2026 1:10:46 AM","33.128345","-96.875664","0","184.1"
"8/28/2026 1:10:47 AM","33.128345","-96.875664","0","184.1"
"8/28/2026 1:10:48 AM","33.128345","-96.875664","0","184.1"
"8/28/2026 1:10:49 AM","33.128345","-96.875664","0","184.1"
"8/28/2026 1:10:50 AM","33.128349","-96.875664","0","184.1"
"8/28/2026 1:10:51 AM","33.128349","-96.875664","0","184.1"
"8/28/2026 1:10:52 AM","33.128349","-96.875664","0","184.1"
"8/28/2026 1:10:53 AM","33.128349","-96.875648","0","184.1"
"8/28/2026 1:10:54 AM","33.128349","-96.875648","0","184.1"
"8/28/2026 1:10:55 AM","33.128349","-96.875648","0","184.1"
"8/28/2026 1:10:56 AM","33.128349","-96.875648","0","184.1"
"8/28/2026 1:10:57 AM","33.128349","-96.875648","0","184.1"
"8/28/2026 1:10:58 AM","33.128349","-96.875648","0","184.1"
"8/28/2026 1:10:59 AM","33.128349","-96.875648","0","184.2"
"8/28/2026 1:11:00 AM","33.128349","-96.875648","0","184.1"
"8/28/2026 1:11:01 AM","33.128349","-96.875648","0","184.1"
"8/28/2026 1:11:02 AM","33.128349","-96.875648","0","184.1"
"8/28/2026 1:11:03 AM","33.128349","-96.875664","0","184.2"
"8/28/2026 1:11:04 AM","33.128353","-96.875664","0","184.2"
"8/28/2026 1:11:05 AM","33.128353","-96.875664","0","184.1"
"8/28/2026 1:11:06 AM","33.128353","-96.875664","0","184.1"
"8/28/2026 1:11:07 AM","33.128353","-96.875664","0","184.1"
"8/28/2026 1:11:08 AM","33.128353","-96.875664","0","184.1"
"8/28/2026 1:11:09 AM","33.128353","-96.875648","0","184.1"
"8/28/2026 1:11:10 AM","33.128353","-96.875648","0","184.1"
"8/28/2026 1:11:11 AM","33.128353","-96.875648","0","184.1"
"8/28/2026 1:11:12 AM","33.128353","-96.875648","0","184.1"
"8/28/2026 1:11:13 AM","33.128353","-96.875648","0","184.1"
"8/28/2026 1:11:14 AM","33.128353","-96.875648","0","184.1"
"8/28/2026 1:11:15 AM","33.128353","-96.875648","0","184.1"
"8/28/2026 1:11:16 AM","33.128353","-96.875648","0","184.1"
"8/28/2026 1:11:17 AM","33.128353","-96.875648","0","184.1"
"8/28/2026 1:11:18 AM","33.128353","-96.875648","0","184.1"
"8/28/2026 1:11:19 AM","33.128353","-96.875648","0","184.1"
"8/28/2026 1:11:20 AM","33.128353","-96.875648","0","184.1"
"8/28/2026 1:11:21 AM","33.128357","-96.875648","0","184.1"
"8/28/2026 1:11:22 AM","33.128357","-96.875648","0","184.1"
"8/28/2026 1:11:23 AM","33.128357","-96.875648","0","184.1"
"8/28/2026 1:11:24 AM","33.128357","-96.875648","0","184.1"
"8/28/2026 1:11:25 AM","33.128357","-96.875648","0","184.1"
"8/28/2026 1:11:26 AM","33.128357","-96.875648","0","184.1"
"8/28/2026 1:11:27 AM","33.128357","-96.875648","0","184.1"
"8/28/2026 1:11:28 AM","33.128357","-96.875648","0","184"
"8/28/2026 1:11:29 AM","33.128357","-96.875648","0","184"
"8/28/2026 1:11:30 AM","33.128357","-96.875648","0","184"
"8/28/2026 1:11:31 AM","33.128357","-96.875648","0","184"
"8/28/2026 1:11:32 AM","33.128357","-96.875648","0","184"
"8/28/2026 1:11:33 AM","33.128357","-96.875648","0","184"
"8/28/2026 1:11:34 AM","33.128357","-96.875648","0","183.9"
"8/28/2026 1:11:35 AM","33.128357","-96.875648","0","183.9"
"8/28/2026 1:11:36 AM","33.128357","-96.875648","0","183.9"
"8/28/2026 1:11:37 AM","33.128357","-96.875648","0","183.9"
"8/28/2026 1:11:38 AM","33.128357","-96.875648","0","183.8"
"8/28/2026 1:11:39 AM","33.128357","-96.875648","0","183.8"
"8/28/2026 1:11:40 AM","33.128357","-96.875648","0","183.8"
"8/28/2026 1:11:41 AM","33.128357","-96.875648","0","183.8"
"8/28/2026 1:11:42 AM","33.128357","-96.875648","0","183.7"
"8/28/2026 1:11:43 AM","33.128357","-96.875648","0","183.7"
"8/28/2026 1:11:44 AM","33.128357","-96.875648","0","183.7"
"8/28/2026 1:11:45 AM","33.128357","-96.875648","0","183.7"
"8/28/2026 1:11:46 AM","33.128357","-96.875648","0","183.6"
"8/28/2026 1:11:47 AM","33.128357","-96.875648","0","183.6"
"8/28/2026 1:11:48 AM","33.128357","-96.875648","0","183.6"
"8/28/2026 1:11:49 AM","33.128357","-96.875648","0","183.6"
"8/28/2026 1:11:50 AM","33.128357","-96.875648","0","183.6"
"8/28/2026 1:11:51 AM","33.128357","-96.875648","0","183.5"
"8/28/2026 1:11:52 AM","33.128357","-96.875648","0","183.5"
"8/28/2026 1:11:53 AM","33.128357","-96.875648","0","183.5"
"8/28/2026 1:11:54 AM","33.128357","-96.875648","0","183.5"
"8/28/2026 1:11:55 AM","33.128357","-96.875648","0","183.5"
"8/28/2026 1:11:56 AM","33.128357","-96.875648","0","183.5"
"8/28/2026 1:11:57 AM","33.128357","-96.875648","0","183.5"
"8/28/2026 1:11:58 AM","33.128357","-96.875648","0","183.4"
"8/28/2026 1:11:59 AM","33.128357","-96.875648","0","183.5"
"8/28/2026 1:12:00 AM","33.128357","-96.875648","0","183.5"
"8/28/2026 1:12:01 AM","33.128357","-96.875648","0","183.5"
"8/28/2026 1:12:02 AM","33.128357","-96.875648","0","183.4"
"8/28/2026 1:12:03 AM","33.128357","-96.875648","0","183.4"
"8/28/2026 1:12:04 AM","33.128357","-96.875648","0","183.4"
"8/28/2026 1:12:05 AM","33.128357","-96.875648","0","183.4"
"8/28/2026 1:12:06 AM","33.128357","-96.875648","0","183.5"
"8/28/2026 1:12:07 AM","33.128357","-96.875648","0","183.5"
"8/28/2026 1:12:08 AM","33.128357","-96.875648","0","183.5"
"8/28/2026 1:12:09 AM","33.128357","-96.875648","0","183.5"
"8/28/2026 1:12:10 AM","33.128357","-96.875648","0","183.5"
"8/28/2026 1:12:11 AM","33.128357","-96.875648","0","183.5"
"8/28/2026 1:12:12 AM","33.128357","-96.875648","0","183.5"
"8/28/2026 1:12:13 AM","33.128357","-96.875648","0","183.5"
"8/28/2026 1:12:14 AM","33.128353","-96.875648","0","183.4"
"8/28/2026 1:12:15 AM","33.128353","-96.875648","0","183.5"
"8/28/2026 1:12:16 AM","33.128353","-96.875648","0","183.5"
"8/28/2026 1:12:17 AM","33.128353","-96.875648","0","183.5"
"8/28/2026 1:12:18 AM","33.128353","-96.875648","0","183.4"
"8/28/2026 1:12:19 AM","33.128353","-96.875648","0","183.4"
"8/28/2026 1:12:20 AM","33.128353","-96.875648","0","183.4"
"8/28/2026 1:12:21 AM","33.128353","-96.875648","0","183.4"
"8/28/2026 1:12:22 AM","33.128353","-96.875648","0","183.4"
"8/28/2026 1:12:23 AM","33.128353","-96.875648","0","183.4"
"8/28/2026 1:12:24 AM","33.128353","-96.875648","0","183.4"
"8/28/2026 1:12:25 AM","33.128353","-96.875648","0","183.3"
"8/28/2026 1:12:26 AM","33.128353","-96.875648","0","183.3"
"8/28/2026 1:12:27 AM","33.128353","-96.875648","0","183.3"
"8/28/2026 1:12:28 AM","33.128353","-96.875648","0","183.3"
"8/28/2026 1:12:29 AM","33.128353","-96.875648","0","183.3"
"8/28/2026 1:12:30 AM","33.128353","-96.875648","0","183.3"
"8/28/2026 1:12:31 AM","33.128353","-96.875648","0","183.3"
"8/28/2026 1:12:32 AM","33.128353","-96.875648","0","183.3"
"8/28/2026 1:12:33 AM","33.128353","-96.875648","0","183.3"
"8/28/2026 1:12:34 AM","33.128353","-96.875648","0","183.3"
"8/28/2026 1:12:35 AM","33.128353","-96.875648","0","183.3"
"8/28/2026 1:12:36 AM","33.128353","-96.875648","0","183.3"
"8/28/2026 1:12:37 AM","33.128353","-96.875648","0","183.3"
"8/28/2026 1:12:38 AM","33.128353","-96.875648","0","183.3"
"8/28/2026 1:12:39 AM","33.128353","-96.875648","0","183.3"
"8/28/2026 1:12:40 AM","33.128353","-96.875648","0","183.3"
"8/28/2026 1:12:41 AM","33.128349","-96.875648","0","183.3"
"8/28/2026 1:12:42 AM","33.128349","-96.875648","0","183.3"
"8/28/2026 1:12:43 AM","33.128349","-96.875648","0","183.3"
"8/28/2026 1:12:44 AM","33.128349","-96.875648","0","183.2"
"8/28/2026 1:12:45 AM","33.128349","-96.875648","0","183.2"
"8/28/2026 1:12:46 AM","33.128349","-96.875648","0","183.2"
"8/28/2026 1:12:47 AM","33.128349","-96.875648","0","183.3"
"8/28/2026 1:12:48 AM","33.128349","-96.875648","0","183.2"
"8/28/2026 1:12:49 AM","33.128349","-96.875648","0","183.3"
"8/28/2026 1:12:50 AM","33.128349","-96.875648","0","183.3"
"8/28/2026 1:12:51 AM","33.128349","-96.875648","0","183.3"
"8/28/2026 1:12:52 AM","33.128349","-96.875648","0","183.3"
"8/28/2026 1:12:53 AM","33.128349","-96.875648","0","183.3"
"8/28/2026 1:12:54 AM","33.128349","-96.875648","0","183.3"
"8/28/2026 1:12:55 AM","33.128349","-96.875648","0","183.3"
"8/28/2026 1:12:56 AM","33.128349","-96.875648","0","183.3"
"8/28/2026 1:12:57 AM","33.128349","-96.875648","0","183.3"
"8/28/2026 1:12:58 AM","33.128349","-96.875648","0","183.3"
"8/28/2026 1:12:59 AM","33.128349","-96.875648","0","183.3"
"8/28/2026 1:13:00 AM","33.128349","-96.875648","0","183.3"
"8/28/2026 1:13:01 AM","33.128349","-96.875648","0","183.3"
"8/28/2026 1:13:02 AM","33.128349","-96.875664","0","183.2"
"8/28/2026 1:13:03 AM","33.128349","-96.875664","0","183.2"
"8/28/2026 1:13:04 AM","33.128349","-96.875664","0","183.2"
"8/28/2026 1:13:05 AM","33.128349","-96.875664","0","183.2"
"8/28/2026 1:13:06 AM","33.128349","-96.875664","0","183.2"
"8/28/2026 1:13:07 AM","33.128349","-96.875664","0","183.2"
"8/28/2026 1:13:08 AM","33.128349","-96.875664","0","183.2"
"8/28/2026 1:13:09 AM","33.128349","-96.875664","0","183.2"
"8/28/2026 1:13:10 AM","33.128349","-96.875664","0","183.2"
"8/28/2026 1:13:11 AM","33.128349","-96.875664","0","183.2"
"8/28/2026 1:13:12 AM","33.128349","-96.875664","0","183.2"
"8/28/2026 1:13:13 AM","33.128349","-96.875664","0","183.2"
"8/28/2026 1:13:14 AM","33.128349","-96.875664","0","183.2"
"8/28/2026 1:13:15 AM","33.128349","-96.875664","0","183.2"
"8/28/2026 1:13:16 AM","33.128349","-96.875664","0","183.2"
"8/28/2026 1:13:17 AM","33.128349","-96.875664","0","183.2"
"8/28/2026 1:13:18 AM","33.128349","-96.875664","0","183.1"
"8/28/2026 1:13:19 AM","33.128349","-96.875664","0","183.1"
"8/28/2026 1:13:20 AM","33.128349","-96.875664","0","183.1"
"8/28/2026 1:13:21 AM","33.128349","-96.875664","0","183.1"
"8/28/2026 1:13:22 AM","33.128349","-96.875664","0","183.1"
"8/28/2026 1:13:23 AM","33.128349","-96.875664","0","183.1"
"8/28/2026 1:13:24 AM","33.128349","-96.875664","0","183.1"
"8/28/2026 1:13:25 AM","33.128349","-96.875664","0","183.1"
"8/28/2026 1:13:26 AM","33.128349","-96.875664","0","183.1"
"8/28/2026 1:13:27 AM","33.128349","-96.875664","0","183.1"
"8/28/2026 1:13:28 AM","33.128349","-96.875664","0","183.1"
"8/28/2026 1:13:29 AM","33.128349","-96.875664","0","183.1"
"8/28/2026 1:13:30 AM","33.128345","-96.875664","0","183.1"
"8/28/2026 1:13:31 AM","33.128345","-96.875664","0","183"
"8/28/2026 1:13:32 AM","33.128345","-96.875664","0","183"
"8/28/2026 1:13:33 AM","33.128345","-96.875664","0","183"
"8/28/2026 1:13:34 AM","33.128345","-96.875687","0","183"
"8/28/2026 1:13:35 AM","33.128345","-96.875687","0","183"
"8/28/2026 1:13:36 AM","33.128345","-96.875687","0","182.9"
"8/28/2026 1:13:37 AM","33.128345","-96.875687","0","182.9"
"8/28/2026 1:13:38 AM","33.128345","-96.875687","0","182.9"
"8/28/2026 1:13:39 AM","33.128345","-96.875687","0","182.9"
"8/28/2026 1:13:40 AM","33.128345","-96.875687","0","182.9"
"8/28/2026 1:13:41 AM","33.128345","-96.875687","0","182.8"
"8/28/2026 1:13:42 AM","33.128345","-96.875687","0","182.8"
"8/28/2026 1:13:43 AM","33.128345","-96.875687","0","182.8"
"8/28/2026 1:13:44 AM","33.128345","-96.875687","0","182.8"
"8/28/2026 1:13:45 AM","33.128345","-96.875687","0","182.8"
"8/28/2026 1:13:46 AM","33.128345","-96.875687","0","182.8"
"8/28/2026 1:13:47 AM","33.128345","-96.875687","0","182.8"
"8/28/2026 1:13:48 AM","33.128342","-96.875687","0","182.8"
"8/28/2026 1:13:49 AM","33.128342","-96.875687","0","182.8"
"8/28/2026 1:13:50 AM","33.128342","-96.875687","0","182.7"
"8/28/2026 1:13:51 AM","33.128342","-96.875687","0","182.8"
"8/28/2026 1:13:52 AM","33.128342","-96.875687","0","182.8"
"8/28/2026 1:13:53 AM","33.128342","-96.875687","0","182.8"
"8/28/2026 1:13:54 AM","33.128342","-96.875687","0","182.8"
"8/28/2026 1:13:55 AM","33.128342","-96.875687","0","182.8"
"8/28/2026 1:13:56 AM","33.128342","-96.875687","0","182.8"
"8/28/2026 1:13:57 AM","33.128342","-96.875687","0","182.9"
"8/28/2026 1:13:58 AM","33.128342","-96.875687","0","182.9"
"8/28/2026 1:13:59 AM","33.128342","-96.875687","0","182.9"
"8/28/2026 1:14:00 AM","33.128342","-96.875687","0","182.9"
"8/28/2026 1:14:01 AM","33.128342","-96.875687","0","182.9"
"8/28/2026 1:14:02 AM","33.128342","-96.875687","0","183"
"8/28/2026 1:14:03 AM","33.128342","-96.875687","0","183"
"8/28/2026 1:14:04 AM","33.128342","-96.875687","0","183"
"8/28/2026 1:14:05 AM","33.128342","-96.875687","0","183"
"8/28/2026 1:14:06 AM","33.128342","-96.875687","0","183"
"8/28/2026 1:14:07 AM","33.128342","-96.875687","0","183"
"8/28/2026 1:14:08 AM","33.128342","-96.875687","0","183.1"
"8/28/2026 1:14:09 AM","33.128342","-96.875687","0","183.1"
"8/28/2026 1:14:10 AM","33.128342","-96.875687","0","183.1"
"8/28/2026 1:14:11 AM","33.128342","-96.875687","0","183.1"
"8/28/2026 1:14:12 AM","33.128342","-96.875687","0","183.1"
"8/28/2026 1:14:13 AM","33.128342","-96.875687","0","183.2"
"8/28/2026 1:14:14 AM","33.128342","-96.875687","0","183.2"
"8/28/2026 1:14:15 AM","33.128342","-96.875687","0","183.2"
"8/28/2026 1:14:16 AM","33.128342","-96.875687","0","183.2"
"8/28/2026 1:14:17 AM","33.128342","-96.875687","0","183.2"
"8/28/2026 1:14:18 AM","33.128342","-96.875687","0","183.2"
"8/28/2026 1:14:19 AM","33.128342","-96.875687","0","183.2"
"8/28/2026 1:14:20 AM","33.128342","-96.875687","0","183.2"
"8/28/2026 1:14:21 AM","33.128342","-96.875687","0","183.2"
"8/28/2026 1:14:22 AM","33.128342","-96.875687","0","183.2"
"8/28/2026 1:14:23 AM","33.128342","-96.875687","0","183.2"
"8/28/2026 1:14:24 AM","33.128342","-96.875687","0","183.2"
"8/28/2026 1:14:25 AM","33.128342","-96.875687","0","183.2"
"8/28/2026 1:14:26 AM","33.128342","-96.875687","0","183.2"
"8/28/2026 1:14:27 AM","33.128342","-96.875687","0","183.2"
"8/28/2026 1:14:28 AM","33.128342","-96.875687","0","183.1"
"8/28/2026 1:14:29 AM","33.128342","-96.875687","0","183.1"
"8/28/2026 1:14:30 AM","33.128342","-96.875664","0","183.1"
"8/28/2026 1:14:31 AM","33.128342","-96.875664","0","183.1"
"8/28/2026 1:14:32 AM","33.128342","-96.875664","0","183.1"
"8/28/2026 1:14:33 AM","33.128342","-96.875664","0","183.1"
"8/28/2026 1:14:34 AM","33.128342","-96.875664","0","183.1"
"8/28/2026 1:14:35 AM","33.128342","-96.875664","0","183"
"8/28/2026 1:14:36 AM","33.128342","-96.875664","0","183"
"8/28/2026 1:14:37 AM","33.128342","-96.875664","0","183"
"8/28/2026 1:14:38 AM","33.128342","-96.875664","0","183"
"8/28/2026 1:14:39 AM","33.128342","-96.875664","0","182.9"
"8/28/2026 1:14:40 AM","33.128342","-96.875664","0","182.9"
"8/28/2026 1:14:41 AM","33.128342","-96.875664","0","182.9"
"8/28/2026 1:14:42 AM","33.128342","-96.875664","0","182.9"
"8/28/2026 1:14:43 AM","33.128342","-96.875664","0","182.9"
"8/28/2026 1:14:44 AM","33.128342","-96.875664","0","182.9"
"8/28/2026 1:14:45 AM","33.128342","-96.875664","0","182.9"
"8/28/2026 1:14:46 AM","33.128342","-96.875664","0","182.8"
"8/28/2026 1:14:47 AM","33.128342","-96.875664","0","182.8"
"8/28/2026 1:14:48 AM","33.128342","-96.875664","0","182.8"
"8/28/2026 1:14:49 AM","33.128345","-96.875664","0","182.8"
"8/28/2026 1:14:50 AM","33.128345","-96.875664","0","182.8"
"8/28/2026 1:14:51 AM","33.128345","-96.875664","0","182.7"
"8/28/2026 1:14:52 AM","33.128345","-96.875664","0","182.7"
"8/28/2026 1:14:53 AM","33.128345","-96.875664","0","182.7"
"8/28/2026 1:14:54 AM","33.128345","-96.875664","0","182.7"
"8/28/2026 1:14:55 AM","33.128345","-96.875664","0","182.6"
"8/28/2026 1:14:56 AM","33.128345","-96.875664","0","182.6"
"8/28/2026 1:14:57 AM","33.128345","-96.875664","0","182.6"
"8/28/2026 1:14:58 AM","33.128345","-96.875664","0","182.5"
"8/28/2026 1:14:59 AM","33.128345","-96.875664","0","182.5"
"8/28/2026 1:15:00 AM","33.128345","-96.875664","0","182.5"
"8/28/2026 1:15:01 AM","33.128345","-96.875664","0","182.4"
"8/28/2026 1:15:02 AM","33.128345","-96.875664","0","182.4"
"8/28/2026 1:15:03 AM","33.128345","-96.875664","0","182.4"
"8/28/2026 1:15:04 AM","33.128345","-96.875664","0","182.3"
"8/28/2026 1:15:05 AM","33.128345","-96.875664","0","182.3"
"8/28/2026 1:15:06 AM","33.128345","-96.875664","0","182.3"
"8/28/2026 1:15:07 AM","33.128345","-96.875664","0","182.3"
"8/28/2026 1:15:08 AM","33.128345","-96.875664","0","182.3"
"8/28/2026 1:15:09 AM","33.128345","-96.875664","0","182.3"
"8/28/2026 1:15:10 AM","33.128345","-96.875664","0","182.3"
"8/28/2026 1:15:11 AM","33.128345","-96.875664","0","182.3"
"8/28/2026 1:15:12 AM","33.128345","-96.875664","0","182.3"
"8/28/2026 1:15:13 AM","33.128345","-96.875664","0","182.3"
"8/28/2026 1:15:14 AM","33.128345","-96.875664","0","182.3"
"8/28/2026 1:15:15 AM","33.128345","-96.875664","0","182.3"
"8/28/2026 1:15:16 AM","33.128345","-96.875664","0","182.3"
"8/28/2026 1:15:17 AM","33.128345","-96.875664","0","182.3"
"8/28/2026 1:15:18 AM","33.128345","-96.875664","0","182.3"
"8/28/2026 1:15:19 AM","33.128345","-96.875664","0","182.3"
"8/28/2026 1:15:20 AM","33.128345","-96.875664","0","182.3"
"8/28/2026 1:15:21 AM","33.128342","-96.875664","0","182.3"
"8/28/2026 1:15:22 AM","33.128342","-96.875664","0","182.3"
"8/28/2026 1:15:23 AM","33.128342","-96.875664","0","182.3"
"8/28/2026 1:15:24 AM","33.128342","-96.875664","0","182.3"
"8/28/2026 1:15:25 AM","33.128342","-96.875664","0","182.3"
"8/28/2026 1:15:26 AM","33.128342","-96.875664","0","182.3"
"8/28/2026 1:15:27 AM","33.128342","-96.875664","0","182.3"
"8/28/2026 1:15:28 AM","33.128342","-96.875664","0","182.3"
"8/28/2026 1:15:29 AM","33.128342","-96.875664","0","182.3"
"8/28/2026 1:15:30 AM","33.128338","-96.875664","0","182.3"
"8/28/2026 1:15:31 AM","33.128338","-96.875664","0","182.3"
"8/28/2026 1:15:32 AM","33.128338","-96.875664","0","182.3"
"8/28/2026 1:15:33 AM","33.128338","-96.875664","0","182.3"
"8/28/2026 1:15:34 AM","33.128338","-96.875664","0","182.3"
"8/28/2026 1:15:35 AM","33.128338","-96.875664","0","182.3"
"8/28/2026 1:15:36 AM","33.128338","-96.875664","0","182.3"
"8/28/2026 1:15:37 AM","33.128338","-96.875664","0","182.3"
"8/28/2026 1:15:38 AM","33.128338","-96.875664","0","182.2"
"8/28/2026 1:15:39 AM","33.128338","-96.875664","0","182.3"
"8/28/2026 1:15:40 AM","33.128342","-96.875664","0","182.3"
"8/28/2026 1:15:41 AM","33.128342","-96.875664","0","182.3"
"8/28/2026 1:15:42 AM","33.128342","-96.875664","0","182.3"
"8/28/2026 1:15:43 AM","33.128342","-96.875664","0","182.3"
"8/28/2026 1:15:44 AM","33.128342","-96.875664","0","182.4"
"8/28/2026 1:15:45 AM","33.128342","-96.875664","0","182.4"
"8/28/2026 1:15:46 AM","33.128342","-96.875664","0","182.4"
"8/28/2026 1:15:47 AM","33.128342","-96.875664","0","182.4"
"8/28/2026 1:15:48 AM","33.128342","-96.875664","0","182.4"
"8/28/2026 1:15:49 AM","33.128342","-96.875664","0","182.4"
"8/28/2026 1:15:50 AM","33.128342","-96.875648","0","182.5"
"8/28/2026 1:15:51 AM","33.128342","-96.875648","0","182.5"
"8/28/2026 1:15:52 AM","33.128342","-96.875648","0","182.5"
"8/28/2026 1:15:53 AM","33.128342","-96.875664","0","182.5"
"8/28/2026 1:15:54 AM","33.128342","-96.875648","0","182.5"
"8/28/2026 1:15:55 AM","33.128342","-96.875648","0","182.5"
"8/28/2026 1:15:56 AM","33.128345","-96.875648","0","182.5"
"8/28/2026 1:15:57 AM","33.128345","-96.875648","0","182.5"
"8/28/2026 1:15:58 AM","33.128345","-96.875648","0","182.5"
"8/28/2026 1:15:59 AM","33.128345","-96.875648","0","182.5"
"8/28/2026 1:16:00 AM","33.128345","-96.875648","0","182.5"
"8/28/2026 1:16:01 AM","33.128345","-96.875648","0","182.5"
"8/28/2026 1:16:02 AM","33.128345","-96.875648","0","182.5"
"8/28/2026 1:16:03 AM","33.128345","-96.875648","0","182.5"
"8/28/2026 1:16:04 AM","33.128345","-96.875648","0","182.5"
"8/28/2026 1:16:05 AM","33.128345","-96.875648","0","182.5"
"8/28/2026 1:16:06 AM","33.128345","-96.875648","0","182.5"
"8/28/2026 1:16:07 AM","33.128345","-96.875648","0","182.5"
"8/28/2026 1:16:08 AM","33.128345","-96.875648","0","182.5"
"8/28/2026 1:16:09 AM","33.128345","-96.875648","0","182.5"
"8/28/2026 1:16:10 AM","33.128345","-96.875648","0","182.6"
"8/28/2026 1:16:11 AM","33.128345","-96.875648","0","182.5"
"8/28/2026 1:16:12 AM","33.128345","-96.875648","0","182.5"
"8/28/2026 1:16:13 AM","33.128345","-96.875648","0","182.6"
"8/28/2026 1:16:14 AM","33.128345","-96.875648","0","182.5"
"8/28/2026 1:16:15 AM","33.128345","-96.875648","0","182.5"
"8/28/2026 1:16:16 AM","33.128345","-96.875648","0","182.5"
"8/28/2026 1:16:17 AM","33.128345","-96.875648","0","182.5"
"8/28/2026 1:16:18 AM","33.128345","-96.875648","0","182.6"
"8/28/2026 1:16:19 AM","33.128345","-96.875648","0","182.6"
"8/28/2026 1:16:20 AM","33.128345","-96.875648","0","182.6"
"8/28/2026 1:16:21 AM","33.128345","-96.875648","0","182.6"
"8/28/2026 1:16:22 AM","33.128345","-96.875648","0","182.6"
"8/28/2026 1:16:23 AM","33.128345","-96.875648","0","182.6"
"8/28/2026 1:16:24 AM","33.128345","-96.875648","0","182.6"
"8/28/2026 1:16:25 AM","33.128345","-96.875648","0","182.6"
"8/28/2026 1:16:26 AM","33.128345","-96.875648","0","182.6"
"8/28/2026 1:16:27 AM","33.128345","-96.875648","0","182.6"
"8/28/2026 1:16:28 AM","33.128345","-96.875648","0","182.7"
"8/28/2026 1:16:29 AM","33.128345","-96.875648","0","182.7"
"8/28/2026 1:16:30 AM","33.128345","-96.875648","0","182.7"
"8/28/2026 1:16:31 AM","33.128345","-96.875648","0","182.7"
"8/28/2026 1:16:32 AM","33.128345","-96.875648","0","182.7"
"8/28/2026 1:16:33 AM","33.128345","-96.875648","0","182.8"
"8/28/2026 1:16:34 AM","33.128345","-96.875648","0","182.8"
"8/28/2026 1:16:35 AM","33.128345","-96.875648","0","182.8"
"8/28/2026 1:16:36 AM","33.128345","-96.875648","0","182.8"
"8/28/2026 1:16:37 AM","33.128345","-96.875648","0","182.8"
"8/28/2026 1:16:38 AM","33.128345","-96.875648","0","182.8"
"8/28/2026 1:16:39 AM","33.128345","-96.875648","0","182.8"
"8/28/2026 1:16:40 AM","33.128345","-96.875664","0","182.9"
"8/28/2026 1:16:41 AM","33.128345","-96.875664","0","182.9"
"8/28/2026 1:16:42 AM","33.128345","-96.875664","0","182.9"
"8/28/2026 1:16:43 AM","33.128345","-96.875664","0","182.9"
"8/28/2026 1:16:44 AM","33.128345","-96.875664","0","182.9"
"8/28/2026 1:16:45 AM","33.128345","-96.875664","0","182.9"
"8/28/2026 1:16:46 AM","33.128345","-96.875664","0","183"
"8/28/2026 1:16:47 AM","33.128345","-96.875664","0","183"
"8/28/2026 1:16:48 AM","33.128345","-96.875664","0","182.9"
"8/28/2026 1:16:49 AM","33.128345","-96.875664","0","182.9"
"8/28/2026 1:16:50 AM","33.128345","-96.875664","0","183"
"8/28/2026 1:16:51 AM","33.128345","-96.875664","0","183"
"8/28/2026 1:16:52 AM","33.128349","-96.875664","0","183"
"8/28/2026 1:16:53 AM","33.128349","-96.875664","0","183"
"8/28/2026 1:16:54 AM","33.128349","-96.875664","0","183"
"8/28/2026 1:16:55 AM","33.128349","-96.875664","0","183"
"8/28/2026 1:16:56 AM","33.128349","-96.875664","0","182.9"
"8/28/2026 1:16:57 AM","33.128349","-96.875664","0","182.9"
"8/28/2026 1:16:58 AM","33.128349","-96.875664","0","182.9"
"8/28/2026 1:16:59 AM","33.128349","-96.875664","0","182.9"
"8/28/2026 1:17:00 AM","33.128349","-96.875664","0","182.9"
"8/28/2026 1:17:01 AM","33.128349","-96.875664","0","182.9"
"8/28/2026 1:17:02 AM","33.128349","-96.875664","0","182.9"
"8/28/2026 1:17:03 AM","33.128349","-96.875664","0","182.9"
"8/28/2026 1:17:04 AM","33.128349","-96.875664","0","182.9"
"8/28/2026 1:17:05 AM","33.128349","-96.875664","0","182.9"
"8/28/2026 1:17:06 AM","33.128353","-96.875664","0","182.9"
"8/28/2026 1:17:07 AM","33.128353","-96.875664","0","182.9"
"8/28/2026 1:17:08 AM","33.128353","-96.875664","0","182.9"
"8/28/2026 1:17:09 AM","33.128353","-96.875664","0","182.9"
"8/28/2026 1:17:10 AM","33.128353","-96.875664","0","182.9"
"8/28/2026 1:17:11 AM","33.128353","-96.875664","0","183"
"8/28/2026 1:17:12 AM","33.128353","-96.875664","0","182.9"
"8/28/2026 1:17:13 AM","33.128353","-96.875664","0","182.9"
"8/28/2026 1:17:14 AM","33.128353","-96.875664","0","182.9"
"8/28/2026 1:17:15 AM","33.128353","-96.875664","0","182.9"
"8/28/2026 1:17:16 AM","33.128353","-96.875664","0","182.9"
"8/28/2026 1:17:17 AM","33.128353","-96.875664","0","182.9"
"8/28/2026 1:17:18 AM","33.128353","-96.875664","0","182.9"
"8/28/2026 1:17:19 AM","33.128353","-96.875664","0","182.9"
"8/28/2026 1:17:20 AM","33.128353","-96.875664","0","182.9"
"8/28/2026 1:17:21 AM","33.128353","-96.875664","0","182.9"
"8/28/2026 1:17:22 AM","33.128353","-96.875664","0","182.9"
"8/28/2026 1:17:23 AM","33.128353","-96.875664","0","182.9"
"8/28/2026 1:17:24 AM","33.128353","-96.875664","0","182.9"
"8/28/2026 1:17:25 AM","33.128353","-96.875664","0","182.9"
"8/28/2026 1:17:26 AM","33.128353","-96.875664","0","182.9"
"8/28/2026 1:17:27 AM","33.128353","-96.875664","0","182.9"
"8/28/2026 1:17:28 AM","33.128353","-96.875664","0","183"
"8/28/2026 1:17:29 AM","33.128353","-96.875664","0","183"
"8/28/2026 1:17:30 AM","33.128353","-96.875664","0","183"
"8/28/2026 1:17:31 AM","33.128353","-96.875664","0","183"
"8/28/2026 1:17:32 AM","33.128353","-96.875664","0","182.9"
"8/28/2026 1:17:33 AM","33.128353","-96.875664","0","182.9"
"8/28/2026 1:17:34 AM","33.128353","-96.875664","0","182.9"
"8/28/2026 1:17:35 AM","33.128353","-96.875664","0","182.9"
"8/28/2026 1:17:36 AM","33.128353","-96.875664","0","182.9"
"8/28/2026 1:17:37 AM","33.128353","-96.875664","0","182.9"
"8/28/2026 1:17:38 AM","33.128353","-96.875664","0","182.9"
"8/28/2026 1:17:39 AM","33.128353","-96.875664","0","182.9"
"8/28/2026 1:17:40 AM","33.128353","-96.875664","0","182.9"
"8/28/2026 1:17:41 AM","33.128353","-96.875664","0","182.9"
"8/28/2026 1:17:42 AM","33.128353","-96.875664","0","182.9"
"8/28/2026 1:17:43 AM","33.128353","-96.875664","0","182.9"
"8/28/2026 1:17:44 AM","33.128353","-96.875664","0","182.9"
"8/28/2026 1:17:45 AM","33.128353","-96.875664","0","182.9"
"8/28/2026 1:17:46 AM","33.128353","-96.875664","0","182.9"
"8/28/2026 1:17:47 AM","33.128357","-96.875664","0","182.9"
"8/28/2026 1:17:48 AM","33.128357","-96.875664","0","182.8"
"8/28/2026 1:17:49 AM","33.128357","-96.875664","0","182.8"
"8/28/2026 1:17:50 AM","33.128357","-96.875664","0","182.8"
"8/28/2026 1:17:51 AM","33.128357","-96.875664","0","182.8"
"8/28/2026 1:17:52 AM","33.128357","-96.875664","0","182.8"
"8/28/2026 1:17:53 AM","33.128357","-96.875664","0","182.8"
"8/28/2026 1:17:54 AM","33.128357","-96.875664","0","182.7"
"8/28/2026 1:17:55 AM","33.128357","-96.875664","0","182.7"
"8/28/2026 1:17:56 AM","33.128357","-96.875664","0","182.7"
"8/28/2026 1:17:57 AM","33.128357","-96.875664","0","182.7"
"8/28/2026 1:17:58 AM","33.128357","-96.875664","0","182.7"
"8/28/2026 1:17:59 AM","33.128357","-96.875664","0","182.7"
"8/28/2026 1:18:00 AM","33.128357","-96.875664","0","182.7"
"8/28/2026 1:18:01 AM","33.128357","-96.875664","0","182.7"
"8/28/2026 1:18:02 AM","33.128357","-96.875664","0","182.7"
"8/28/2026 1:18:03 AM","33.128357","-96.875664","0","182.7"
"8/28/2026 1:18:04 AM","33.128357","-96.875664","0","182.7"
"8/28/2026 1:18:05 AM","33.128357","-96.875664","0","182.7"
"8/28/2026 1:18:06 AM","33.128357","-96.875664","0","182.7"
"8/28/2026 1:18:07 AM","33.128357","-96.875664","0","182.7"
"8/28/2026 1:18:08 AM","33.128357","-96.875664","0","182.7"
"8/28/2026 1:18:09 AM","33.128357","-96.875664","0","182.7"
"8/28/2026 1:18:10 AM","33.128357","-96.875664","0","182.7"
"8/28/2026 1:18:11 AM","33.128357","-96.875664","0","182.7"
"8/28/2026 1:18:12 AM","33.128357","-96.875664","0","182.7"
"8/28/2026 1:18:13 AM","33.128357","-96.875664","0","182.7"
"8/28/2026 1:18:14 AM","33.128357","-96.875664","0","182.7"
"8/28/2026 1:18:15 AM","33.128357","-96.875664","0","182.7"
"8/28/2026 1:18:16 AM","33.128357","-96.875664","0","182.7"
"8/28/2026 1:18:17 AM","33.128357","-96.875664","0","182.7"
"8/28/2026 1:18:18 AM","33.128357","-96.875664","0","182.7"
"8/28/2026 1:18:19 AM","33.128357","-96.875664","0","182.7"
"8/28/2026 1:18:20 AM","33.128357","-96.875664","0","182.7"
"8/28/2026 1:18:21 AM","33.128357","-96.875664","0","182.7"
"8/28/2026 1:18:22 AM","33.128357","-96.875664","0","182.7"
"8/28/2026 1:18:23 AM","33.128357","-96.875664","0","182.7"
"8/28/2026 1:18:24 AM","33.128357","-96.875664","0","182.7"
"8/28/2026 1:18:25 AM","33.128357","-96.875664","0","182.7"
"8/28/2026 1:18:26 AM","33.128357","-96.875664","0","182.7"
"8/28/2026 1:18:27 AM","33.128357","-96.875664","0","182.7"
"8/28/2026 1:18:28 AM","33.128357","-96.875664","0","182.7"
"8/28/2026 1:18:29 AM","33.128357","-96.875664","0","182.7"
"8/28/2026 1:18:30 AM","33.128357","-96.875664","0","182.7"
"8/28/2026 1:18:31 AM","33.128357","-96.875664","0","182.7"
"8/28/2026 1:18:32 AM","33.128357","-96.875664","0","182.7"
"8/28/2026 1:18:33 AM","33.128357","-96.875664","0","182.7"
"8/28/2026 1:18:34 AM","33.128357","-96.875664","0","182.7"
"8/28/2026 1:18:35 AM","33.128357","-96.875664","0","182.7"
"8/28/2026 1:18:36 AM","33.128357","-96.875664","0","182.6"
"8/28/2026 1:18:37 AM","33.128357","-96.875664","0","182.7"
"8/28/2026 1:18:38 AM","33.128357","-96.875664","0","182.8"
"8/28/2026 1:18:39 AM","33.128357","-96.875664","0","182.8"
"8/28/2026 1:18:40 AM","33.128357","-96.875687","0","182.8"
"8/28/2026 1:18:41 AM","33.128357","-96.875687","0","182.8"
"8/28/2026 1:18:42 AM","33.128357","-96.875687","0","182.8"
"8/28/2026 1:18:43 AM","33.128357","-96.875687","0","182.9"
"8/28/2026 1:18:44 AM","33.128357","-96.875687","0","182.9"
"8/28/2026 1:18:45 AM","33.128357","-96.875664","0","182.9"
"8/28/2026 1:18:46 AM","33.128357","-96.875664","0","182.9"
"8/28/2026 1:18:47 AM","33.128357","-96.875664","0","182.9"
"8/28/2026 1:18:48 AM","33.128357","-96.875664","0","182.9"
"8/28/2026 1:18:49 AM","33.128357","-96.875664","0","182.9"
"8/28/2026 1:18:50 AM","33.128357","-96.875664","0","182.9"
"8/28/2026 1:18:51 AM","33.128361","-96.875664","0","183"
"8/28/2026 1:18:52 AM","33.128361","-96.875664","0","183"
"8/28/2026 1:18:53 AM","33.128357","-96.875664","0","183"
"8/28/2026 1:18:54 AM","33.128357","-96.875664","0","183"
"8/28/2026 1:18:55 AM","33.128357","-96.875664","0","183"
"8/28/2026 1:18:56 AM","33.128357","-96.875664","0","183"
"8/28/2026 1:18:57 AM","33.128357","-96.875664","0","183.1"
"8/28/2026 1:18:58 AM","33.128357","-96.875664","0","183.1"
"8/28/2026 1:18:59 AM","33.128357","-96.875664","0","183.1"
"8/28/2026 1:19:00 AM","33.128357","-96.875664","0","183.1"
"8/28/2026 1:19:01 AM","33.128357","-96.875664","0","183.1"
"8/28/2026 1:19:02 AM","33.128357","-96.875664","0","183.1"
"8/28/2026 1:19:03 AM","33.128357","-96.875664","0","183.1"
"8/28/2026 1:19:04 AM","33.128361","-96.875664","0","183.1"
"8/28/2026 1:19:05 AM","33.128361","-96.875664","0","183.1"
"8/28/2026 1:19:06 AM","33.128361","-96.875664","0","183.1"
"8/28/2026 1:19:07 AM","33.128361","-96.875664","0","183.1"
"8/28/2026 1:19:08 AM","33.128361","-96.875664","0","183.1"
"8/28/2026 1:19:09 AM","33.128361","-96.875664","0","183.1"
"8/28/2026 1:19:10 AM","33.128361","-96.875664","0","183.1"
"8/28/2026 1:19:11 AM","33.128361","-96.875664","0","183.1"
"8/28/2026 1:19:12 AM","33.128361","-96.875664","0","183.1"
"8/28/2026 1:19:13 AM","33.128361","-96.875664","0","183.1"
"8/28/2026 1:19:14 AM","33.128361","-96.875664","0","183.1"
"8/28/2026 1:19:15 AM","33.128361","-96.875664","0","183.1"
"8/28/2026 1:19:16 AM","33.128361","-96.875664","0","183.1"
"8/28/2026 1:19:17 AM","33.128361","-96.875664","0","183.1"
"8/28/2026 1:19:18 AM","33.128361","-96.875664","0","183.1"
"8/28/2026 1:19:19 AM","33.128361","-96.875664","0","183.1"
"8/28/2026 1:19:20 AM","33.128361","-96.875664","0","183.1"
"8/28/2026 1:19:21 AM","33.128361","-96.875664","0","183.1"
"8/28/2026 1:19:22 AM","33.128361","-96.875664","0","183.1"
"8/28/2026 1:19:23 AM","33.128361","-96.875664","0","183.1"
"8/28/2026 1:19:24 AM","33.128361","-96.875664","0","183.1"
"8/28/2026 1:19:25 AM","33.128361","-96.875664","0","183.1"
"8/28/2026 1:19:26 AM","33.128361","-96.875664","0","183.1"
"8/28/2026 1:19:27 AM","33.128361","-96.875664","0","183.1"
"8/28/2026 1:19:28 AM","33.128361","-96.875664","0","183.1"
"8/28/2026 1:19:29 AM","33.128361","-96.875664","0","183.1"
"8/28/2026 1:19:30 AM","33.128361","-96.875664","0","183.2"
"8/28/2026 1:19:31 AM","33.128361","-96.875664","0","183.2"
"8/28/2026 1:19:32 AM","33.128361","-96.875664","0","183.2"
"8/28/2026 1:19:33 AM","33.128361","-96.875664","0","183.2"
"8/28/2026 1:19:34 AM","33.128361","-96.875664","0","183.2"
"8/28/2026 1:19:35 AM","33.128361","-96.875664","0","183.2"
"8/28/2026 1:19:36 AM","33.128361","-96.875664","0","183.3"
"8/28/2026 1:19:37 AM","33.128361","-96.875664","0","183.3"
"8/28/2026 1:19:38 AM","33.128361","-96.875664","0","183.3"
"8/28/2026 1:19:39 AM","33.128361","-96.875664","0","183.3"
"8/28/2026 1:19:40 AM","33.128361","-96.875664","0","183.3"
"8/28/2026 1:19:41 AM","33.128361","-96.875664","0","183.3"
"8/28/2026 1:19:42 AM","33.128361","-96.875664","0","183.3"
"8/28/2026 1:19:43 AM","33.128361","-96.875664","0","183.3"
"8/28/2026 1:19:44 AM","33.128361","-96.875664","0","183.3"
"8/28/2026 1:19:45 AM","33.128361","-96.875664","0","183.4"
"8/28/2026 1:19:46 AM","33.128361","-96.875664","0","183.4"
"8/28/2026 1:19:47 AM","33.128361","-96.875664","0","183.4"
"8/28/2026 1:19:48 AM","33.128361","-96.875664","0","183.4"
"8/28/2026 1:19:49 AM","33.128361","-96.875664","0","183.4"
"8/28/2026 1:19:50 AM","33.128361","-96.875664","0","183.4"
"8/28/2026 1:19:51 AM","33.128361","-96.875664","0","183.4"
"8/28/2026 1:19:52 AM","33.128361","-96.875664","0","183.4"
"8/28/2026 1:19:53 AM","33.128361","-96.875664","0","183.4"
"8/28/2026 1:19:54 AM","33.128361","-96.875664","0","183.5"
"8/28/2026 1:19:55 AM","33.128361","-96.875664","0","183.4"
"8/28/2026 1:19:56 AM","33.128361","-96.875664","0","183.4"
"8/28/2026 1:19:57 AM","33.128361","-96.875664","0","183.4"
"8/28/2026 1:19:58 AM","33.128361","-96.875664","0","183.4"
"8/28/2026 1:19:59 AM","33.128361","-96.875664","0","183.4"
"8/28/2026 1:20:00 AM","33.128361","-96.875664","0","183.4"
"8/28/2026 1:20:01 AM","33.128361","-96.875664","0","183.4"
"8/28/2026 1:20:02 AM","33.128361","-96.875664","0","183.4"
"8/28/2026 1:20:03 AM","33.128357","-96.875664","0","183.4"
"8/28/2026 1:20:04 AM","33.128357","-96.875664","0","183.4"
"8/28/2026 1:20:05 AM","33.128357","-96.875664","0","183.4"
"8/28/2026 1:20:06 AM","33.128357","-96.875664","0","183.4"
"8/28/2026 1:20:07 AM","33.128357","-96.875664","0","183.5"
"8/28/2026 1:20:08 AM","33.128357","-96.875664","0","183.5"
"8/28/2026 1:20:09 AM","33.128357","-96.875664","0","183.5"
"8/28/2026 1:20:10 AM","33.128357","-96.875664","0","183.5"
"8/28/2026 1:20:11 AM","33.128357","-96.875664","0","183.5"
"8/28/2026 1:20:12 AM","33.128357","-96.875664","0","183.6"
"8/28/2026 1:20:13 AM","33.128357","-96.875664","0","183.6"
"8/28/2026 1:20:14 AM","33.128357","-96.875664","0","183.6"
"8/28/2026 1:20:15 AM","33.128357","-96.875664","0","183.6"
"8/28/2026 1:20:16 AM","33.128357","-96.875664","0","183.6"
"8/28/2026 1:20:17 AM","33.128357","-96.875664","0","183.6"
"8/28/2026 1:20:18 AM","33.128357","-96.875664","0","183.6"
"8/28/2026 1:20:19 AM","33.128357","-96.875664","0","183.6"
"8/28/2026 1:20:20 AM","33.128357","-96.875664","0","183.7"
"8/28/2026 1:20:21 AM","33.128357","-96.875664","0","183.7"
"8/28/2026 1:20:22 AM","33.128357","-96.875664","0","183.7"
"8/28/2026 1:20:23 AM","33.128357","-96.875664","0","183.7"
"8/28/2026 1:20:24 AM","33.128357","-96.875664","0","183.7"
"8/28/2026 1:20:25 AM","33.128353","-96.875664","0","183.8"
"8/28/2026 1:20:26 AM","33.128353","-96.875664","0","183.8"
"8/28/2026 1:20:27 AM","33.128353","-96.875664","0","183.8"
"8/28/2026 1:20:28 AM","33.128353","-96.875664","0","183.8"
"8/28/2026 1:20:29 AM","33.128353","-96.875664","0","183.9"
"8/28/2026 1:20:30 AM","33.128353","-96.875664","0","183.9"
"8/28/2026 1:20:31 AM","33.128349","-96.875664","0","183.9"
"8/28/2026 1:20:32 AM","33.128349","-96.875664","0","183.9"
"8/28/2026 1:20:33 AM","33.128349","-96.875664","0","184"
"8/28/2026 1:20:34 AM","33.128349","-96.875664","0","184"
"8/28/2026 1:20:35 AM","33.128349","-96.875664","0","184"
"8/28/2026 1:20:36 AM","33.128349","-96.875664","0","184.1"
"8/28/2026 1:20:37 AM","33.128345","-96.875664","0","184.1"
"8/28/2026 1:20:38 AM","33.128345","-96.875664","0","184.2"
"8/28/2026 1:20:39 AM","33.128345","-96.875664","0","184.2"
"8/28/2026 1:20:40 AM","33.128345","-96.875664","0","184.2"
"8/28/2026 1:20:41 AM","33.128345","-96.875664","0","184.2"
"8/28/2026 1:20:42 AM","33.128345","-96.875664","0","184.3"
"8/28/2026 1:20:43 AM","33.128345","-96.875687","0","184.3"
"8/28/2026 1:20:44 AM","33.128345","-96.875687","0","184.3"
"8/28/2026 1:20:45 AM","33.128345","-96.875687","0","184.3"
"8/28/2026 1:20:46 AM","33.128345","-96.875687","0","184.4"
"8/28/2026 1:20:47 AM","33.128345","-96.875687","0","184.4"
"8/28/2026 1:20:48 AM","33.128342","-96.875687","0","184.4"
"8/28/2026 1:20:49 AM","33.128342","-96.875687","0","184.4"
"8/28/2026 1:20:50 AM","33.128342","-96.875687","0","184.5"
"8/28/2026 1:20:51 AM","33.128342","-96.875687","0","184.5"
"8/28/2026 1:20:52 AM","33.128342","-96.875687","0","184.5"
"8/28/2026 1:20:53 AM","33.128342","-96.875687","0","184.5"
"8/28/2026 1:20:54 AM","33.128342","-96.875687","0","184.5"
"8/28/2026 1:20:55 AM","33.128342","-96.875687","0","184.5"
"8/28/2026 1:20:56 AM","33.128342","-96.875687","0","184.6"
"8/28/2026 1:20:57 AM","33.128342","-96.875687","0","184.6"
"8/28/2026 1:20:58 AM","33.128342","-96.875687","0","184.6"
"8/28/2026 1:20:59 AM","33.128342","-96.875687","0","184.7"
"8/28/2026 1:21:00 AM","33.128342","-96.875687","0","184.7"
"8/28/2026 1:21:01 AM","33.128342","-96.875687","0","184.7"
"8/28/2026 1:21:02 AM","33.128342","-96.875687","0","184.7"
"8/28/2026 1:21:03 AM","33.128342","-96.875687","0","184.8"
"8/28/2026 1:21:04 AM","33.128342","-96.875687","0","184.8"
"8/28/2026 1:21:05 AM","33.128342","-96.875687","0","184.9"
"8/28/2026 1:21:06 AM","33.128342","-96.875687","0","184.9"
"8/28/2026 1:21:07 AM","33.128342","-96.875687","0","184.9"
"8/28/2026 1:21:08 AM","33.128342","-96.875687","0","185"
"8/28/2026 1:21:09 AM","33.128338","-96.875702","0","185"
"8/28/2026 1:21:10 AM","33.128342","-96.875702","0","185"
"8/28/2026 1:21:11 AM","33.128338","-96.875702","0","185.1"
"8/28/2026 1:21:12 AM","33.128338","-96.875702","0","185.1"
"8/28/2026 1:21:13 AM","33.128342","-96.875702","0","185.1"
"8/28/2026 1:21:14 AM","33.128342","-96.875702","0","185.1"
"8/28/2026 1:21:15 AM","33.128342","-96.875702","0","185.2"
"8/28/2026 1:21:16 AM","33.128342","-96.875702","0","185.2"
"8/28/2026 1:21:17 AM","33.128342","-96.875702","0","185.2"
"8/28/2026 1:21:18 AM","33.128342","-96.875702","0","185.3"
"8/28/2026 1:21:19 AM","33.128342","-96.875702","0","185.3"
"8/28/2026 1:21:20 AM","33.128342","-96.875702","0","185.3"
"8/28/2026 1:21:21 AM","33.128342","-96.875702","0","185.4"
"8/28/2026 1:21:22 AM","33.128342","-96.875702","0","185.4"
"8/28/2026 1:21:23 AM","33.128338","-96.875702","0","185.4"
"8/28/2026 1:21:24 AM","33.128338","-96.875702","0","185.5"
"8/28/2026 1:21:25 AM","33.128338","-96.875702","0","185.5"
"8/28/2026 1:21:26 AM","33.128338","-96.875702","0","185.5"
"8/28/2026 1:21:27 AM","33.128338","-96.875702","0","185.5"
"8/28/2026 1:21:28 AM","33.128338","-96.875702","0","185.5"
"8/28/2026 1:21:29 AM","33.128338","-96.875702","0","185.5"
"8/28/2026 1:21:30 AM","33.128338","-96.875702","0","185.5"
"8/28/2026 1:21:31 AM","33.128338","-96.875702","0","185.5"
"8/28/2026 1:21:32 AM","33.128338","-96.875702","0","185.5"
"8/28/2026 1:21:33 AM","33.128338","-96.875702","0","185.5"
"8/28/2026 1:21:34 AM","33.128338","-96.875702","0","185.5"
"8/28/2026 1:21:35 AM","33.128338","-96.875702","0","185.5"
"8/28/2026 2:35:45 AM","33.128475","-96.875832","0","164.6"
"8/28/2026 2:35:46 AM","33.128418","-96.875763","0","164.9"
"8/28/2026 2:35:47 AM","33.128418","-96.875763","0","164.9"
"8/28/2026 2:35:48 AM","33.128422","-96.875778","0","164.7"
"8/28/2026 2:35:49 AM","33.128426","-96.875763","0","164.7"
"8/28/2026 2:35:50 AM","33.128426","-96.875763","0","164.8"
"8/28/2026 2:35:51 AM","33.128426","-96.875763","0","164.9"
"8/28/2026 2:35:52 AM","33.128426","-96.875763","0","165"
"8/28/2026 2:35:53 AM","33.128422","-96.875763","0","164.9"
"8/28/2026 2:35:54 AM","33.128422","-96.875763","0","164.8"
"8/28/2026 2:35:55 AM","33.128422","-96.875763","0","164.8"
"8/28/2026 2:35:56 AM","33.128422","-96.875763","0","165"
"8/28/2026 2:35:57 AM","33.128422","-96.875763","0","165.2"
"8/28/2026 2:35:58 AM","33.128422","-96.875763","0","165.6"
"8/28/2026 2:35:59 AM","33.128422","-96.875763","0","165.9"
"8/28/2026 2:36:00 AM","33.128418","-96.875748","0","166.1"
"8/28/2026 2:36:01 AM","33.128418","-96.875748","0","166.3"
"8/28/2026 2:36:02 AM","33.128418","-96.875748","0","166.4"
"8/28/2026 2:36:03 AM","33.128418","-96.875748","0","166.4"
"8/28/2026 2:36:04 AM","33.128418","-96.875748","0","166.5"
"8/28/2026 2:36:05 AM","33.128414","-96.875748","0","166.5"
"8/28/2026 2:36:06 AM","33.128414","-96.875748","0","166.4"
"8/28/2026 2:36:07 AM","33.128414","-96.875748","0","166.4"
"8/28/2026 2:36:08 AM","33.12841","-96.875748","0","166.5"
"8/28/2026 2:36:09 AM","33.12841","-96.875748","0","166.6"
"8/28/2026 2:36:10 AM","33.12841","-96.875748","0","166.7"
"8/28/2026 2:36:11 AM","33.12841","-96.875748","0","166.7"
"8/28/2026 2:36:12 AM","33.128407","-96.875748","0","166.8"
"8/28/2026 2:36:13 AM","33.128407","-96.875732","0","166.8"
"8/28/2026 2:36:14 AM","33.128403","-96.875732","0","166.9"
"8/28/2026 2:36:15 AM","33.128403","-96.875732","0","167"
"8/28/2026 2:36:16 AM","33.128403","-96.875732","0","167"
"8/28/2026 2:36:17 AM","33.128403","-96.875732","0","167"
"8/28/2026 2:36:18 AM","33.128403","-96.875732","0","166.9"
"8/28/2026 2:36:19 AM","33.128403","-96.875732","0","166.8"
"8/28/2026 2:36:20 AM","33.128403","-96.875732","0","166.7"
"8/28/2026 2:36:21 AM","33.128403","-96.875732","0","166.7"
"8/28/2026 2:36:22 AM","33.128403","-96.875732","0","166.7"
"8/28/2026 2:36:23 AM","33.128403","-96.875732","0","166.7"
"8/28/2026 2:36:24 AM","33.128403","-96.875732","0","166.7"
"8/28/2026 2:36:25 AM","33.128407","-96.875732","0","166.6"
"8/28/2026 2:36:26 AM","33.128407","-96.875732","0","166.7"
"8/28/2026 2:36:27 AM","33.128407","-96.875732","0","166.6"
"8/28/2026 2:36:28 AM","33.128407","-96.875732","0","166.6"
"8/28/2026 2:36:29 AM","33.128407","-96.875732","0","166.6"
"8/28/2026 2:36:30 AM","33.128407","-96.875732","0","166.6"
"8/28/2026 2:36:31 AM","33.128407","-96.875732","0","166.6"
"8/28/2026 2:36:32 AM","33.128407","-96.875732","0","166.6"
"8/28/2026 2:36:33 AM","33.128407","-96.875732","0","166.6"
"8/28/2026 2:36:34 AM","33.128403","-96.875732","0","166.7"
"8/28/2026 2:36:35 AM","33.128407","-96.875732","0","166.7"
"8/28/2026 2:36:36 AM","33.128403","-96.875732","0","166.8"
"8/28/2026 2:36:37 AM","33.128403","-96.875732","0","166.8"
"8/28/2026 2:36:38 AM","33.128403","-96.875732","0","166.8"
"8/28/2026 2:36:39 AM","33.128403","-96.875732","0","166.7"
"8/28/2026 2:36:40 AM","33.128403","-96.875732","0","166.7"
"8/28/2026 2:36:41 AM","33.128403","-96.875732","0","166.8"
"8/28/2026 2:36:42 AM","33.128403","-96.875732","0","166.8"
"8/28/2026 2:36:43 AM","33.128403","-96.875732","0","166.8"
"8/28/2026 2:36:44 AM","33.128403","-96.875732","0","166.9"
"8/28/2026 2:36:45 AM","33.128403","-96.875732","0","167"
"8/28/2026 2:36:46 AM","33.128403","-96.875732","0","167"
"8/28/2026 2:36:47 AM","33.128403","-96.875732","0","167"
"8/28/2026 2:36:48 AM","33.128403","-96.875732","0","167"
"8/28/2026 2:36:49 AM","33.128403","-96.875732","0","167"
"8/28/2026 2:36:50 AM","33.128403","-96.875732","0","167.1"
"8/28/2026 2:36:51 AM","33.128403","-96.875732","0","167.2"
"8/28/2026 2:36:52 AM","33.128403","-96.875732","0","167.3"
"8/28/2026 2:36:53 AM","33.128403","-96.875732","0","167.3"
"8/28/2026 2:36:54 AM","33.128403","-96.875732","0","167.4"
"8/28/2026 2:36:55 AM","33.128403","-96.875732","0","167.4"
"8/28/2026 2:36:56 AM","33.128403","-96.875732","0","167.4"
"8/28/2026 2:36:57 AM","33.128403","-96.875732","0","167.4"
"8/28/2026 2:36:58 AM","33.128403","-96.875732","0","167.4"
"8/28/2026 2:36:59 AM","33.128403","-96.875732","0","167.4"
"8/28/2026 2:37:00 AM","33.128403","-96.875732","0","167.4"
"8/28/2026 2:37:01 AM","33.128403","-96.875732","0","167.4"
"8/28/2026 2:37:02 AM","33.128407","-96.875732","0","167.4"
"8/28/2026 2:37:03 AM","33.128407","-96.875732","0","167.5"
"8/28/2026 2:37:04 AM","33.128407","-96.875732","0","167.5"
"8/28/2026 2:37:05 AM","33.128407","-96.875732","0","167.6"
"8/28/2026 2:37:06 AM","33.128407","-96.875732","0","167.6"
"8/28/2026 2:37:07 AM","33.128403","-96.875732","0","167.6"
"8/28/2026 2:37:08 AM","33.128403","-96.875732","0","167.7"
"8/28/2026 2:37:09 AM","33.128403","-96.875732","0","167.8"
"8/28/2026 2:37:10 AM","33.128403","-96.875732","0","167.8"
"8/28/2026 2:37:11 AM","33.128403","-96.875732","0","167.9"
"8/28/2026 2:37:12 AM","33.128403","-96.875732","0","167.9"
"8/28/2026 2:37:13 AM","33.128403","-96.875732","0","168"
"8/28/2026 2:37:14 AM","33.128403","-96.875732","0","168"
"8/28/2026 2:37:15 AM","33.128403","-96.875748","0","168"
"8/28/2026 2:37:16 AM","33.128403","-96.875748","0","168"
"8/28/2026 2:37:17 AM","33.128403","-96.875748","0","168.1"
"8/28/2026 2:37:18 AM","33.128403","-96.875748","0","168.1"
"8/28/2026 2:37:19 AM","33.128403","-96.875748","0","168.1"
"8/28/2026 2:37:20 AM","33.128403","-96.875748","0","168.1"
"8/28/2026 2:37:21 AM","33.128403","-96.875748","0","168.2"
"8/28/2026 2:37:22 AM","33.128403","-96.875748","0","168.2"
"8/28/2026 2:37:23 AM","33.128403","-96.875748","0","168.2"
"8/28/2026 2:37:24 AM","33.128403","-96.875748","0","168.2"
"8/28/2026 2:37:25 AM","33.128403","-96.875748","0","168.2"
"8/28/2026 2:37:26 AM","33.128403","-96.875748","0","168.1"
"8/28/2026 2:37:27 AM","33.128403","-96.875748","0","168.1"
"8/28/2026 2:37:28 AM","33.128403","-96.875732","0","168.1"
"8/28/2026 2:37:29 AM","33.128403","-96.875732","0","168.1"
"8/28/2026 2:37:30 AM","33.128403","-96.875732","0","168.1"
"8/28/2026 2:37:31 AM","33.128403","-96.875732","0","168.1"
"8/28/2026 2:37:32 AM","33.128399","-96.875732","0","168.1"
"8/28/2026 2:37:33 AM","33.128399","-96.875732","0","168.1"
"8/28/2026 2:37:34 AM","33.128399","-96.875732","0","168"
"8/28/2026 2:37:35 AM","33.128399","-96.875732","0","168"
"8/28/2026 2:37:36 AM","33.128399","-96.875732","0","168"
"8/28/2026 2:37:37 AM","33.128399","-96.875732","0","168"
"8/28/2026 2:37:38 AM","33.128399","-96.875732","0","168"
"8/28/2026 2:37:39 AM","33.128399","-96.875732","0","168"
"8/28/2026 2:37:40 AM","33.128399","-96.875732","0","168"
"8/28/2026 2:37:41 AM","33.128399","-96.875732","0","168.1"
"8/28/2026 2:37:42 AM","33.128399","-96.875732","0","168.1"
"8/28/2026 2:37:43 AM","33.128395","-96.875732","0","168.1"
"8/28/2026 2:37:44 AM","33.128395","-96.875732","0","168.1"
"8/28/2026 2:37:45 AM","33.128395","-96.875732","0","168.2"
"8/28/2026 2:37:46 AM","33.128395","-96.875732","0","168.2"
"8/28/2026 2:37:47 AM","33.128395","-96.875732","0","168.3"
"8/28/2026 2:37:48 AM","33.128395","-96.875732","0","168.4"
"8/28/2026 2:37:49 AM","33.128395","-96.875732","0","168.4"
"8/28/2026 2:37:50 AM","33.128391","-96.875732","0","168.5"
"8/28/2026 2:37:51 AM","33.128391","-96.875732","0","168.6"
"8/28/2026 2:37:52 AM","33.128391","-96.875732","0","168.6"
"8/28/2026 2:37:53 AM","33.128391","-96.875732","0","168.6"
"8/28/2026 2:37:54 AM","33.128391","-96.875732","0","168.7"
"8/28/2026 2:37:55 AM","33.128391","-96.875732","0","168.7"
"8/28/2026 2:37:56 AM","33.128391","-96.875732","0","168.8"
"8/28/2026 2:37:57 AM","33.128391","-96.875732","0","168.9"
"8/28/2026 2:37:58 AM","33.128384","-96.875732","0","168.9"
"8/28/2026 2:37:59 AM","33.128384","-96.875732","0","169.1"
"8/28/2026 2:38:00 AM","33.128384","-96.875732","0","169.2"
"8/28/2026 2:38:01 AM","33.128384","-96.875732","0","169.3"
"8/28/2026 2:38:02 AM","33.12838","-96.875732","0","169.4"
"8/28/2026 2:38:03 AM","33.12838","-96.875732","0","169.4"
"8/28/2026 2:38:04 AM","33.12838","-96.875717","0","169.6"
"8/28/2026 2:38:05 AM","33.12838","-96.875717","0","169.7"
"8/28/2026 2:38:06 AM","33.128376","-96.875717","0","169.8"
"8/28/2026 2:38:07 AM","33.128376","-96.875717","0","169.9"
"8/28/2026 2:38:08 AM","33.128376","-96.875717","0","170"
"8/28/2026 2:38:09 AM","33.128372","-96.875717","0","170.1"
"8/28/2026 2:38:10 AM","33.128372","-96.875717","0","170.2"
"8/28/2026 2:38:11 AM","33.128372","-96.875717","0","170.3"
"8/28/2026 2:38:12 AM","33.128372","-96.875717","0","170.4"
"8/28/2026 2:38:13 AM","33.128368","-96.875717","0","170.5"
"8/28/2026 2:38:14 AM","33.128368","-96.875717","0","170.6"
"8/28/2026 2:38:15 AM","33.128368","-96.875717","0","170.7"
"8/28/2026 2:38:16 AM","33.128368","-96.875717","0","170.7"
"8/28/2026 2:38:17 AM","33.128365","-96.875717","0","170.8"
"8/28/2026 2:38:18 AM","33.128365","-96.875717","0","170.9"
"8/28/2026 2:38:19 AM","33.128365","-96.875717","0","171"
"8/28/2026 2:38:20 AM","33.128365","-96.875702","0","171.1"
"8/28/2026 2:38:21 AM","33.128365","-96.875702","0","171.1"
"8/28/2026 2:38:22 AM","33.128365","-96.875702","0","171.1"
"8/28/2026 2:38:23 AM","33.128365","-96.875702","0","171.2"
"8/28/2026 2:38:24 AM","33.128361","-96.875702","0","171.3"
"8/28/2026 2:38:25 AM","33.128361","-96.875702","0","171.4"
"8/28/2026 2:38:26 AM","33.128361","-96.875702","0","171.4"
"8/28/2026 2:38:27 AM","33.128357","-96.875702","0","171.5"
"8/28/2026 2:38:28 AM","33.128357","-96.875702","0","171.5"
"8/28/2026 2:38:29 AM","33.128357","-96.875702","0","171.6"
"8/28/2026 2:38:30 AM","33.128357","-96.875702","0","171.6"
"8/28/2026 2:38:31 AM","33.128357","-96.875702","0","171.6"
"8/28/2026 2:38:32 AM","33.128357","-96.875702","0","171.7"
"8/28/2026 2:38:33 AM","33.128357","-96.875702","0","171.7"
"8/28/2026 2:38:34 AM","33.128357","-96.875702","0","171.8"
"8/28/2026 2:38:35 AM","33.128357","-96.875702","0","171.8"
"8/28/2026 2:38:36 AM","33.128357","-96.875702","0","171.8"
"8/28/2026 2:38:37 AM","33.128357","-96.875702","0","171.9"
"8/28/2026 2:38:38 AM","33.128357","-96.875702","0","172"
"8/28/2026 2:38:39 AM","33.128357","-96.875702","0","172"
"8/28/2026 2:38:40 AM","33.128357","-96.875702","0","172"
"8/28/2026 2:38:41 AM","33.128357","-96.875702","0","172.1"
"8/28/2026 2:38:42 AM","33.128357","-96.875702","0","172.2"
"8/28/2026 2:38:43 AM","33.128357","-96.875702","0","172.2"
"8/28/2026 2:38:44 AM","33.128357","-96.875702","0","172.3"
"8/28/2026 2:38:45 AM","33.128357","-96.875687","0","172.4"
"8/28/2026 2:38:46 AM","33.128353","-96.875687","0","172.4"
"8/28/2026 2:38:47 AM","33.128357","-96.875687","0","172.4"
"8/28/2026 2:38:48 AM","33.128357","-96.875687","0","172.5"
"8/28/2026 2:38:49 AM","33.128353","-96.875687","0","172.5"
"8/28/2026 2:38:50 AM","33.128357","-96.875687","0","172.6"
"8/28/2026 2:38:51 AM","33.128357","-96.875687","0","172.6"
"8/28/2026 2:38:52 AM","33.128357","-96.875687","0","172.6"
"8/28/2026 2:38:53 AM","33.128357","-96.875687","0","172.6"
"8/28/2026 2:38:54 AM","33.128357","-96.875687","0","172.6"
"8/28/2026 2:38:55 AM","33.128357","-96.875687","0","172.6"
"8/28/2026 2:38:56 AM","33.128357","-96.875687","0","172.6"
"8/28/2026 2:38:57 AM","33.128357","-96.875687","0","172.6"
"8/28/2026 2:38:58 AM","33.128357","-96.875687","0","172.6"
"8/28/2026 2:38:59 AM","33.128357","-96.875687","0","172.7"
"8/28/2026 2:39:00 AM","33.128357","-96.875687","0","172.7"
"8/28/2026 2:39:01 AM","33.128357","-96.875687","0","172.8"
"8/28/2026 2:39:02 AM","33.128357","-96.875687","0","172.8"
"8/28/2026 2:39:03 AM","33.128357","-96.875687","0","172.8"
"8/28/2026 2:39:04 AM","33.128357","-96.875687","0","172.8"
"8/28/2026 2:39:05 AM","33.128357","-96.875687","0","172.9"
"8/28/2026 2:39:06 AM","33.128357","-96.875687","0","172.9"
"8/28/2026 2:39:07 AM","33.128357","-96.875687","0","172.9"
"8/28/2026 2:39:08 AM","33.128357","-96.875687","0","172.9"
"8/28/2026 2:39:09 AM","33.128361","-96.875687","0","172.9"
"8/28/2026 2:39:10 AM","33.128361","-96.875687","0","172.9"
"8/28/2026 2:39:11 AM","33.128361","-96.875687","0","172.9"
"8/28/2026 2:39:12 AM","33.128361","-96.875687","0","172.9"
"8/28/2026 2:39:13 AM","33.128361","-96.875687","0","172.9"
"8/28/2026 2:39:14 AM","33.128361","-96.875687","0","172.9"
"8/28/2026 2:39:15 AM","33.128361","-96.875687","0","172.9"
"8/28/2026 2:39:16 AM","33.128361","-96.875687","0","173"
"8/28/2026 2:39:17 AM","33.128361","-96.875687","0","173"
"8/28/2026 2:39:18 AM","33.128361","-96.875687","0","173"
"8/28/2026 2:39:19 AM","33.128361","-96.875687","0","173"
"8/28/2026 2:39:20 AM","33.128361","-96.875687","0","173"
"8/28/2026 2:39:21 AM","33.128361","-96.875687","0","173.1"
"8/28/2026 2:39:22 AM","33.128361","-96.875687","0","173.1"
"8/28/2026 2:39:23 AM","33.128361","-96.875687","0","173.1"
"8/28/2026 2:39:24 AM","33.128361","-96.875687","0","173.1"
"8/28/2026 2:39:25 AM","33.128361","-96.875687","0","173.1"
"8/28/2026 2:39:26 AM","33.128361","-96.875687","0","173.2"
"8/28/2026 2:39:27 AM","33.128361","-96.875687","0","173.2"
"8/28/2026 2:39:28 AM","33.128361","-96.875687","0","173.1"
"8/28/2026 2:39:29 AM","33.128361","-96.875664","0","173.2"
"8/28/2026 2:39:30 AM","33.128361","-96.875664","0","173.1"
"8/28/2026 2:39:31 AM","33.128361","-96.875664","0","173.1"
"8/28/2026 2:39:32 AM","33.128361","-96.875664","0","173.1"
"8/28/2026 2:39:33 AM","33.128361","-96.875664","0","173.1"
"8/28/2026 2:39:34 AM","33.128361","-96.875664","0","173.1"
"8/28/2026 2:39:35 AM","33.128361","-96.875664","0","173.1"
"8/28/2026 2:39:36 AM","33.128361","-96.875664","0","173.1"
"8/28/2026 2:39:37 AM","33.128361","-96.875664","0","173.1"
"8/28/2026 2:39:38 AM","33.128361","-96.875664","0","173.1"
"8/28/2026 2:39:39 AM","33.128361","-96.875664","0","173.1"
"8/28/2026 2:39:40 AM","33.128361","-96.875664","0","173.2"
"8/28/2026 2:39:41 AM","33.128361","-96.875664","0","173.2"
"8/28/2026 2:39:42 AM","33.128361","-96.875664","0","173.2"
"8/28/2026 2:39:43 AM","33.128361","-96.875664","0","173.3"
"8/28/2026 2:39:44 AM","33.128361","-96.875664","0","173.3"
"8/28/2026 2:39:45 AM","33.128361","-96.875664","0","173.3"
"8/28/2026 2:39:46 AM","33.128361","-96.875664","0","173.3"
"8/28/2026 2:39:47 AM","33.128361","-96.875664","0","173.4"
"8/28/2026 2:39:48 AM","33.128361","-96.875664","0","173.4"
"8/28/2026 2:39:49 AM","33.128361","-96.875664","0","173.4"
"8/28/2026 2:39:50 AM","33.128361","-96.875664","0","173.4"
"8/28/2026 2:39:51 AM","33.128361","-96.875664","0","173.4"
"8/28/2026 2:39:52 AM","33.128361","-96.875664","0","173.4"
"8/28/2026 2:39:53 AM","33.128361","-96.875664","0","173.5"
"8/28/2026 2:39:54 AM","33.128361","-96.875664","0","173.5"
"8/28/2026 2:39:55 AM","33.128361","-96.875664","0","173.5"
"8/28/2026 2:39:56 AM","33.128361","-96.875664","0","173.6"
"8/28/2026 2:39:57 AM","33.128361","-96.875687","0","173.6"
"8/28/2026 2:39:58 AM","33.128357","-96.875687","0","173.6"
"8/28/2026 2:39:59 AM","33.128357","-96.875687","0","173.6"
"8/28/2026 2:40:00 AM","33.128357","-96.875687","0","173.7"
"8/28/2026 2:40:01 AM","33.128357","-96.875687","0","173.7"
"8/28/2026 2:40:02 AM","33.128357","-96.875687","0","173.7"
"8/28/2026 2:40:03 AM","33.128357","-96.875687","0","173.8"
"8/28/2026 2:40:04 AM","33.128357","-96.875687","0","173.8"
"8/28/2026 2:40:05 AM","33.128357","-96.875687","0","173.8"
"8/28/2026 2:40:06 AM","33.128361","-96.875687","0","173.9"
"8/28/2026 2:40:07 AM","33.128361","-96.875687","0","173.9"
"8/28/2026 2:40:08 AM","33.128361","-96.875687","0","173.9"
"8/28/2026 2:40:09 AM","33.128361","-96.875687","0","173.9"
"8/28/2026 2:40:10 AM","33.128361","-96.875687","0","173.9"
"8/28/2026 2:40:11 AM","33.128361","-96.875687","0","174"
"8/28/2026 2:40:12 AM","33.128361","-96.875687","0","174"
"8/28/2026 2:40:13 AM","33.128361","-96.875687","0","173.9"
"8/28/2026 2:40:14 AM","33.128361","-96.875687","0","174"
"8/28/2026 2:40:15 AM","33.128361","-96.875687","0","174"
"8/28/2026 2:40:16 AM","33.128361","-96.875687","0","174"
"8/28/2026 2:40:17 AM","33.128361","-96.875687","0","174.1"
"8/28/2026 2:40:18 AM","33.128361","-96.875687","0","174.1"
"8/28/2026 2:40:19 AM","33.128361","-96.875687","0","174.1"
"8/28/2026 2:40:20 AM","33.128361","-96.875687","0","174.2"
"8/28/2026 2:40:21 AM","33.128365","-96.875687","0","174.2"
"8/28/2026 2:40:22 AM","33.128365","-96.875687","0","174.2"
"8/28/2026 2:40:23 AM","33.128365","-96.875687","0","174.3"
"8/28/2026 2:40:24 AM","33.128365","-96.875687","0","174.2"
"8/28/2026 2:40:25 AM","33.128365","-96.875687","0","174.2"
"8/28/2026 2:40:26 AM","33.128365","-96.875687","0","174.3"
"8/28/2026 2:40:27 AM","33.128365","-96.875687","0","174.3"
"8/28/2026 2:40:28 AM","33.128365","-96.875687","0","174.3"
"8/28/2026 2:40:29 AM","33.128368","-96.875687","0","174.3"
"8/28/2026 2:40:30 AM","33.128368","-96.875687","0","174.2"
"8/28/2026 2:40:31 AM","33.128368","-96.875687","0","174.3"
"8/28/2026 2:40:32 AM","33.128368","-96.875687","0","174.3"
"8/28/2026 2:40:33 AM","33.128368","-96.875687","0","174.3"
"8/28/2026 2:40:34 AM","33.128368","-96.875687","0","174.3"
"8/28/2026 2:40:35 AM","33.128368","-96.875687","0","174.3"
"8/28/2026 2:40:36 AM","33.128368","-96.875687","0","174.3"
"8/28/2026 2:40:37 AM","33.128368","-96.875687","0","174.4"
"8/28/2026 2:40:38 AM","33.128368","-96.875687","0","174.4"
"8/28/2026 2:40:39 AM","33.128368","-96.875687","0","174.4"
"8/28/2026 2:40:40 AM","33.128368","-96.875687","0","174.5"
"8/28/2026 2:40:41 AM","33.128368","-96.875687","0","174.5"
"8/28/2026 2:40:42 AM","33.128368","-96.875687","0","174.5"
"8/28/2026 2:40:43 AM","33.128368","-96.875687","0","174.5"
"8/28/2026 2:40:44 AM","33.128368","-96.875687","0","174.5"
"8/28/2026 2:40:45 AM","33.128368","-96.875687","0","174.5"
"8/28/2026 2:40:46 AM","33.128372","-96.875687","0","174.5"
"8/28/2026 2:40:47 AM","33.128372","-96.875687","0","174.5"
"8/28/2026 2:40:48 AM","33.128372","-96.875687","0","174.5"
"8/28/2026 2:40:49 AM","33.128372","-96.875687","0","174.5"
"8/28/2026 2:40:50 AM","33.128372","-96.875687","0","174.5"
"8/28/2026 2:40:51 AM","33.128372","-96.875687","0","174.5"
"8/28/2026 2:40:52 AM","33.128372","-96.875687","0","174.4"
"8/28/2026 2:40:53 AM","33.128372","-96.875687","0","174.4"
"8/28/2026 2:40:54 AM","33.128372","-96.875687","0","174.5"
"8/28/2026 2:40:55 AM","33.128372","-96.875687","0","174.5"
"8/28/2026 2:40:56 AM","33.128368","-96.875687","0","174.5"
"8/28/2026 2:40:57 AM","33.128368","-96.875687","0","174.5"
"8/28/2026 2:40:58 AM","33.128368","-96.875687","0","174.5"
"8/28/2026 2:40:59 AM","33.128368","-96.875687","0","174.5"
"8/28/2026 2:41:00 AM","33.128368","-96.875687","0","174.6"
"8/28/2026 2:41:01 AM","33.128368","-96.875687","0","174.6"
"8/28/2026 2:41:02 AM","33.128368","-96.875687","0","174.6"
"8/28/2026 2:41:03 AM","33.128368","-96.875687","0","174.6"
"8/28/2026 2:41:04 AM","33.128368","-96.875687","0","174.5"
"8/28/2026 2:41:05 AM","33.128368","-96.875687","0","174.6"
"8/28/2026 2:41:06 AM","33.128365","-96.875687","0","174.6"
"8/28/2026 2:41:07 AM","33.128365","-96.875687","0","174.5"
"8/28/2026 2:41:08 AM","33.128365","-96.875687","0","174.5"
"8/28/2026 2:41:09 AM","33.128365","-96.875687","0","174.6"
"8/28/2026 2:41:10 AM","33.128365","-96.875687","0","174.5"
"8/28/2026 2:41:11 AM","33.128365","-96.875687","0","174.6"
"8/28/2026 2:41:12 AM","33.128365","-96.875687","0","174.6"
"8/28/2026 2:41:13 AM","33.128365","-96.875687","0","174.6"
"8/28/2026 2:41:14 AM","33.128365","-96.875687","0","174.6"
"8/28/2026 2:41:15 AM","33.128365","-96.875687","0","174.6"
"8/28/2026 2:41:16 AM","33.128365","-96.875687","0","174.6"
"8/28/2026 2:41:17 AM","33.128361","-96.875687","0","174.7"
"8/28/2026 2:41:18 AM","33.128361","-96.875687","0","174.7"
"8/28/2026 2:41:19 AM","33.128361","-96.875687","0","174.6"
"8/28/2026 2:41:20 AM","33.128361","-96.875687","0","174.6"
"8/28/2026 2:41:21 AM","33.128361","-96.875687","0","174.7"
"8/28/2026 2:41:22 AM","33.128361","-96.875687","0","174.7"
"8/28/2026 2:41:23 AM","33.128361","-96.875687","0","174.7"
"8/28/2026 2:41:24 AM","33.128361","-96.875687","0","174.6"
"8/28/2026 2:41:25 AM","33.128361","-96.875687","0","174.6"
"8/28/2026 2:41:26 AM","33.128361","-96.875687","0","174.7"
"8/28/2026 2:41:27 AM","33.128361","-96.875687","0","174.6"
"8/28/2026 2:41:28 AM","33.128361","-96.875687","0","174.6"
"8/28/2026 2:41:29 AM","33.128361","-96.875687","0","174.7"
"8/28/2026 2:41:30 AM","33.128361","-96.875687","0","174.7"
"8/28/2026 2:41:31 AM","33.128361","-96.875687","0","174.7"
"8/28/2026 2:41:32 AM","33.128361","-96.875687","0","174.7"
"8/28/2026 2:41:33 AM","33.128361","-96.875687","0","174.7"
"8/28/2026 2:41:34 AM","33.128361","-96.875687","0","174.7"
"8/28/2026 2:41:35 AM","33.128361","-96.875687","0","174.7"
"8/28/2026 2:41:36 AM","33.128361","-96.875687","0","174.7"
"8/28/2026 2:41:37 AM","33.128361","-96.875687","0","174.8"
"8/28/2026 2:41:38 AM","33.128361","-96.875687","0","174.8"
"8/28/2026 2:41:39 AM","33.128361","-96.875687","0","174.8"
"8/28/2026 2:41:40 AM","33.128361","-96.875687","0","174.8"
"8/28/2026 2:41:41 AM","33.128361","-96.875687","0","174.8"
"8/28/2026 2:41:42 AM","33.128361","-96.875687","0","174.8"
"8/28/2026 2:41:43 AM","33.128361","-96.875687","0","174.7"
"8/28/2026 2:41:44 AM","33.128361","-96.875687","0","174.8"
"8/28/2026 2:41:45 AM","33.128361","-96.875687","0","174.7"
"8/28/2026 2:41:46 AM","33.128361","-96.875687","0","174.7"
"8/28/2026 2:41:47 AM","33.128361","-96.875687","0","174.6"
"8/28/2026 2:41:48 AM","33.128361","-96.875687","0","174.6"
"8/28/2026 2:41:49 AM","33.128361","-96.875687","0","174.6"
"8/28/2026 2:41:50 AM","33.128361","-96.875687","0","174.6"
"8/28/2026 2:41:51 AM","33.128361","-96.875687","0","174.6"
"8/28/2026 2:41:52 AM","33.128361","-96.875687","0","174.6"
"8/28/2026 2:41:53 AM","33.128361","-96.875687","0","174.6"
"8/28/2026 2:41:54 AM","33.128361","-96.875687","0","174.5"
"8/28/2026 2:41:55 AM","33.128357","-96.875687","0","174.5"
"8/28/2026 2:41:56 AM","33.128357","-96.875687","0","174.5"
"8/28/2026 2:41:57 AM","33.128357","-96.875687","0","174.5"
"8/28/2026 2:41:58 AM","33.128357","-96.875687","0","174.5"
"8/28/2026 2:41:59 AM","33.128357","-96.875687","0","174.4"
"8/28/2026 2:42:00 AM","33.128357","-96.875687","0","174.4"
"8/28/2026 2:42:01 AM","33.128357","-96.875687","0","174.4"
"8/28/2026 2:42:02 AM","33.128357","-96.875687","0","174.3"
"8/28/2026 2:42:03 AM","33.128357","-96.875687","0","174.2"
"8/28/2026 2:42:04 AM","33.128357","-96.875687","0","174.1"
"8/28/2026 2:42:05 AM","33.128357","-96.875687","0","174.1"
"8/28/2026 2:42:06 AM","33.128357","-96.875687","0","174"
"8/28/2026 2:42:07 AM","33.128357","-96.875687","0","174"
"8/28/2026 2:42:08 AM","33.128357","-96.875687","0","173.9"
"8/28/2026 2:42:09 AM","33.128357","-96.875687","0","173.9"
"8/28/2026 2:42:10 AM","33.128357","-96.875687","0","173.8"
"8/28/2026 2:42:11 AM","33.128357","-96.875702","0","173.8"
"8/28/2026 2:42:12 AM","33.128357","-96.875702","0","173.8"
"8/28/2026 2:42:13 AM","33.128357","-96.875702","0","173.7"
"8/28/2026 2:42:14 AM","33.128357","-96.875702","0","173.7"
"8/28/2026 2:42:15 AM","33.128353","-96.875702","0","173.7"
"8/28/2026 2:42:16 AM","33.128353","-96.875702","0","173.7"
"8/28/2026 2:42:17 AM","33.128353","-96.875702","0","173.7"
"8/28/2026 2:42:18 AM","33.128353","-96.875702","0","173.6"
"8/28/2026 2:42:19 AM","33.128353","-96.875702","0","173.5"
"8/28/2026 2:42:20 AM","33.128353","-96.875702","0","173.5"
"8/28/2026 2:42:21 AM","33.128353","-96.875702","0","173.5"
"8/28/2026 2:42:22 AM","33.128353","-96.875702","0","173.5"
"8/28/2026 2:42:23 AM","33.128353","-96.875702","0","173.4"
"8/28/2026 2:42:24 AM","33.128353","-96.875702","0","173.3"
"8/28/2026 2:42:25 AM","33.128357","-96.875702","0","173.3"
"8/28/2026 2:42:26 AM","33.128357","-96.875702","0","173.3"
"8/28/2026 2:42:27 AM","33.128357","-96.875702","0","173.2"
"8/28/2026 2:42:28 AM","33.128357","-96.875702","0","173.2"
"8/28/2026 2:42:29 AM","33.128357","-96.875702","0","173.1"
"8/28/2026 2:42:30 AM","33.128357","-96.875702","0","173.1"
"8/28/2026 2:42:31 AM","33.128357","-96.875702","0","173.1"
"8/28/2026 2:42:32 AM","33.128357","-96.875702","0","173.1"
"8/28/2026 2:42:33 AM","33.128357","-96.875702","0","173.1"
"8/28/2026 2:42:34 AM","33.128357","-96.875702","0","173"
"8/28/2026 2:42:35 AM","33.128357","-96.875702","0","173"
"8/28/2026 2:42:36 AM","33.128357","-96.875702","0","173"
"8/28/2026 2:42:37 AM","33.128357","-96.875702","0","173"
"8/28/2026 2:42:38 AM","33.128357","-96.875702","0","173"
"8/28/2026 2:42:39 AM","33.128357","-96.875702","0","173"
"8/28/2026 2:42:40 AM","33.128357","-96.875702","0","173"
"8/28/2026 2:42:41 AM","33.128357","-96.875702","0","173"
"8/28/2026 2:42:42 AM","33.128361","-96.875702","0","173"
"8/28/2026 2:42:43 AM","33.128361","-96.875702","0","173"
"8/28/2026 2:42:44 AM","33.128361","-96.875702","0","173"
"8/28/2026 2:42:45 AM","33.128361","-96.875702","0","173.1"
"8/28/2026 2:42:46 AM","33.128361","-96.875702","0","173.1"
"8/28/2026 2:42:47 AM","33.128361","-96.875702","0","173.1"
"8/28/2026 2:42:48 AM","33.128361","-96.875702","0","173.1"
"8/28/2026 2:42:49 AM","33.128361","-96.875702","0","173.1"
"8/28/2026 2:42:50 AM","33.128361","-96.875702","0","173.1"
"8/28/2026 2:42:51 AM","33.128361","-96.875702","0","173.2"
"8/28/2026 2:42:52 AM","33.128361","-96.875702","0","173.2"
"8/28/2026 2:42:53 AM","33.128361","-96.875702","0","173.3"
"8/28/2026 2:42:54 AM","33.128361","-96.875702","0","173.3"
"8/28/2026 2:42:55 AM","33.128361","-96.875702","0","173.3"
"8/28/2026 2:42:56 AM","33.128361","-96.875702","0","173.3"
"8/28/2026 2:42:57 AM","33.128361","-96.875702","0","173.3"
"8/28/2026 2:42:58 AM","33.128361","-96.875702","0","173.3"
"8/28/2026 2:42:59 AM","33.128361","-96.875702","0","173.4"
"8/28/2026 2:43:00 AM","33.128365","-96.875702","0","173.4"
"8/28/2026 2:43:01 AM","33.128365","-96.875687","0","173.4"
"8/28/2026 2:43:02 AM","33.128365","-96.875687","0","173.4"
"8/28/2026 2:43:03 AM","33.128361","-96.875687","0","173.4"
"8/28/2026 2:43:04 AM","33.128361","-96.875687","0","173.4"
"8/28/2026 2:43:05 AM","33.128361","-96.875687","0","173.4"
"8/28/2026 2:43:06 AM","33.128361","-96.875687","0","173.5"
"8/28/2026 2:43:07 AM","33.128361","-96.875687","0","173.5"
"8/28/2026 2:43:08 AM","33.128361","-96.875687","0","173.6"
"8/28/2026 2:43:09 AM","33.128361","-96.875687","0","173.6"
"8/28/2026 2:43:10 AM","33.128361","-96.875687","0","173.7"
"8/28/2026 2:43:11 AM","33.128361","-96.875687","0","173.6"
"8/28/2026 2:43:12 AM","33.128361","-96.875687","0","173.6"
"8/28/2026 2:43:13 AM","33.128361","-96.875687","0","173.7"
"8/28/2026 2:43:14 AM","33.128361","-96.875687","0","173.6"
"8/28/2026 2:43:15 AM","33.128361","-96.875687","0","173.6"
"8/28/2026 2:43:16 AM","33.128361","-96.875687","0","173.7"
"8/28/2026 2:43:17 AM","33.128361","-96.875687","0","173.7"
"8/28/2026 2:43:18 AM","33.128361","-96.875687","0","173.7"
"8/28/2026 2:43:19 AM","33.128361","-96.875687","0","173.8"
"8/28/2026 2:43:20 AM","33.128361","-96.875687","0","173.8"
"8/28/2026 2:43:21 AM","33.128361","-96.875687","0","173.8"
"8/28/2026 2:43:22 AM","33.128361","-96.875687","0","173.8"
"8/28/2026 2:43:23 AM","33.128361","-96.875687","0","173.7"
"8/28/2026 2:43:24 AM","33.128361","-96.875687","0","173.8"
"8/28/2026 2:43:25 AM","33.128361","-96.875687","0","173.8"
"8/28/2026 2:43:26 AM","33.128361","-96.875687","0","173.9"
"8/28/2026 2:43:27 AM","33.128361","-96.875687","0","174"
"8/28/2026 2:43:28 AM","33.128361","-96.875687","0","174.1"
"8/28/2026 2:43:29 AM","33.128361","-96.875687","0","174.2"
"8/28/2026 2:43:30 AM","33.128357","-96.875687","0","174.2"
"8/28/2026 2:43:31 AM","33.128357","-96.875687","0","174.3"
"8/28/2026 2:43:32 AM","33.128357","-96.875687","0","174.3"
"8/28/2026 2:43:33 AM","33.128357","-96.875687","0","174.3"
"8/28/2026 2:43:34 AM","33.128357","-96.875687","0","174.3"
"8/28/2026 2:43:35 AM","33.128357","-96.875687","0","174.3"
"8/28/2026 2:43:36 AM","33.128357","-96.875687","0","174.3"
"8/28/2026 2:43:37 AM","33.128357","-96.875687","0","174.3"
"8/28/2026 2:43:38 AM","33.128357","-96.875687","0","174.4"
"8/28/2026 2:43:39 AM","33.128357","-96.875687","0","174.4"
"8/28/2026 2:43:40 AM","33.128357","-96.875687","0","174.5"
"8/28/2026 2:43:41 AM","33.128357","-96.875687","0","174.6"
"8/28/2026 2:43:42 AM","33.128357","-96.875687","0","174.6"
"8/28/2026 2:43:43 AM","33.128353","-96.875687","0","174.7"
"8/28/2026 2:43:44 AM","33.128353","-96.875687","0","174.7"
"8/28/2026 2:43:45 AM","33.128353","-96.875687","0","174.8"
"8/28/2026 2:43:46 AM","33.128353","-96.875687","0","174.8"
"8/28/2026 2:43:47 AM","33.128353","-96.875687","0","174.8"
"8/28/2026 2:43:48 AM","33.128353","-96.875687","0","174.8"
"8/28/2026 2:43:49 AM","33.128353","-96.875687","0","174.8"
"8/28/2026 2:43:50 AM","33.128353","-96.875687","0","174.7"
"8/28/2026 2:43:51 AM","33.128353","-96.875687","0","174.7"
"8/28/2026 2:43:52 AM","33.128353","-96.875687","0","174.7"
"8/28/2026 2:43:53 AM","33.128353","-96.875687","0","174.6"
"8/28/2026 2:43:54 AM","33.128353","-96.875687","0","174.6"
"8/28/2026 2:43:55 AM","33.128353","-96.875687","0","174.5"
"8/28/2026 2:43:56 AM","33.128353","-96.875687","0","174.5"
"8/28/2026 2:43:57 AM","33.128349","-96.875687","0","174.5"
"8/28/2026 2:43:58 AM","33.128349","-96.875687","0","174.5"
"8/28/2026 2:43:59 AM","33.128349","-96.875687","0","174.5"
"8/28/2026 2:44:00 AM","33.128349","-96.875687","0","174.5"
"8/28/2026 2:44:01 AM","33.128349","-96.875687","0","174.5"
"8/28/2026 2:44:02 AM","33.128349","-96.875687","0","174.5"
"8/28/2026 2:44:03 AM","33.128345","-96.875687","0","174.5"
"8/28/2026 2:44:04 AM","33.128345","-96.875687","0","174.6"
"8/28/2026 2:44:05 AM","33.128345","-96.875687","0","174.6"
"8/28/2026 2:44:06 AM","33.128345","-96.875687","0","174.6"
"8/28/2026 2:44:07 AM","33.128345","-96.875687","0","174.7"
"8/28/2026 2:44:08 AM","33.128345","-96.875687","0","174.8"
"8/28/2026 2:44:09 AM","33.128345","-96.875702","0","174.8"
"8/28/2026 2:44:10 AM","33.128345","-96.875702","0","174.8"
"8/28/2026 2:44:11 AM","33.128345","-96.875702","0","174.9"
"8/28/2026 2:44:12 AM","33.128345","-96.875702","0","174.9"
"8/28/2026 2:44:13 AM","33.128345","-96.875702","0","175"
"8/28/2026 2:44:14 AM","33.128345","-96.875702","0","175"
"8/28/2026 2:44:15 AM","33.128349","-96.875702","0","175"
"8/28/2026 2:44:16 AM","33.128349","-96.875702","0","175.1"
"8/28/2026 2:44:17 AM","33.128349","-96.875702","0","175.2"
"8/28/2026 2:44:18 AM","33.128349","-96.875702","0","175.2"
"8/28/2026 2:44:19 AM","33.128349","-96.875702","0","175.3"
"8/28/2026 2:44:20 AM","33.128353","-96.875702","0","175.4"
"8/28/2026 2:44:21 AM","33.128353","-96.875702","0","175.4"
"8/28/2026 2:44:22 AM","33.128353","-96.875702","0","175.5"
"8/28/2026 2:44:23 AM","33.128353","-96.875702","0","175.6"
"8/28/2026 2:44:24 AM","33.128353","-96.875702","0","175.6"
"8/28/2026 2:44:25 AM","33.128353","-96.875702","0","175.7"
"8/28/2026 2:44:26 AM","33.128353","-96.875702","0","175.8"
"8/28/2026 2:44:27 AM","33.128357","-96.875702","0","175.8"
"8/28/2026 2:44:28 AM","33.128357","-96.875702","0","175.9"
"8/28/2026 2:44:29 AM","33.128357","-96.875702","0","175.9"
"8/28/2026 2:44:30 AM","33.128357","-96.875702","0","176"
"8/28/2026 2:44:31 AM","33.128357","-96.875702","0","176.1"
"8/28/2026 2:44:32 AM","33.128357","-96.875702","0","176.1"
"8/28/2026 2:44:33 AM","33.128357","-96.875702","0","176.2"
"8/28/2026 2:44:34 AM","33.128357","-96.875702","0","176.3"
"8/28/2026 2:44:35 AM","33.128357","-96.875702","0","176.3"
"8/28/2026 2:44:36 AM","33.128361","-96.875702","0","176.4"
"8/28/2026 2:44:37 AM","33.128361","-96.875702","0","176.5"
"8/28/2026 2:44:38 AM","33.128361","-96.875702","0","176.5"
"8/28/2026 2:44:39 AM","33.128361","-96.875702","0","176.6"
"8/28/2026 2:44:40 AM","33.128361","-96.875702","0","176.6"
"8/28/2026 2:44:41 AM","33.128361","-96.875702","0","176.7"
"8/28/2026 2:44:42 AM","33.128361","-96.875702","0","176.7"
"8/28/2026 2:44:43 AM","33.128361","-96.875702","0","176.8"
"8/28/2026 2:44:44 AM","33.128361","-96.875702","0","176.8"
"8/28/2026 2:44:45 AM","33.128361","-96.875702","0","176.8"
"8/28/2026 2:44:46 AM","33.128361","-96.875702","0","176.8"
"8/28/2026 2:44:47 AM","33.128361","-96.875702","0","176.8"
"8/28/2026 2:44:48 AM","33.128361","-96.875702","0","176.9"
"8/28/2026 2:44:49 AM","33.128361","-96.875702","0","176.9"
"8/28/2026 2:44:50 AM","33.128361","-96.875702","0","176.9"
"8/28/2026 2:44:51 AM","33.128361","-96.875702","0","176.9"
"8/28/2026 2:44:52 AM","33.128365","-96.875702","0","176.8"
"8/28/2026 2:44:53 AM","33.128365","-96.875702","0","176.9"
"8/28/2026 2:44:54 AM","33.128365","-96.875702","0","176.9"
"8/28/2026 2:44:55 AM","33.128365","-96.875702","0","176.9"
"8/28/2026 2:44:56 AM","33.128365","-96.875702","0","176.9"
"8/28/2026 2:44:57 AM","33.128365","-96.875702","0","177"
"8/28/2026 2:44:58 AM","33.128365","-96.875702","0","177"
"8/28/2026 2:44:59 AM","33.128365","-96.875702","0","177.1"
"8/28/2026 2:45:00 AM","33.128365","-96.875702","0","177.1"
"8/28/2026 2:45:01 AM","33.128365","-96.875702","0","177.2"
"8/28/2026 2:45:02 AM","33.128365","-96.875702","0","177.3"
"8/28/2026 2:45:03 AM","33.128365","-96.875702","0","177.3"
"8/28/2026 2:45:04 AM","33.128365","-96.875702","0","177.3"
"8/28/2026 2:45:05 AM","33.128365","-96.875702","0","177.4"
"8/28/2026 2:45:06 AM","33.128365","-96.875702","0","177.4"
"8/28/2026 2:45:07 AM","33.128365","-96.875702","0","177.4"
"8/28/2026 2:45:08 AM","33.128365","-96.875702","0","177.4"
"8/28/2026 2:45:09 AM","33.128365","-96.875702","0","177.3"
"8/28/2026 2:45:10 AM","33.128365","-96.875702","0","177.3"
"8/28/2026 2:45:11 AM","33.128365","-96.875702","0","177.4"
"8/28/2026 2:45:12 AM","33.128365","-96.875702","0","177.4"
"8/28/2026 2:45:13 AM","33.128365","-96.875702","0","177.5"
"8/28/2026 2:45:14 AM","33.128365","-96.875702","0","177.6"
"8/28/2026 2:45:15 AM","33.128365","-96.875702","0","177.6"
"8/28/2026 2:45:16 AM","33.128365","-96.875702","0","177.6"
"8/28/2026 2:45:17 AM","33.128365","-96.875702","0","177.7"
"8/28/2026 2:45:18 AM","33.128361","-96.875702","0","177.7"
"8/28/2026 2:45:19 AM","33.128361","-96.875702","0","177.7"
"8/28/2026 2:45:20 AM","33.128361","-96.875702","0","177.6"
"8/28/2026 2:45:21 AM","33.128361","-96.875702","0","177.7"
"8/28/2026 2:45:22 AM","33.128361","-96.875702","0","177.7"
"8/28/2026 2:45:23 AM","33.128361","-96.875702","0","177.8"
"8/28/2026 2:45:24 AM","33.128361","-96.875702","0","177.8"
"8/28/2026 2:45:25 AM","33.128361","-96.875702","0","177.9"
"8/28/2026 2:45:26 AM","33.128361","-96.875702","0","177.9"
"8/28/2026 2:45:27 AM","33.128357","-96.875702","0","178"
"8/28/2026 2:45:28 AM","33.128357","-96.875702","0","178"
"8/28/2026 2:45:29 AM","33.128357","-96.875702","0","178.1"
"8/28/2026 2:45:30 AM","33.128357","-96.875702","0","178.1"
"8/28/2026 2:45:31 AM","33.128357","-96.875702","0","178.1"
"8/28/2026 2:45:32 AM","33.128357","-96.875702","0","178.1"
"8/28/2026 2:45:33 AM","33.128357","-96.875702","0","178.2"
"8/28/2026 2:45:34 AM","33.128357","-96.875702","0","178.3"
"8/28/2026 2:45:35 AM","33.128357","-96.875702","0","178.3"
"8/28/2026 2:45:36 AM","33.128357","-96.875702","0","178.4"
"8/28/2026 2:45:37 AM","33.128357","-96.875702","0","178.4"
"8/28/2026 2:45:38 AM","33.128357","-96.875702","0","178.5"
"8/28/2026 2:45:39 AM","33.128357","-96.875702","0","178.5"
"8/28/2026 2:45:40 AM","33.128357","-96.875702","0","178.5"
"8/28/2026 2:45:41 AM","33.128357","-96.875702","0","178.6"
"8/28/2026 2:45:42 AM","33.128357","-96.875702","0","178.7"
"8/28/2026 2:45:43 AM","33.128357","-96.875702","0","178.8"
"8/28/2026 2:45:44 AM","33.128357","-96.875702","0","178.9"
"8/28/2026 2:45:45 AM","33.128357","-96.875702","0","178.9"
"8/28/2026 2:45:46 AM","33.128357","-96.875702","0","178.9"
"8/28/2026 2:45:47 AM","33.128357","-96.875702","0","179"
"8/28/2026 2:45:48 AM","33.128357","-96.875687","0","179.1"
"8/28/2026 2:45:49 AM","33.128357","-96.875687","0","179.1"
"8/28/2026 2:45:50 AM","33.128357","-96.875687","0","179.2"
"8/28/2026 2:45:51 AM","33.128357","-96.875687","0","179.3"
"8/28/2026 2:45:52 AM","33.128357","-96.875687","0","179.3"
"8/28/2026 2:45:53 AM","33.128357","-96.875687","0","179.4"
"8/28/2026 2:45:54 AM","33.128357","-96.875687","0","179.4"
"8/28/2026 2:45:55 AM","33.128357","-96.875687","0","179.4"
"8/28/2026 2:45:56 AM","33.128357","-96.875687","0","179.5"
"8/28/2026 2:45:57 AM","33.128357","-96.875687","0","179.5"
"8/28/2026 2:45:58 AM","33.128357","-96.875687","0","179.6"
"8/28/2026 2:45:59 AM","33.128357","-96.875687","0","179.6"
"8/28/2026 2:46:00 AM","33.128357","-96.875687","0","179.6"
"8/28/2026 2:46:01 AM","33.128357","-96.875687","0","179.6"
"8/28/2026 2:46:02 AM","33.128353","-96.875687","0","179.7"
"8/28/2026 2:46:03 AM","33.128353","-96.875687","0","179.7"
"8/28/2026 2:46:04 AM","33.128353","-96.875687","0","179.7"
"8/28/2026 2:46:05 AM","33.128353","-96.875687","0","179.7"
"8/28/2026 2:46:06 AM","33.128353","-96.875687","0","179.7"
"8/28/2026 2:46:07 AM","33.128349","-96.875687","0","179.7"
"8/28/2026 2:46:08 AM","33.128349","-96.875687","0","179.8"
"8/28/2026 2:46:09 AM","33.128349","-96.875687","0","179.8"
"8/28/2026 2:46:10 AM","33.128349","-96.875687","0","179.9"
"8/28/2026 2:46:11 AM","33.128349","-96.875687","0","179.9"
"8/28/2026 2:46:12 AM","33.128349","-96.875687","0","179.9"
"8/28/2026 2:46:13 AM","33.128349","-96.875687","0","179.9"
"8/28/2026 2:46:14 AM","33.128349","-96.875687","0","179.9"
"8/28/2026 2:46:15 AM","33.128349","-96.875687","0","179.9"
"8/28/2026 2:46:16 AM","33.128345","-96.875687","0","179.9"
"8/28/2026 2:46:17 AM","33.128345","-96.875702","0","180"
"8/28/2026 2:46:18 AM","33.128345","-96.875702","0","179.9"
"8/28/2026 2:46:19 AM","33.128345","-96.875702","0","180"
"8/28/2026 2:46:20 AM","33.128345","-96.875702","0","180"
"8/28/2026 2:46:21 AM","33.128345","-96.875702","0","180.1"
"8/28/2026 2:46:22 AM","33.128345","-96.875702","0","180.1"
"8/28/2026 2:46:23 AM","33.128342","-96.875702","0","180.1"
"8/28/2026 2:46:24 AM","33.128342","-96.875702","0","180.1"
"8/28/2026 2:46:25 AM","33.128342","-96.875702","0","180.1"
"8/28/2026 2:46:26 AM","33.128342","-96.875702","0","180.1"
"8/28/2026 2:46:27 AM","33.128338","-96.875702","0","180.1"
"8/28/2026 2:46:28 AM","33.128338","-96.875702","0","180"
"8/28/2026 2:46:29 AM","33.128338","-96.875702","0","180"
"8/28/2026 2:46:30 AM","33.128338","-96.875702","0","180.1"
"8/28/2026 2:46:31 AM","33.128338","-96.875702","0","180.1"
"8/28/2026 2:46:32 AM","33.128338","-96.875702","0","180.1"
"8/28/2026 2:46:33 AM","33.128338","-96.875702","0","180"
"8/28/2026 2:46:34 AM","33.128338","-96.875702","0","180"
"8/28/2026 2:46:35 AM","33.128338","-96.875702","0","180.1"
"8/28/2026 2:46:36 AM","33.128338","-96.875702","0","180.1"
"8/28/2026 2:46:37 AM","33.128338","-96.875702","0","180.1"
"8/28/2026 2:46:38 AM","33.128338","-96.875702","0","180.1"
"8/28/2026 2:46:39 AM","33.128338","-96.875702","0","180"
"8/28/2026 2:46:40 AM","33.128338","-96.875702","0","180.1"
"8/28/2026 2:46:41 AM","33.128338","-96.875702","0","180.1"
"8/28/2026 2:46:42 AM","33.128338","-96.875702","0","180.2"
"8/28/2026 2:46:43 AM","33.128338","-96.875702","0","180.2"
"8/28/2026 2:46:44 AM","33.128338","-96.875702","0","180.1"
"8/28/2026 2:46:45 AM","33.128338","-96.875702","0","180.2"
"8/28/2026 2:46:46 AM","33.128338","-96.875702","0","180.2"
"8/28/2026 2:46:47 AM","33.128338","-96.875702","0","180.2"
"8/28/2026 2:46:48 AM","33.128338","-96.875702","0","180.2"
"8/28/2026 2:46:49 AM","33.128338","-96.875702","0","180.2"
"8/28/2026 2:46:50 AM","33.128338","-96.875702","0","180.2"
"8/28/2026 2:46:51 AM","33.128338","-96.875702","0","180.2"
"8/28/2026 2:46:52 AM","33.128338","-96.875702","0","180.2"
"8/28/2026 2:46:53 AM","33.128338","-96.875702","0","180.2"
"8/28/2026 2:46:54 AM","33.128342","-96.875702","0","180.3"
"8/28/2026 2:46:55 AM","33.128342","-96.875702","0","180.3"
"8/28/2026 2:46:56 AM","33.128342","-96.875702","0","180.3"
"8/28/2026 2:46:57 AM","33.128342","-96.875702","0","180.4"
"8/28/2026 2:46:58 AM","33.128345","-96.875702","0","180.4"
"8/28/2026 2:46:59 AM","33.128345","-96.875702","0","180.4"
"8/28/2026 2:47:00 AM","33.128345","-96.875702","0","180.5"
"8/28/2026 2:47:01 AM","33.128345","-96.875702","0","180.5"
"8/28/2026 2:47:02 AM","33.128345","-96.875687","0","180.5"
"8/28/2026 2:47:03 AM","33.128345","-96.875687","0","180.6"
"8/28/2026 2:47:04 AM","33.128345","-96.875687","0","180.7"
"8/28/2026 2:47:05 AM","33.128345","-96.875687","0","180.7"
"8/28/2026 2:47:06 AM","33.128345","-96.875687","0","180.7"
"8/28/2026 2:47:07 AM","33.128349","-96.875687","0","180.7"
"8/28/2026 2:47:08 AM","33.128349","-96.875687","0","180.7"
"8/28/2026 2:47:09 AM","33.128349","-96.875687","0","180.7"
"8/28/2026 2:47:10 AM","33.128349","-96.875687","0","180.7"
"8/28/2026 2:47:11 AM","33.128349","-96.875687","0","180.7"
"8/28/2026 2:47:12 AM","33.128349","-96.875687","0","180.7"
"8/28/2026 2:47:13 AM","33.128349","-96.875687","0","180.7"
"8/28/2026 2:47:14 AM","33.128349","-96.875687","0","180.7"
"8/28/2026 2:47:15 AM","33.128349","-96.875687","0","180.7"
"8/28/2026 2:47:16 AM","33.128353","-96.875687","0","180.7"
"8/28/2026 2:47:17 AM","33.128353","-96.875687","0","180.6"
"8/28/2026 2:47:18 AM","33.128353","-96.875687","0","180.7"
"8/28/2026 2:47:19 AM","33.128353","-96.875687","0","180.6"
"8/28/2026 2:47:20 AM","33.128353","-96.875687","0","180.6"
"8/28/2026 2:47:21 AM","33.128357","-96.875687","0","180.7"
"8/28/2026 2:47:22 AM","33.128357","-96.875687","0","180.7"
"8/28/2026 2:47:23 AM","33.128357","-96.875687","0","180.6"
"8/28/2026 2:47:24 AM","33.128357","-96.875687","0","180.6"
"8/28/2026 2:47:25 AM","33.128357","-96.875687","0","180.6"
"8/28/2026 2:47:26 AM","33.128357","-96.875687","0","180.6"
"8/28/2026 2:47:27 AM","33.128357","-96.875687","0","180.7"
"8/28/2026 2:47:28 AM","33.128357","-96.875687","0","180.7"
"8/28/2026 2:47:29 AM","33.128357","-96.875687","0","180.7"
"8/28/2026 2:47:30 AM","33.128357","-96.875687","0","180.7"
"8/28/2026 2:47:31 AM","33.128357","-96.875687","0","180.7"
"8/28/2026 2:47:32 AM","33.128357","-96.875687","0","180.7"
"8/28/2026 2:47:33 AM","33.128357","-96.875687","0","180.7"
"8/28/2026 2:47:34 AM","33.128357","-96.875687","0","180.6"
"8/28/2026 2:47:35 AM","33.128357","-96.875687","0","180.7"
"8/28/2026 2:47:36 AM","33.128357","-96.875687","0","180.7"
"8/28/2026 2:47:37 AM","33.128357","-96.875687","0","180.7"
"8/28/2026 2:47:38 AM","33.128357","-96.875687","0","180.6"
"8/28/2026 2:47:39 AM","33.128357","-96.875687","0","180.6"
"8/28/2026 2:47:40 AM","33.128357","-96.875687","0","180.6"
"8/28/2026 2:47:41 AM","33.128357","-96.875687","0","180.6"
"8/28/2026 2:47:42 AM","33.128357","-96.875687","0","180.6"
"8/28/2026 2:47:43 AM","33.128357","-96.875687","0","180.6"
"8/28/2026 2:47:44 AM","33.128357","-96.875687","0","180.6"
"8/28/2026 2:47:45 AM","33.128357","-96.875687","0","180.7"
"8/28/2026 2:47:46 AM","33.128357","-96.875687","0","180.6"
"8/28/2026 2:47:47 AM","33.128357","-96.875687","0","180.7"
"8/28/2026 2:47:48 AM","33.128353","-96.875687","0","180.7"
"8/28/2026 2:47:49 AM","33.128353","-96.875687","0","180.6"
"8/28/2026 2:47:50 AM","33.128353","-96.875687","0","180.6"
"8/28/2026 2:47:51 AM","33.128353","-96.875687","0","180.6"
"8/28/2026 2:47:52 AM","33.128353","-96.875687","0","180.6"
"8/28/2026 2:47:53 AM","33.128353","-96.875687","0","180.6"
"8/28/2026 2:47:54 AM","33.128353","-96.875687","0","180.6"
"8/28/2026 2:47:55 AM","33.128357","-96.875687","0","180.6"
"8/28/2026 2:47:56 AM","33.128357","-96.875687","0","180.5"
"8/28/2026 2:47:57 AM","33.128357","-96.875687","0","180.4"
"8/28/2026 2:47:58 AM","33.128357","-96.875687","0","180.5"
"8/28/2026 2:47:59 AM","33.128357","-96.875687","0","180.4"
"8/28/2026 2:48:00 AM","33.128357","-96.875687","0","180.3"
"8/28/2026 2:48:01 AM","33.128357","-96.875687","0","180.4"
"8/28/2026 2:48:02 AM","33.128357","-96.875687","0","180.3"
"8/28/2026 2:48:03 AM","33.128357","-96.875687","0","180.3"
"8/28/2026 2:48:04 AM","33.128357","-96.875687","0","180.3"
"8/28/2026 2:48:05 AM","33.128357","-96.875687","0","180.3"
"8/28/2026 2:48:06 AM","33.128357","-96.875687","0","180.3"
"8/28/2026 2:48:07 AM","33.128357","-96.875687","0","180.2"
"8/28/2026 2:48:08 AM","33.128357","-96.875687","0","180.2"
"8/28/2026 2:48:09 AM","33.128357","-96.875687","0","180.1"
"8/28/2026 2:48:10 AM","33.128357","-96.875687","0","180.1"
"8/28/2026 2:48:11 AM","33.128357","-96.875687","0","180.1"
"8/28/2026 2:48:12 AM","33.128357","-96.875687","0","180"
"8/28/2026 2:48:13 AM","33.128357","-96.875687","0","180"
"8/28/2026 2:48:14 AM","33.128361","-96.875687","0","180"
"8/28/2026 2:48:15 AM","33.128361","-96.875687","0","179.9"
"8/28/2026 2:48:16 AM","33.128361","-96.875687","0","179.8"
"8/28/2026 2:48:17 AM","33.128361","-96.875687","0","179.8"
"8/28/2026 2:48:18 AM","33.128361","-96.875687","0","179.8"
"8/28/2026 2:48:19 AM","33.128361","-96.875687","0","179.9"
"8/28/2026 2:48:20 AM","33.128361","-96.875664","0","179.9"
"8/28/2026 2:48:21 AM","33.128361","-96.875664","0","179.9"
"8/28/2026 2:48:22 AM","33.128365","-96.875664","0","179.7"
"8/28/2026 2:48:23 AM","33.128365","-96.875664","0","179.6"
"8/28/2026 2:48:24 AM","33.128365","-96.875664","0","179.6"
"8/28/2026 2:48:25 AM","33.128365","-96.875664","0","179.7"
"8/28/2026 2:48:26 AM","33.128365","-96.875664","0","179.6"
"8/28/2026 2:48:27 AM","33.128365","-96.875664","0","179.6"
"8/28/2026 2:48:28 AM","33.128365","-96.875664","0","179.6"
"8/28/2026 2:48:29 AM","33.128365","-96.875664","0","179.5"
"8/28/2026 2:48:30 AM","33.128365","-96.875664","0","179.5"
"8/28/2026 2:48:31 AM","33.128365","-96.875664","0","179.4"
"8/28/2026 2:48:32 AM","33.128365","-96.875664","0","179.4"
"8/28/2026 2:48:33 AM","33.128365","-96.875664","0","179.4"
"8/28/2026 2:48:34 AM","33.128368","-96.875664","0","179.4"
"8/28/2026 2:48:35 AM","33.128368","-96.875664","0","179.4"
"8/28/2026 2:48:36 AM","33.128368","-96.875664","0","179.4"
"8/28/2026 2:48:37 AM","33.128368","-96.875664","0","179.5"
"8/28/2026 2:48:38 AM","33.128368","-96.875664","0","179.5"
"8/28/2026 2:48:39 AM","33.128368","-96.875664","0","179.5"
"8/28/2026 2:48:40 AM","33.128368","-96.875664","0","179.6"
"8/28/2026 2:48:41 AM","33.128368","-96.875664","0","179.6"
"8/28/2026 2:48:42 AM","33.128368","-96.875664","0","179.6"
"8/28/2026 2:48:43 AM","33.128368","-96.875664","0","179.7"
"8/28/2026 2:48:44 AM","33.128368","-96.875664","0","179.7"
"8/28/2026 2:48:45 AM","33.128368","-96.875664","0","179.8"
"8/28/2026 2:48:46 AM","33.128368","-96.875664","0","179.8"
"8/28/2026 2:48:47 AM","33.128368","-96.875664","0","179.8"
"8/28/2026 2:48:48 AM","33.128368","-96.875664","0","179.9"
"8/28/2026 2:48:49 AM","33.128368","-96.875664","0","179.9"
"8/28/2026 2:48:50 AM","33.128368","-96.875664","0","179.9"
"8/28/2026 2:48:51 AM","33.128368","-96.875664","0","179.9"
"8/28/2026 2:48:52 AM","33.128365","-96.875664","0","179.9"
"8/28/2026 2:48:53 AM","33.128365","-96.875664","0","180"
"8/28/2026 2:48:54 AM","33.128365","-96.875664","0","180"
"8/28/2026 2:48:55 AM","33.128365","-96.875664","0","180"
"8/28/2026 2:48:56 AM","33.128365","-96.875664","0","180"
"8/28/2026 2:48:57 AM","33.128365","-96.875664","0","180"
"8/28/2026 2:48:58 AM","33.128365","-96.875664","0","180.1"
"8/28/2026 2:48:59 AM","33.128365","-96.875664","0","180.1"
"8/28/2026 2:49:00 AM","33.128365","-96.875664","0","180.1"
"8/28/2026 2:49:01 AM","33.128365","-96.875664","0","180.2"
"8/28/2026 2:49:02 AM","33.128365","-96.875664","0","180.2"
"8/28/2026 2:49:03 AM","33.128365","-96.875664","0","180.2"
"8/28/2026 2:49:04 AM","33.128365","-96.875664","0","180.3"
"8/28/2026 2:49:05 AM","33.128365","-96.875664","0","180.3"
"8/28/2026 2:49:06 AM","33.128365","-96.875664","0","180.3"
"8/28/2026 2:49:07 AM","33.128365","-96.875664","0","180.4"
"8/28/2026 2:49:08 AM","33.128365","-96.875664","0","180.4"
"8/28/2026 2:49:09 AM","33.128365","-96.875664","0","180.4"
"8/28/2026 2:49:10 AM","33.128361","-96.875664","0","180.5"
"8/28/2026 2:49:11 AM","33.128361","-96.875664","0","180.5"
"8/28/2026 2:49:12 AM","33.128361","-96.875664","0","180.6"
"8/28/2026 2:49:13 AM","33.128361","-96.875664","0","180.6"
"8/28/2026 2:49:14 AM","33.128361","-96.875664","0","180.7"
"8/28/2026 2:49:15 AM","33.128357","-96.875664","0","180.8"
"8/28/2026 2:49:16 AM","33.128357","-96.875664","0","180.8"
"8/28/2026 2:49:17 AM","33.128357","-96.875664","0","180.9"
"8/28/2026 2:49:18 AM","33.128357","-96.875664","0","180.9"
"8/28/2026 2:49:19 AM","33.128357","-96.875664","0","181"
"8/28/2026 2:49:20 AM","33.128357","-96.875664","0","181"
"8/28/2026 2:49:21 AM","33.128357","-96.875664","0","181"
"8/28/2026 2:49:22 AM","33.128357","-96.875664","0","181"
"8/28/2026 2:49:23 AM","33.128357","-96.875664","0","181.1"
"8/28/2026 2:49:24 AM","33.128357","-96.875664","0","181.1"
"8/28/2026 2:49:25 AM","33.128357","-96.875664","0","181.1"
"8/28/2026 2:49:26 AM","33.128353","-96.875664","0","181.1"
"8/28/2026 2:49:27 AM","33.128353","-96.875664","0","181.1"
"8/28/2026 2:49:28 AM","33.128353","-96.875664","0","181.2"
"8/28/2026 2:49:29 AM","33.128353","-96.875664","0","181.2"
"8/28/2026 2:49:30 AM","33.128353","-96.875664","0","181.2"
"8/28/2026 2:49:31 AM","33.128353","-96.875664","0","181.2"
"8/28/2026 2:49:32 AM","33.128353","-96.875664","0","181.2"
"8/28/2026 2:49:33 AM","33.128353","-96.875664","0","181.2"
"8/28/2026 2:49:34 AM","33.128353","-96.875664","0","181.2"
"8/28/2026 2:49:35 AM","33.128353","-96.875664","0","181.2"
"8/28/2026 2:49:36 AM","33.128353","-96.875664","0","181.2"
"8/28/2026 2:49:37 AM","33.128353","-96.875664","0","181.2"
"8/28/2026 2:49:38 AM","33.128353","-96.875664","0","181.2"
"8/28/2026 2:49:39 AM","33.128353","-96.875664","0","181.1"
"8/28/2026 2:49:40 AM","33.128353","-96.875664","0","181.1"
"8/28/2026 2:49:41 AM","33.128353","-96.875664","0","181.1"
"8/28/2026 2:49:42 AM","33.128353","-96.875664","0","181.1"
"8/28/2026 2:49:43 AM","33.128353","-96.875664","0","181"
"8/28/2026 2:49:44 AM","33.128357","-96.875664","0","181"
"8/28/2026 2:49:45 AM","33.128357","-96.875664","0","181.1"
"8/28/2026 2:49:46 AM","33.128357","-96.875664","0","181.1"
"8/28/2026 2:49:47 AM","33.128357","-96.875664","0","181.1"
"8/28/2026 2:49:48 AM","33.128357","-96.875664","0","181"
"8/28/2026 2:49:49 AM","33.128357","-96.875664","0","181"
"8/28/2026 2:49:50 AM","33.128357","-96.875687","0","181"
"8/28/2026 2:49:51 AM","33.128357","-96.875687","0","181"
"8/28/2026 2:49:52 AM","33.128357","-96.875687","0","181"
"8/28/2026 2:49:53 AM","33.128357","-96.875687","0","181"
"8/28/2026 2:49:54 AM","33.128357","-96.875687","0","180.9"
"8/28/2026 2:49:55 AM","33.128357","-96.875687","0","180.9"
"8/28/2026 2:49:56 AM","33.128357","-96.875687","0","180.9"
"8/28/2026 2:49:57 AM","33.128361","-96.875687","0","180.9"
"8/28/2026 2:49:58 AM","33.128361","-96.875687","0","180.9"
"8/28/2026 2:49:59 AM","33.128361","-96.875687","0","180.9"
"8/28/2026 2:50:00 AM","33.128361","-96.875687","0","180.9"
"8/28/2026 2:50:01 AM","33.128361","-96.875687","0","180.9"
"8/28/2026 2:50:02 AM","33.128361","-96.875687","0","180.9"
"8/28/2026 2:50:03 AM","33.128361","-96.875687","0","180.9"
"8/28/2026 2:50:04 AM","33.128361","-96.875687","0","181"
"8/28/2026 2:50:05 AM","33.128361","-96.875687","0","181"
"8/28/2026 2:50:06 AM","33.128361","-96.875687","0","181"
"8/28/2026 2:50:07 AM","33.128361","-96.875687","0","181"
"8/28/2026 2:50:08 AM","33.128361","-96.875687","0","181.1"
"8/28/2026 2:50:09 AM","33.128361","-96.875687","0","181.1"
"8/28/2026 2:50:10 AM","33.128361","-96.875687","0","181.1"
"8/28/2026 2:50:11 AM","33.128361","-96.875687","0","181.1"
"8/28/2026 2:50:12 AM","33.128361","-96.875687","0","181.2"
"8/28/2026 2:50:13 AM","33.128361","-96.875687","0","181.2"
"8/28/2026 2:50:14 AM","33.128361","-96.875687","0","181.2"
"8/28/2026 2:50:15 AM","33.128361","-96.875687","0","181.2"
"8/28/2026 2:50:16 AM","33.128361","-96.875687","0","181.2"
"8/28/2026 2:50:17 AM","33.128361","-96.875687","0","181.2"
"8/28/2026 2:50:18 AM","33.128361","-96.875687","0","181.3"
"8/28/2026 2:50:19 AM","33.128361","-96.875687","0","181.3"
"8/28/2026 2:50:20 AM","33.128361","-96.875687","0","181.3"
"8/28/2026 2:50:21 AM","33.128361","-96.875687","0","181.3"
"8/28/2026 2:50:22 AM","33.128361","-96.875687","0","181.3"
"8/28/2026 2:50:23 AM","33.128361","-96.875687","0","181.3"
"8/28/2026 2:50:24 AM","33.128361","-96.875687","0","181.2"
"8/28/2026 2:50:25 AM","33.128361","-96.875687","0","181.2"
"8/28/2026 2:50:26 AM","33.128361","-96.875687","0","181.2"
"8/28/2026 2:50:27 AM","33.128361","-96.875687","0","181.2"
"8/28/2026 2:50:28 AM","33.128361","-96.875687","0","181.2"
"8/28/2026 2:50:29 AM","33.128357","-96.875687","0","181.2"
"8/28/2026 2:50:30 AM","33.128357","-96.875687","0","181.2"
"8/28/2026 2:50:31 AM","33.128357","-96.875687","0","181.2"
"8/28/2026 2:50:32 AM","33.128357","-96.875687","0","181.2"
"8/28/2026 2:50:33 AM","33.128357","-96.875687","0","181.2"
"8/28/2026 2:50:34 AM","33.128357","-96.875687","0","181.2"
"8/28/2026 2:50:35 AM","33.128357","-96.875687","0","181.2"
"8/28/2026 2:50:36 AM","33.128357","-96.875687","0","181.2"
"8/28/2026 2:50:37 AM","33.128357","-96.875687","0","181.2"
"8/28/2026 2:50:38 AM","33.128353","-96.875687","0","181.2"
"8/28/2026 2:50:39 AM","33.128353","-96.875687","0","181.2"
"8/28/2026 2:50:40 AM","33.128353","-96.875687","0","181.1"
"8/28/2026 2:50:41 AM","33.128353","-96.875687","0","181.1"
"8/28/2026 2:50:42 AM","33.128353","-96.875687","0","181.1"
"8/28/2026 2:50:43 AM","33.128353","-96.875687","0","181.1"
"8/28/2026 2:50:44 AM","33.128349","-96.875687","0","181.1"
"8/28/2026 2:50:45 AM","33.128349","-96.875687","0","181.1"
"8/28/2026 2:50:46 AM","33.128349","-96.875687","0","181.1"
"8/28/2026 2:50:47 AM","33.128349","-96.875687","0","181.1"
"8/28/2026 2:50:48 AM","33.128349","-96.875687","0","181.1"
"8/28/2026 2:50:49 AM","33.128349","-96.875687","0","181.1"
"8/28/2026 2:50:50 AM","33.128345","-96.875687","0","181"
"8/28/2026 2:50:51 AM","33.128345","-96.875687","0","181"
"8/28/2026 2:50:52 AM","33.128345","-96.875687","0","181"
"8/28/2026 2:50:53 AM","33.128345","-96.875687","0","181"
"8/28/2026 2:50:54 AM","33.128345","-96.875687","0","181"
"8/28/2026 2:50:55 AM","33.128345","-96.875687","0","181"
"8/28/2026 2:50:56 AM","33.128345","-96.875687","0","181"
"8/28/2026 2:50:57 AM","33.128345","-96.875687","0","180.9"
"8/28/2026 2:50:58 AM","33.128345","-96.875687","0","180.9"
"8/28/2026 2:50:59 AM","33.128345","-96.875687","0","180.9"
"8/28/2026 2:51:00 AM","33.128345","-96.875687","0","180.9"
"8/28/2026 2:51:01 AM","33.128342","-96.875687","0","180.9"
"8/28/2026 2:51:02 AM","33.128342","-96.875664","0","180.8"
"8/28/2026 2:51:03 AM","33.128342","-96.875664","0","180.8"
"8/28/2026 2:51:04 AM","33.128342","-96.875664","0","180.8"
"8/28/2026 2:51:05 AM","33.128342","-96.875664","0","180.8"
"8/28/2026 2:51:06 AM","33.128342","-96.875664","0","180.8"
"8/28/2026 2:51:07 AM","33.128342","-96.875664","0","180.8"
"8/28/2026 2:51:08 AM","33.128342","-96.875664","0","180.7"
"8/28/2026 2:51:09 AM","33.128342","-96.875664","0","180.7"
"8/28/2026 2:51:10 AM","33.128342","-96.875664","0","180.7"
"8/28/2026 2:51:11 AM","33.128342","-96.875664","0","180.7"
"8/28/2026 2:51:12 AM","33.128342","-96.875664","0","180.7"
"8/28/2026 2:51:13 AM","33.128342","-96.875664","0","180.7"
"8/28/2026 2:51:14 AM","33.128342","-96.875664","0","180.7"
"8/28/2026 2:51:15 AM","33.128342","-96.875664","0","180.7"
"8/28/2026 2:51:16 AM","33.128342","-96.875664","0","180.8"
"8/28/2026 2:51:17 AM","33.128342","-96.875664","0","180.8"
"8/28/2026 2:51:18 AM","33.128342","-96.875664","0","180.7"
"8/28/2026 2:51:19 AM","33.128342","-96.875664","0","180.8"
"8/28/2026 2:51:20 AM","33.128342","-96.875664","0","180.7"
"8/28/2026 2:51:21 AM","33.128342","-96.875664","0","180.7"
"8/28/2026 2:51:22 AM","33.128342","-96.875664","0","180.7"
"8/28/2026 2:51:23 AM","33.128342","-96.875664","0","180.7"
"8/28/2026 2:51:24 AM","33.128342","-96.875664","0","180.7"
"8/28/2026 2:51:25 AM","33.128342","-96.875664","0","180.7"
"8/28/2026 2:51:26 AM","33.128338","-96.875664","0","180.7"
"8/28/2026 2:51:27 AM","33.128342","-96.875664","0","180.7"
"8/28/2026 2:51:28 AM","33.128342","-96.875664","0","180.6"
"8/28/2026 2:51:29 AM","33.128338","-96.875664","0","180.7"
"8/28/2026 2:51:30 AM","33.128338","-96.875664","0","180.6"
"8/28/2026 2:51:31 AM","33.128338","-96.875664","0","180.6"
"8/28/2026 2:51:32 AM","33.128338","-96.875664","0","180.6"
"8/28/2026 2:51:33 AM","33.128338","-96.875664","0","180.6"
"8/28/2026 2:51:34 AM","33.128338","-96.875664","0","180.6"
"8/28/2026 2:51:35 AM","33.128338","-96.875664","0","180.6"
"8/28/2026 2:51:36 AM","33.128338","-96.875664","0","180.6"
"8/28/2026 2:51:37 AM","33.128338","-96.875664","0","180.5"
"8/28/2026 2:51:38 AM","33.128338","-96.875664","0","180.6"
"8/28/2026 2:51:39 AM","33.128338","-96.875664","0","180.5"
"8/28/2026 2:51:40 AM","33.128338","-96.875664","0","180.5"
"8/28/2026 2:51:41 AM","33.128338","-96.875664","0","180.5"
"8/28/2026 2:51:42 AM","33.128338","-96.875664","0","180.4"
"8/28/2026 2:51:43 AM","33.128338","-96.875664","0","180.5"
"8/28/2026 2:51:44 AM","33.128338","-96.875664","0","180.5"
"8/28/2026 2:51:45 AM","33.128338","-96.875664","0","180.5"
"8/28/2026 2:51:46 AM","33.128338","-96.875664","0","180.5"
"8/28/2026 2:51:47 AM","33.128338","-96.875664","0","180.5"
"8/28/2026 2:51:48 AM","33.128338","-96.875664","0","180.5"
"8/28/2026 2:51:49 AM","33.128338","-96.875664","0","180.5"
"8/28/2026 2:51:50 AM","33.128338","-96.875664","0","180.5"
"8/28/2026 2:51:51 AM","33.128338","-96.875664","0","180.5"
"8/28/2026 2:51:52 AM","33.128338","-96.875664","0","180.5"
"8/28/2026 2:51:53 AM","33.128338","-96.875664","0","180.6"
"8/28/2026 2:51:54 AM","33.128338","-96.875664","0","180.6"
"8/28/2026 2:51:55 AM","33.128338","-96.875664","0","180.6"
"8/28/2026 2:51:56 AM","33.128338","-96.875664","0","180.6"
"8/28/2026 2:51:57 AM","33.128338","-96.875664","0","180.6"
"8/28/2026 2:51:58 AM","33.128338","-96.875664","0","180.6"
"8/28/2026 2:51:59 AM","33.128338","-96.875664","0","180.7"
"8/28/2026 2:52:00 AM","33.128338","-96.875664","0","180.6"
"8/28/2026 2:52:01 AM","33.128338","-96.875664","0","180.7"
"8/28/2026 2:52:02 AM","33.128338","-96.875664","0","180.7"
"8/28/2026 2:52:03 AM","33.128338","-96.875664","0","180.7"
"8/28/2026 2:52:04 AM","33.128338","-96.875664","0","180.7"
"8/28/2026 2:52:05 AM","33.128338","-96.875664","0","180.7"
"8/28/2026 2:52:06 AM","33.128338","-96.875664","0","180.7"
"8/28/2026 2:52:07 AM","33.128338","-96.875664","0","180.7"
"8/28/2026 2:52:08 AM","33.128338","-96.875664","0","180.7"
"8/28/2026 2:52:09 AM","33.128338","-96.875664","0","180.7"
"8/28/2026 2:52:10 AM","33.128338","-96.875664","0","180.7"
"8/28/2026 2:52:11 AM","33.128338","-96.875664","0","180.7"
"8/28/2026 2:52:12 AM","33.128338","-96.875664","0","180.6"
"8/28/2026 2:52:13 AM","33.128338","-96.875664","0","180.7"
"8/28/2026 2:52:14 AM","33.128338","-96.875664","0","180.7"
"8/28/2026 2:52:15 AM","33.128342","-96.875664","0","180.6"
"8/28/2026 2:52:16 AM","33.128342","-96.875664","0","180.6"
"8/28/2026 2:52:17 AM","33.128342","-96.875664","0","180.6"
"8/28/2026 2:52:18 AM","33.128342","-96.875664","0","180.6"
"8/28/2026 2:52:19 AM","33.128342","-96.875664","0","180.5"
"8/28/2026 2:52:20 AM","33.128342","-96.875664","0","180.5"
"8/28/2026 2:52:21 AM","33.128342","-96.875664","0","180.5"
"8/28/2026 2:52:22 AM","33.128345","-96.875664","0","180.5"
"8/28/2026 2:52:23 AM","33.128345","-96.875664","0","180.5"
"8/28/2026 2:52:24 AM","33.128345","-96.875664","0","180.4"
"8/28/2026 2:52:25 AM","33.128345","-96.875664","0","180.4"
"8/28/2026 2:52:26 AM","33.128345","-96.875664","0","180.4"
"8/28/2026 2:52:27 AM","33.128345","-96.875664","0","180.3"
"8/28/2026 2:52:28 AM","33.128345","-96.875664","0","180.3"
"8/28/2026 2:52:29 AM","33.128345","-96.875664","0","180.3"
"8/28/2026 2:52:30 AM","33.128345","-96.875664","0","180.4"
"8/28/2026 2:52:31 AM","33.128345","-96.875664","0","180.3"
"8/28/2026 2:52:32 AM","33.128345","-96.875664","0","180.3"
"8/28/2026 2:52:33 AM","33.128349","-96.875664","0","180.3"
"8/28/2026 2:52:34 AM","33.128349","-96.875664","0","180.3"
"8/28/2026 2:52:35 AM","33.128349","-96.875664","0","180.3"
"8/28/2026 2:52:36 AM","33.128349","-96.875664","0","180.3"
"8/28/2026 2:52:37 AM","33.128349","-96.875664","0","180.2"
"8/28/2026 2:52:38 AM","33.128353","-96.875664","0","180.2"
"8/28/2026 2:52:39 AM","33.128353","-96.875664","0","180.2"
"8/28/2026 2:52:40 AM","33.128353","-96.875664","0","180.2"
"8/28/2026 2:52:41 AM","33.128353","-96.875664","0","180.1"
"8/28/2026 2:52:42 AM","33.128353","-96.875664","0","180.1"
"8/28/2026 2:52:43 AM","33.128353","-96.875664","0","180.1"
"8/28/2026 2:52:44 AM","33.128353","-96.875664","0","180.1"
"8/28/2026 2:52:45 AM","33.128353","-96.875664","0","180.1"
"8/28/2026 2:52:46 AM","33.128353","-96.875664","0","180.1"
"8/28/2026 2:52:47 AM","33.128357","-96.875664","0","180"
"8/28/2026 2:52:48 AM","33.128357","-96.875664","0","180.1"
"8/28/2026 2:52:49 AM","33.128357","-96.875664","0","180.1"
"8/28/2026 2:52:50 AM","33.128357","-96.875664","0","180"
"8/28/2026 2:52:51 AM","33.128357","-96.875664","0","180"
"8/28/2026 2:52:52 AM","33.128357","-96.875664","0","180"
"8/28/2026 2:52:53 AM","33.128357","-96.875664","0","180"
"8/28/2026 2:52:54 AM","33.128357","-96.875664","0","180"
"8/28/2026 2:52:55 AM","33.128357","-96.875664","0","180"
"8/28/2026 2:52:56 AM","33.128357","-96.875664","0","180"
"8/28/2026 2:52:57 AM","33.128357","-96.875664","0","180"
"8/28/2026 2:52:58 AM","33.128357","-96.875664","0","180"
"8/28/2026 2:52:59 AM","33.128357","-96.875664","0","180"
"8/28/2026 2:53:00 AM","33.128357","-96.875664","0","180"
"8/28/2026 2:53:01 AM","33.128357","-96.875664","0","180"
"8/28/2026 2:53:02 AM","33.128357","-96.875664","0","180"
"8/28/2026 2:53:03 AM","33.128357","-96.875664","0","180"
"8/28/2026 2:53:04 AM","33.128357","-96.875664","0","180"
"8/28/2026 2:53:05 AM","33.128357","-96.875664","0","179.9"
"8/28/2026 2:53:06 AM","33.128357","-96.875664","0","179.9"
"8/28/2026 2:53:07 AM","33.128357","-96.875664","0","179.9"
"8/28/2026 2:53:08 AM","33.128357","-96.875664","0","179.9"
"8/28/2026 2:53:09 AM","33.128357","-96.875664","0","179.9"
"8/28/2026 2:53:10 AM","33.128357","-96.875664","0","179.9"
"8/28/2026 2:53:11 AM","33.128357","-96.875664","0","179.8"
"8/28/2026 2:53:12 AM","33.128357","-96.875664","0","179.8"
"8/28/2026 2:53:13 AM","33.128357","-96.875664","0","179.8"
"8/28/2026 2:53:14 AM","33.128357","-96.875664","0","179.8"
"8/28/2026 2:53:15 AM","33.128357","-96.875664","0","179.8"
"8/28/2026 2:53:16 AM","33.128357","-96.875664","0","179.8"
"8/28/2026 2:53:17 AM","33.128357","-96.875664","0","179.8"
"8/28/2026 2:53:18 AM","33.128357","-96.875664","0","179.8"
"8/28/2026 2:53:19 AM","33.128357","-96.875664","0","179.8"
"8/28/2026 2:53:20 AM","33.128357","-96.875664","0","179.8"
"8/28/2026 2:53:21 AM","33.128361","-96.875664","0","179.8"
"8/28/2026 2:53:22 AM","33.128361","-96.875664","0","179.8"
"8/28/2026 2:53:23 AM","33.128357","-96.875664","0","179.8"
"8/28/2026 2:53:24 AM","33.128357","-96.875664","0","179.8"
"8/28/2026 2:53:25 AM","33.128357","-96.875664","0","179.9"
"8/28/2026 2:53:26 AM","33.128357","-96.875664","0","179.9"
"8/28/2026 2:53:27 AM","33.128357","-96.875664","0","179.9"
"8/28/2026 2:53:28 AM","33.128357","-96.875664","0","179.9"
"8/28/2026 2:53:29 AM","33.128357","-96.875664","0","179.9"
"8/28/2026 2:53:30 AM","33.128357","-96.875664","0","179.9"
"8/28/2026 2:53:31 AM","33.128357","-96.875664","0","179.9"
"8/28/2026 2:53:32 AM","33.128357","-96.875664","0","179.9"
"8/28/2026 2:53:33 AM","33.128357","-96.875664","0","179.9"
"8/28/2026 2:53:34 AM","33.128357","-96.875664","0","179.9"
"8/28/2026 2:53:35 AM","33.128357","-96.875664","0","179.9"
"8/28/2026 2:53:36 AM","33.128353","-96.875664","0","179.9"
"8/28/2026 2:53:37 AM","33.128353","-96.875664","0","179.9"
"8/28/2026 2:53:38 AM","33.128353","-96.875664","0","179.9"
"8/28/2026 2:53:39 AM","33.128353","-96.875664","0","179.9"
"8/28/2026 2:53:40 AM","33.128353","-96.875664","0","179.9"
"8/28/2026 2:53:41 AM","33.128353","-96.875664","0","179.9"
"8/28/2026 2:53:42 AM","33.128353","-96.875664","0","179.9"
"8/28/2026 2:53:43 AM","33.128349","-96.875664","0","179.8"
"8/28/2026 2:53:44 AM","33.128349","-96.875664","0","179.8"
"8/28/2026 2:53:45 AM","33.128349","-96.875664","0","179.9"
"8/28/2026 2:53:46 AM","33.128349","-96.875687","0","179.9"
"8/28/2026 2:53:47 AM","33.128349","-96.875687","0","179.9"
"8/28/2026 2:53:48 AM","33.128345","-96.875687","0","179.9"
"8/28/2026 2:53:49 AM","33.128345","-96.875687","0","179.9"
"8/28/2026 2:53:50 AM","33.128345","-96.875687","0","179.9"
"8/28/2026 2:53:51 AM","33.128345","-96.875687","0","179.9"
"8/28/2026 2:53:52 AM","33.128345","-96.875687","0","179.9"
"8/28/2026 2:53:53 AM","33.128345","-96.875687","0","180"
"8/28/2026 2:53:54 AM","33.128345","-96.875687","0","180"
"8/28/2026 2:53:55 AM","33.128345","-96.875687","0","180"
"8/28/2026 2:53:56 AM","33.128345","-96.875687","0","180"
"8/28/2026 2:53:57 AM","33.128345","-96.875687","0","180.1"
"8/28/2026 2:53:58 AM","33.128345","-96.875687","0","180.1"
"8/28/2026 2:53:59 AM","33.128345","-96.875687","0","180.1"
"8/28/2026 2:54:00 AM","33.128345","-96.875687","0","180.2"
"8/28/2026 2:54:01 AM","33.128345","-96.875687","0","180.2"
"8/28/2026 2:54:02 AM","33.128342","-96.875687","0","180.3"
"8/28/2026 2:54:03 AM","33.128342","-96.875687","0","180.3"
"8/28/2026 2:54:04 AM","33.128342","-96.875687","0","180.3"
"8/28/2026 2:54:05 AM","33.128342","-96.875664","0","180.3"
"8/28/2026 2:54:06 AM","33.128342","-96.875664","0","180.4"
"8/28/2026 2:54:07 AM","33.128342","-96.875664","0","180.4"
"8/28/2026 2:54:08 AM","33.128342","-96.875664","0","180.4"
"8/28/2026 2:54:09 AM","33.128342","-96.875664","0","180.3"
"8/28/2026 2:54:10 AM","33.128342","-96.875664","0","180.3"
"8/28/2026 2:54:11 AM","33.128342","-96.875664","0","180.3"
"8/28/2026 2:54:12 AM","33.128342","-96.875664","0","180.3"
"8/28/2026 2:54:13 AM","33.128342","-96.875664","0","180.4"
"8/28/2026 2:54:14 AM","33.128342","-96.875664","0","180.4"
"8/28/2026 2:54:15 AM","33.128342","-96.875664","0","180.4"
"8/28/2026 2:54:16 AM","33.128342","-96.875664","0","180.4"
"8/28/2026 2:54:17 AM","33.128338","-96.875664","0","180.4"
"8/28/2026 2:54:18 AM","33.128338","-96.875664","0","180.4"
"8/28/2026 2:54:19 AM","33.128338","-96.875664","0","180.5"
"8/28/2026 2:54:20 AM","33.128338","-96.875664","0","180.5"
"8/28/2026 2:54:21 AM","33.128338","-96.875664","0","180.5"
"8/28/2026 2:54:22 AM","33.128338","-96.875664","0","180.6"
"8/28/2026 2:54:23 AM","33.128338","-96.875664","0","180.6"
"8/28/2026 2:54:24 AM","33.128338","-96.875664","0","180.6"
"8/28/2026 2:54:25 AM","33.128338","-96.875664","0","180.6"
"8/28/2026 2:54:26 AM","33.128338","-96.875664","0","180.6"
"8/28/2026 2:54:27 AM","33.128338","-96.875664","0","180.7"
"8/28/2026 2:54:28 AM","33.128338","-96.875664","0","180.7"
"8/28/2026 2:54:29 AM","33.128338","-96.875664","0","180.7"
"8/28/2026 2:54:30 AM","33.128334","-96.875664","0","180.7"
"8/28/2026 2:54:31 AM","33.128334","-96.875664","0","180.7"
"8/28/2026 2:54:32 AM","33.128334","-96.875664","0","180.7"
"8/28/2026 2:54:33 AM","33.128334","-96.875664","0","180.7"
"8/28/2026 2:54:34 AM","33.128334","-96.875664","0","180.7"
"8/28/2026 2:54:35 AM","33.128334","-96.875664","0","180.7"
"8/28/2026 2:54:36 AM","33.128334","-96.875664","0","180.7"
"8/28/2026 2:54:37 AM","33.128334","-96.875664","0","180.7"
"8/28/2026 2:54:38 AM","33.128334","-96.875664","0","180.7"
"8/28/2026 2:54:39 AM","33.12833","-96.875664","0","180.6"
"8/28/2026 2:54:40 AM","33.12833","-96.875664","0","180.6"
"8/28/2026 2:54:41 AM","33.12833","-96.875664","0","180.6"
"8/28/2026 2:54:42 AM","33.12833","-96.875664","0","180.6"
"8/28/2026 2:54:43 AM","33.12833","-96.875664","0","180.6"
"8/28/2026 2:54:44 AM","33.128334","-96.875648","0","180.6"
"8/28/2026 2:54:45 AM","33.128334","-96.875648","0","180.6"
"8/28/2026 2:54:46 AM","33.128334","-96.875648","0","180.6"
"8/28/2026 2:54:47 AM","33.128334","-96.875648","0","180.6"
"8/28/2026 2:54:48 AM","33.12833","-96.875648","0","180.6"
"8/28/2026 2:54:49 AM","33.128334","-96.875648","0","180.6"
"8/28/2026 2:54:50 AM","33.128334","-96.875648","0","180.6"
"8/28/2026 2:54:51 AM","33.128334","-96.875648","0","180.6"
"8/28/2026 2:54:52 AM","33.128334","-96.875648","0","180.6"
"8/28/2026 2:54:53 AM","33.128334","-96.875648","0","180.6"
"8/28/2026 2:54:54 AM","33.128334","-96.875648","0","180.6"
"8/28/2026 2:54:55 AM","33.128334","-96.875648","0","180.6"
"8/28/2026 2:54:56 AM","33.128334","-96.875648","0","180.6"
"8/28/2026 2:54:57 AM","33.128334","-96.875648","0","180.6"
"8/28/2026 2:54:58 AM","33.128334","-96.875648","0","180.6"
"8/28/2026 2:54:59 AM","33.128334","-96.875648","0","180.6"
"8/28/2026 2:55:00 AM","33.128334","-96.875648","0","180.6"
"8/28/2026 2:55:01 AM","33.128334","-96.875648","0","180.6"
"8/28/2026 2:55:02 AM","33.128338","-96.875648","0","180.6"
"8/28/2026 2:55:03 AM","33.128338","-96.875648","1.147","180.6"
"8/28/2026 2:55:04 AM","33.128334","-96.875648","1.096","180.7"
"8/28/2026 2:55:05 AM","33.12833","-96.875648","1.151","180.7"
"8/28/2026 2:55:06 AM","33.12833","-96.875633","1.227","180.9"
"8/28/2026 2:55:07 AM","33.128323","-96.875633","1.275","181.1"
"8/28/2026 2:55:08 AM","33.128323","-96.875633","0","181.3"
"8/28/2026 2:55:09 AM","33.128319","-96.875633","0","181.4"
"8/28/2026 2:55:10 AM","33.128319","-96.875633","0","181.5"
"8/28/2026 2:55:11 AM","33.128319","-96.875633","0","181.4"
"8/28/2026 2:55:12 AM","33.128323","-96.875633","0","181.4"
"8/28/2026 2:55:13 AM","33.128323","-96.875633","0","181.5"
"8/28/2026 2:55:14 AM","33.12833","-96.875633","0","181.5"
"8/28/2026 2:55:15 AM","33.12833","-96.875633","0","181.6"
"8/28/2026 2:55:16 AM","33.12833","-96.875633","0","181.7"
"8/28/2026 2:55:17 AM","33.12833","-96.875633","0","181.7"
"8/28/2026 2:55:18 AM","33.12833","-96.875633","0","181.8"
"8/28/2026 2:55:19 AM","33.12833","-96.875633","0","181.8"
"8/28/2026 2:55:20 AM","33.12833","-96.875633","0","181.8"
"8/28/2026 2:55:21 AM","33.128334","-96.875633","0","181.9"
"8/28/2026 2:55:22 AM","33.128334","-96.875633","0","181.9"
"8/28/2026 2:55:23 AM","33.128334","-96.875633","0","182"
"8/28/2026 2:55:24 AM","33.128334","-96.875633","0","182"
"8/28/2026 2:55:25 AM","33.128334","-96.875633","0","182.1"
"8/28/2026 2:55:26 AM","33.12833","-96.875633","1.06","182.1"
"8/28/2026 2:55:27 AM","33.12833","-96.875633","0","182.2"
"8/28/2026 2:55:28 AM","33.12833","-96.875633","0","182.2"
"8/28/2026 2:55:29 AM","33.12833","-96.875633","0","182.3"
"8/28/2026 2:55:30 AM","33.12833","-96.875633","0","182.3"
"8/28/2026 2:55:31 AM","33.12833","-96.875633","0","182.4"
"8/28/2026 2:55:32 AM","33.128323","-96.875633","0","182.4"
"8/28/2026 2:55:33 AM","33.128323","-96.875633","0","182.4"
"8/28/2026 2:55:34 AM","33.128323","-96.875633","0","182.4"
"8/28/2026 2:55:35 AM","33.128323","-96.875633","0","182.4"
"8/28/2026 2:55:36 AM","33.128323","-96.875633","0","182.4"
"8/28/2026 2:55:37 AM","33.128323","-96.875633","0","182.4"
"8/28/2026 2:55:38 AM","33.128323","-96.875633","0","182.4"
"8/28/2026 2:55:39 AM","33.12833","-96.875633","0","182.4"
"8/28/2026 2:55:40 AM","33.12833","-96.875633","0","182.3"
"8/28/2026 2:55:41 AM","33.128338","-96.875633","1.199","182.3"
"8/28/2026 2:55:42 AM","33.128338","-96.875618","0","182.3"
"8/28/2026 2:55:43 AM","33.128342","-96.875618","0","182.3"
"8/28/2026 2:55:44 AM","33.128345","-96.875618","0","182.3"
"8/28/2026 2:55:45 AM","33.128345","-96.875618","0","182.3"
"8/28/2026 2:55:46 AM","33.128349","-96.875618","1.325","182.4"
"8/28/2026 2:55:47 AM","33.128357","-96.875618","1.573","182.4"
"8/28/2026 2:55:48 AM","33.128361","-96.875603","1.625","182.4"
"8/28/2026 2:55:49 AM","33.128368","-96.875603","1.678","182.4"
"8/28/2026 2:55:50 AM","33.128372","-96.875603","1.167","182.3"
"8/28/2026 2:55:51 AM","33.128376","-96.875603","0","182.4"
"8/28/2026 2:55:52 AM","33.12838","-96.875603","0","182.3"
"8/28/2026 2:55:53 AM","33.12838","-96.875603","0","182.3"
"8/28/2026 2:55:54 AM","33.12838","-96.875603","0","182.3"
"8/28/2026 2:55:55 AM","33.12838","-96.875603","0","182.3"
"8/28/2026 2:55:56 AM","33.12838","-96.875603","0","182.3"
"8/28/2026 2:55:57 AM","33.12838","-96.875603","0","182.3"
"8/28/2026 2:55:58 AM","33.12838","-96.875603","0","182.2"
"8/28/2026 2:56:00 AM","33.12838","-96.875603","0","182.2"
"8/28/2026 2:56:01 AM","33.12838","-96.875603","0","182.2"
"8/28/2026 2:56:02 AM","33.12838","-96.875603","0","182.2"
"8/28/2026 2:56:03 AM","33.12838","-96.875603","0","182.2"
"8/28/2026 2:56:04 AM","33.12838","-96.875603","0","182.2"
"8/28/2026 2:56:05 AM","33.12838","-96.875603","0","182.2"
"8/28/2026 2:56:06 AM","33.12838","-96.875603","0","182.2"
"8/28/2026 2:56:07 AM","33.12838","-96.875603","0","182.2"
"8/28/2026 2:56:08 AM","33.12838","-96.875603","0","182.2"
"8/28/2026 2:56:09 AM","33.12838","-96.875603","0","182.2"
"8/28/2026 2:56:10 AM","33.12838","-96.875603","1.528","182.2"
"8/28/2026 2:56:11 AM","33.128391","-96.875587","2.164","182.2"
"8/28/2026 2:56:12 AM","33.128403","-96.875587","2.217","182.1"
"8/28/2026 2:56:13 AM","33.128414","-96.875587","1.931","182.1"
"8/28/2026 2:56:14 AM","33.128418","-96.875587","1.149","182.1"
"8/28/2026 2:56:15 AM","33.128426","-96.875587","0","182"
"8/28/2026 2:56:16 AM","33.128426","-96.875587","0","182"
"8/28/2026 2:56:17 AM","33.128426","-96.875587","0","182"
"8/28/2026 2:56:18 AM","33.128426","-96.875587","0","182"
"8/28/2026 2:56:19 AM","33.128429","-96.875587","0","182"
"8/28/2026 2:56:20 AM","33.128429","-96.875587","0","182"
"8/28/2026 2:56:21 AM","33.128433","-96.875587","0","181.9"
"8/28/2026 2:56:22 AM","33.128437","-96.875587","0","182"
"8/28/2026 2:56:23 AM","33.128437","-96.875572","0","181.9"
"8/28/2026 2:56:24 AM","33.128445","-96.875572","1.569","182"
"8/28/2026 2:56:25 AM","33.128456","-96.875572","2.48","181.9"
"8/28/2026 2:56:26 AM","33.128468","-96.875572","3.006","182"
"8/28/2026 2:56:27 AM","33.128483","-96.875557","3.433","182"
"8/28/2026 2:56:28 AM","33.128494","-96.875557","3.741","182.1"
"8/28/2026 2:56:29 AM","33.128513","-96.875534","3.901","182.2"
"8/28/2026 2:56:30 AM","33.128532","-96.875534","3.921","182.3"
"8/28/2026 2:56:31 AM","33.128548","-96.875534","3.939","182.3"
"8/28/2026 2:56:32 AM","33.128563","-96.875519","4.003","182.2"
"8/28/2026 2:56:33 AM","33.128586","-96.875519","4.032","182.2"
"8/28/2026 2:56:34 AM","33.128601","-96.875504","4.08","182.1"
"8/28/2026 2:56:35 AM","33.12862","-96.875504","4.101","182.1"
"8/28/2026 2:56:36 AM","33.128643","-96.875504","4.105","182.2"
"8/28/2026 2:56:37 AM","33.128658","-96.875488","4.086","182.1"
"8/28/2026 2:56:38 AM","33.128677","-96.875488","3.841","182.1"
"8/28/2026 2:56:39 AM","33.128696","-96.875488","3.469","182"
"8/28/2026 2:56:40 AM","33.128712","-96.875488","3.149","181.9"
"8/28/2026 2:56:41 AM","33.128723","-96.875488","2.937","181.9"
"8/28/2026 2:56:42 AM","33.128738","-96.875504","3.203","181.8"
"8/28/2026 2:56:43 AM","33.12875","-96.875504","3.773","181.8"
"8/28/2026 2:56:44 AM","33.128769","-96.875519","4.072","181.8"
"8/28/2026 2:56:45 AM","33.12878","-96.875534","3.825","181.7"
"8/28/2026 2:56:46 AM","33.128788","-96.875557","4.399","181.5"
"8/28/2026 2:56:47 AM","33.128796","-96.875587","4.594","181.3"
"8/28/2026 2:56:48 AM","33.128799","-96.875603","4.62","181.1"
"8/28/2026 2:56:49 AM","33.128796","-96.875633","5.86","181"
"8/28/2026 2:56:50 AM","33.128792","-96.875664","6.519","181"
"8/28/2026 2:56:51 AM","33.128788","-96.875702","6.558","180.8"
"8/28/2026 2:56:52 AM","33.128784","-96.875748","7.374","180.5"
"8/28/2026 2:56:53 AM","33.12878","-96.875778","7.761","180"
"8/28/2026 2:56:54 AM","33.128784","-96.875832","7.558","179.7"
"8/28/2026 2:56:55 AM","33.128788","-96.875862","4.876","179.2"
"8/28/2026 2:56:56 AM","33.128796","-96.875877","3.712","179"
"8/28/2026 2:56:57 AM","33.128799","-96.875893","2.438","178.7"
"8/28/2026 2:56:58 AM","33.128811","-96.875908","3.185","178.6"
"8/28/2026 2:56:59 AM","33.12883","-96.875931","4.869","178.4"
"8/28/2026 2:57:00 AM","33.128853","-96.875931","6.339","178.3"
"8/28/2026 2:57:01 AM","33.128891","-96.875931","7.409","178.3"
"8/28/2026 2:57:02 AM","33.128925","-96.875931","8.665","178.4"
"8/28/2026 2:57:03 AM","33.128971","-96.875931","9.066","178.7"
"8/28/2026 2:57:04 AM","33.129017","-96.875931","9.026","178.8"
"8/28/2026 2:57:05 AM","33.129055","-96.875931","7.607","178.9"
"8/28/2026 2:57:06 AM","33.129086","-96.875931","5.74","178.9"
"8/28/2026 2:57:07 AM","33.129108","-96.875931","3.821","179"
"8/28/2026 2:57:08 AM","33.129128","-96.875931","3.152","179"
"8/28/2026 2:57:09 AM","33.129139","-96.875931","2.8","179"
"8/28/2026 2:57:10 AM","33.129154","-96.875931","3.791","179.1"
"8/28/2026 2:57:11 AM","33.129169","-96.875946","4.787","179.1"
"8/28/2026 2:57:12 AM","33.129192","-96.875961","6.388","179.1"
"8/28/2026 2:57:13 AM","33.129211","-96.875992","7.883","179.1"
"8/28/2026 2:57:14 AM","33.129219","-96.876045","9.198","179.1"
"8/28/2026 2:57:15 AM","33.129223","-96.876091","9.968","179.2"
"8/28/2026 2:57:16 AM","33.129223","-96.876152","11.88","179.2"
"8/28/2026 2:57:17 AM","33.129219","-96.876236","12.985","179.3"
"8/28/2026 2:57:18 AM","33.129215","-96.876305","14.183","179.2"
"8/28/2026 2:57:19 AM","33.129211","-96.876381","15.5","179.1"
"8/28/2026 2:57:20 AM","33.129211","-96.87648","16.535","179"
"8/28/2026 2:57:21 AM","33.129211","-96.876579","17.382","179"
"8/28/2026 2:57:22 AM","33.129211","-96.876678","18.52","179.1"
"8/28/2026 2:57:23 AM","33.129211","-96.876778","19.579","179.3"
"8/28/2026 2:57:24 AM","33.129215","-96.876884","20.266","179.5"
"8/28/2026 2:57:25 AM","33.129219","-96.876999","20.775","179.7"
"8/28/2026 2:57:26 AM","33.129227","-96.877113","21.209","179.8"
"8/28/2026 2:57:27 AM","33.12923","-96.877228","21.671","179.8"
"8/28/2026 2:57:28 AM","33.129238","-96.877357","22.282","179.9"
"8/28/2026 2:57:29 AM","33.129246","-96.877487","22.922","180"
"8/28/2026 2:57:30 AM","33.12925","-96.877617","23.51","180.1"
"8/28/2026 2:57:31 AM","33.129253","-96.877754","23.992","180.1"
"8/28/2026 2:57:32 AM","33.129257","-96.877884","24.453","180.2"
"8/28/2026 2:57:33 AM","33.129261","-96.878014","24.878","180.2"
"8/28/2026 2:57:34 AM","33.129261","-96.878159","25.222","180.2"
"8/28/2026 2:57:35 AM","33.129265","-96.878304","25.64","180"
"8/28/2026 2:57:36 AM","33.129265","-96.878433","26.054","179.8"
"8/28/2026 2:57:37 AM","33.129265","-96.878578","26.294","179.7"
"8/28/2026 2:57:38 AM","33.129265","-96.878731","26.251","179.5"
"8/28/2026 2:57:39 AM","33.129269","-96.878876","26.408","179.3"
"8/28/2026 2:57:40 AM","33.129272","-96.879021","26.714","179.1"
"8/28/2026 2:57:41 AM","33.12928","-96.879181","26.907","178.9"
"8/28/2026 2:57:42 AM","33.129284","-96.879326","27.097","178.8"
"8/28/2026 2:57:43 AM","33.129288","-96.879478","27.439","178.7"
"8/28/2026 2:57:44 AM","33.129295","-96.879623","27.842","178.5"
"8/28/2026 2:57:45 AM","33.129295","-96.879784","28.305","178.3"
"8/28/2026 2:57:46 AM","33.129299","-96.879951","28.48","177.9"
"8/28/2026 2:57:47 AM","33.129307","-96.880096","28.463","177.7"
"8/28/2026 2:57:48 AM","33.129314","-96.880257","28.135","177.9"
"8/28/2026 2:57:49 AM","33.129314","-96.880402","27.529","178.2"
"8/28/2026 2:57:50 AM","33.129322","-96.880569","26.847","178.7"
"8/28/2026 2:57:51 AM","33.129326","-96.880714","25.894","179.2"
"8/28/2026 2:57:52 AM","33.12933","-96.880844","25.049","179.7"
"8/28/2026 2:57:53 AM","33.129333","-96.880989","24.691","180.1"
"8/28/2026 2:57:54 AM","33.129337","-96.881119","24.112","180.4"
"8/28/2026 2:57:55 AM","33.129341","-96.881233","22.368","180.8"
"8/28/2026 2:57:56 AM","33.129341","-96.881348","18.948","181.2"
"8/28/2026 2:57:57 AM","33.129345","-96.881447","15.869","181.5"
"8/28/2026 2:57:58 AM","33.129349","-96.881523","11.31","181.8"
"8/28/2026 2:57:59 AM","33.129356","-96.881577","7.48","182"
"8/28/2026 2:58:00 AM","33.129368","-96.881607","3.879","182.1"
"8/28/2026 2:58:01 AM","33.129372","-96.881607","0","182.2"
"8/28/2026 2:58:02 AM","33.129372","-96.881622","0","182.2"
"8/28/2026 2:58:03 AM","33.129379","-96.881638","3.806","182.4"
"8/28/2026 2:58:04 AM","33.129398","-96.88166","6.462","182.3"
"8/28/2026 2:58:05 AM","33.129429","-96.881676","9.044","181.9"
"8/28/2026 2:58:06 AM","33.129471","-96.881691","10.652","181.7"
"8/28/2026 2:58:07 AM","33.129532","-96.881691","13.246","181.3"
"8/28/2026 2:58:08 AM","33.129597","-96.881691","15.096","181.6"
"8/28/2026 2:58:09 AM","33.129681","-96.881691","17.725","181.9"
"8/28/2026 2:58:10 AM","33.129765","-96.881691","19.329","182"
"8/28/2026 2:58:11 AM","33.129864","-96.881691","20.927","182.1"
"8/28/2026 2:58:12 AM","33.129967","-96.881691","22.318","182.3"
"8/28/2026 2:58:13 AM","33.130077","-96.881676","23.656","182.5"
"8/28/2026 2:58:14 AM","33.130192","-96.881676","24.751","182.8"
"8/28/2026 2:58:15 AM","33.13031","-96.881676","25.291","183"
"8/28/2026 2:58:16 AM","33.130432","-96.881676","25.449","183.2"
"8/28/2026 2:58:17 AM","33.13055","-96.881676","25.223","183.4"
"8/28/2026 2:58:18 AM","33.130669","-96.881676","24.68","183.7"
"8/28/2026 2:58:19 AM","33.130787","-96.881676","25.322","183.8"
"8/28/2026 2:58:20 AM","33.130905","-96.881676","26.156","184.1"
"8/28/2026 2:58:21 AM","33.131031","-96.881691","27.091","184.5"
"8/28/2026 2:58:22 AM","33.131157","-96.881706","27.746","184.9"
"8/28/2026 2:58:23 AM","33.13129","-96.881721","28.435","185.2"
"8/28/2026 2:58:24 AM","33.131424","-96.881737","28.728","185.6"
"8/28/2026 2:58:25 AM","33.131557","-96.881752","28.798","185.9"
"8/28/2026 2:58:26 AM","33.131695","-96.881767","28.779","186.3"
"8/28/2026 2:58:27 AM","33.131828","-96.88179","29.097","186.7"
"8/28/2026 2:58:28 AM","33.131966","-96.881805","29.554","187"
"8/28/2026 2:58:29 AM","33.132103","-96.881805","29.54","187.2"
"8/28/2026 2:58:30 AM","33.13224","-96.881805","29.187","187.4"
"8/28/2026 2:58:31 AM","33.132374","-96.881805","29.11","187.3"
"8/28/2026 2:58:32 AM","33.132511","-96.881805","29.083","187.3"
"8/28/2026 2:58:33 AM","33.132641","-96.88179","28.61","187.1"
"8/28/2026 2:58:34 AM","33.132774","-96.881767","29.038","186.8"
"8/28/2026 2:58:35 AM","33.132912","-96.881737","29.42","186.5"
"8/28/2026 2:58:36 AM","33.133049","-96.881721","29.582","186.2"
"8/28/2026 2:58:37 AM","33.133179","-96.881676","29.303","185.7"
"8/28/2026 2:58:38 AM","33.133308","-96.881638","29.474","185.4"
"8/28/2026 2:58:39 AM","33.133438","-96.881577","29.562","185"
"8/28/2026 2:58:40 AM","33.133564","-96.881523","29.513","184.5"
"8/28/2026 2:58:41 AM","33.13369","-96.881477","29.009","184.3"
"8/28/2026 2:58:42 AM","33.133812","-96.881416","28.805","184"
"8/28/2026 2:58:43 AM","33.133934","-96.881332","28.82","183.7"
"8/28/2026 2:58:44 AM","33.134052","-96.881264","28.789","183.5"
"8/28/2026 2:58:45 AM","33.134167","-96.881187","28.618","183.4"
"8/28/2026 2:58:46 AM","33.134277","-96.881104","28.423","183.3"
"8/28/2026 2:58:47 AM","33.134388","-96.881004","28.14","183.2"
"8/28/2026 2:58:48 AM","33.134495","-96.880928","27.93","183.1"
"8/28/2026 2:58:49 AM","33.134594","-96.880829","27.773","182.9"
"8/28/2026 2:58:50 AM","33.134693","-96.88073","27.96","182.8"
"8/28/2026 2:58:51 AM","33.134789","-96.88063","28.22","182.8"
"8/28/2026 2:58:52 AM","33.134884","-96.880516","28.286","182.7"
"8/28/2026 2:58:53 AM","33.134975","-96.880402","28.275","182.8"
"8/28/2026 2:58:54 AM","33.135067","-96.880287","27.813","182.9"
"8/28/2026 2:58:55 AM","33.135147","-96.880173","28.102","182.9"
"8/28/2026 2:58:56 AM","33.13522","-96.880043","27.482","183"
"8/28/2026 2:58:57 AM","33.135296","-96.879929","27.524","183.1"
"8/28/2026 2:58:58 AM","33.135368","-96.879799","27.541","183.2"
"8/28/2026 2:58:59 AM","33.135437","-96.879669","27.509","183.3"
"8/28/2026 2:59:00 AM","33.135506","-96.879539","27.217","183.4"
"8/28/2026 2:59:01 AM","33.135567","-96.87941","27.027","183.3"
"8/28/2026 2:59:02 AM","33.135628","-96.87928","26.529","183.3"
"8/28/2026 2:59:03 AM","33.135685","-96.87915","25.713","183.3"
"8/28/2026 2:59:04 AM","33.135738","-96.879036","24.113","183.1"
"8/28/2026 2:59:05 AM","33.135792","-96.878922","22.234","183"
"8/28/2026 2:59:06 AM","33.135841","-96.878807","21.066","182.8"
"8/28/2026 2:59:07 AM","33.135887","-96.878708","20.26","182.7"
"8/28/2026 2:59:08 AM","33.135933","-96.878616","19.272","182.5"
"8/28/2026 2:59:09 AM","33.135975","-96.878532","17.996","182.3"
"8/28/2026 2:59:10 AM","33.136013","-96.878448","17.25","182"
"8/28/2026 2:59:11 AM","33.136051","-96.878372","15.698","181.8"
"8/28/2026 2:59:12 AM","33.136086","-96.878304","13.957","181.6"
"8/28/2026 2:59:13 AM","33.136108","-96.878242","10.893","181.5"
"8/28/2026 2:59:14 AM","33.136131","-96.878204","9.073","181.4"
"8/28/2026 2:59:15 AM","33.13615","-96.878159","8.022","181.3"
"8/28/2026 2:59:16 AM","33.136166","-96.878128","8.016","181.1"
"8/28/2026 2:59:17 AM","33.136181","-96.87809","8.979","180.9"
"8/28/2026 2:59:18 AM","33.136215","-96.878044","12.119","180.9"
"8/28/2026 2:59:19 AM","33.136253","-96.877998","13.496","180.9"
"8/28/2026 2:59:20 AM","33.136314","-96.87796","15.037","180.8"
"8/28/2026 2:59:21 AM","33.136387","-96.87796","15.733","180.9"
"8/28/2026 2:59:22 AM","33.136459","-96.87796","15.769","180.9"
"8/28/2026 2:59:23 AM","33.136528","-96.877998","16.104","180.8"
"8/28/2026 2:59:24 AM","33.1366","-96.878029","18.149","180.8"
"8/28/2026 2:59:25 AM","33.136677","-96.878075","19.513","180.7"
"8/28/2026 2:59:26 AM","33.136765","-96.878143","21.41","180.5"
"8/28/2026 2:59:27 AM","33.136852","-96.878204","22.901","180.5"
"8/28/2026 2:59:28 AM","33.136951","-96.878273","23.88","180.4"
"8/28/2026 2:59:29 AM","33.137051","-96.878334","24.708","180.3"
"8/28/2026 2:59:30 AM","33.137154","-96.878403","25.639","180.2"
"8/28/2026 2:59:31 AM","33.13726","-96.878487","26.558","180"
"8/28/2026 2:59:32 AM","33.137371","-96.878548","27.33","179.9"
"8/28/2026 2:59:33 AM","33.137478","-96.878632","27.978","179.7"
"8/28/2026 2:59:34 AM","33.137596","-96.878708","28.856","179.6"
"8/28/2026 2:59:35 AM","33.137718","-96.878792","29.722","179.5"
"8/28/2026 2:59:36 AM","33.13784","-96.878876","30.457","179.4"
"8/28/2026 2:59:37 AM","33.137974","-96.878952","31.483","179.2"
"8/28/2026 2:59:38 AM","33.138107","-96.879036","32.5","178.9"
"8/28/2026 2:59:39 AM","33.138241","-96.879135","33.42","178.7"
"8/28/2026 2:59:40 AM","33.138378","-96.879219","34.108","178.6"
"8/28/2026 2:59:41 AM","33.138523","-96.879311","34.651","178.6"
"8/28/2026 2:59:42 AM","33.13866","-96.87941","35.08","178.6"
"8/28/2026 2:59:43 AM","33.138805","-96.879509","35.778","178.7"
"8/28/2026 2:59:44 AM","33.138954","-96.879608","36.235","178.7"
"8/28/2026 2:59:45 AM","33.139103","-96.879723","36.429","178.8"
"8/28/2026 2:59:46 AM","33.139248","-96.879814","36.599","178.8"
"8/28/2026 2:59:47 AM","33.1394","-96.879913","36.849","179"
"8/28/2026 2:59:48 AM","33.139553","-96.880013","37.092","179.1"
"8/28/2026 2:59:49 AM","33.139706","-96.880112","37.255","179.2"
"8/28/2026 2:59:50 AM","33.139854","-96.880211","37.414","179.3"
"8/28/2026 2:59:51 AM","33.140007","-96.880325","37.417","179.5"
"8/28/2026 2:59:52 AM","33.140156","-96.880417","37.141","179.7"
"8/28/2026 2:59:53 AM","33.140312","-96.880516","36.849","179.8"
"8/28/2026 2:59:54 AM","33.140457","-96.880615","36.458","180"
"8/28/2026 2:59:55 AM","33.140606","-96.880714","36.015","180.2"
"8/28/2026 2:59:56 AM","33.140755","-96.880814","35.779","180.3"
"8/28/2026 2:59:57 AM","33.140903","-96.88089","35.338","180.5"
"8/28/2026 2:59:58 AM","33.141048","-96.880974","34.716","180.6"
"8/28/2026 2:59:59 AM","33.141186","-96.881073","34.353","180.8"
"8/28/2026 3:00:00 AM","33.141323","-96.881172","34.278","181"
"8/28/2026 3:00:01 AM","33.141464","-96.881264","34.247","181.1"
"8/28/2026 3:00:02 AM","33.141602","-96.881348","34.203","181.2"
"8/28/2026 3:00:03 AM","33.141739","-96.881447","33.864","181.3"
"8/28/2026 3:00:04 AM","33.14188","-96.881523","33.915","181.4"
"8/28/2026 3:00:05 AM","33.142014","-96.881622","33.258","181.6"
"8/28/2026 3:00:06 AM","33.142147","-96.881721","33.423","181.7"
"8/28/2026 3:00:07 AM","33.142277","-96.881821","33.753","181.8"
"8/28/2026 3:00:08 AM","33.142406","-96.88192","33.7","181.9"
"8/28/2026 3:00:09 AM","33.142532","-96.882034","33.108","181.9"
"8/28/2026 3:00:10 AM","33.142654","-96.882149","33.326","181.7"
"8/28/2026 3:00:11 AM","33.142769","-96.882256","33.316","181.6"
"8/28/2026 3:00:12 AM","33.142883","-96.882393","33.08","181.5"
"8/28/2026 3:00:13 AM","33.142998","-96.8825","33.605","181.4"
"8/28/2026 3:00:14 AM","33.143112","-96.882637","34.121","181.3"
"8/28/2026 3:00:15 AM","33.143227","-96.882767","34.689","181.1"
"8/28/2026 3:00:16 AM","33.14333","-96.882912","35.065","180.9"
"8/28/2026 3:00:17 AM","33.143436","-96.883057","35.264","180.7"
"8/28/2026 3:00:18 AM","33.143539","-96.883202","35.33","180.5"
"8/28/2026 3:00:19 AM","33.143639","-96.883369","35.334","180.2"
"8/28/2026 3:00:20 AM","33.143734","-96.88353","34.863","180"
"8/28/2026 3:00:21 AM","33.143822","-96.883675","35.172","179.8"
"8/28/2026 3:00:22 AM","33.143909","-96.883835","34.447","179.8"
"8/28/2026 3:00:23 AM","33.14399","-96.884003","34.482","179.8"
"8/28/2026 3:00:24 AM","33.144062","-96.884163","34.503","179.8"
"8/28/2026 3:00:25 AM","33.144138","-96.884346","34.402","179.8"
"8/28/2026 3:00:26 AM","33.144211","-96.884521","35.484","179.8"
"8/28/2026 3:00:27 AM","33.144276","-96.884697","35.917","179.8"
"8/28/2026 3:00:28 AM","33.144341","-96.88488","36.225","179.7"
"8/28/2026 3:00:29 AM","33.144402","-96.885078","36.233","179.7"
"8/28/2026 3:00:30 AM","33.144459","-96.885254","36.209","179.7"
"8/28/2026 3:00:31 AM","33.144508","-96.885452","36.011","179.7"
"8/28/2026 3:00:32 AM","33.14455","-96.885643","35.55","179.8"
"8/28/2026 3:00:33 AM","33.144596","-96.885826","33.95","179.8"
"8/28/2026 3:00:34 AM","33.144634","-96.886002","30.455","179.9"
"8/28/2026 3:00:35 AM","33.144665","-96.886147","26.046","179.9"
"8/28/2026 3:00:36 AM","33.144691","-96.886276","21.172","180.2"
"8/28/2026 3:00:37 AM","33.144707","-96.886375","18.583","179.5"
"8/28/2026 3:00:38 AM","33.144714","-96.886475","13.021","179.4"
"8/28/2026 3:00:39 AM","33.144722","-96.88652","8.942","179.2"
"8/28/2026 3:00:40 AM","33.144733","-96.886559","7.359","179"
"8/28/2026 3:00:41 AM","33.144756","-96.886589","7.164","178.8"
"8/28/2026 3:00:42 AM","33.144791","-96.886604","8.92","178.3"
"8/28/2026 3:00:43 AM","33.144836","-96.886604","10.503","178.1"
"8/28/2026 3:00:44 AM","33.14489","-96.886604","12.442","178"
"8/28/2026 3:00:45 AM","33.144947","-96.886589","13.651","178.9"
"8/28/2026 3:00:46 AM","33.145016","-96.886574","16.278","179.1"
"8/28/2026 3:00:47 AM","33.145096","-96.886574","17.449","179.4"
"8/28/2026 3:00:48 AM","33.14518","-96.886559","18.762","179.6"
"8/28/2026 3:00:49 AM","33.145267","-96.886543","19.793","179.8"
"8/28/2026 3:00:50 AM","33.145363","-96.88652","20.553","180"
"8/28/2026 3:00:51 AM","33.145462","-96.886505","20.861","180.1"
"8/28/2026 3:00:52 AM","33.145557","-96.88649","20.635","180.3"
"8/28/2026 3:00:53 AM","33.145649","-96.88649","19.349","180.5"
"8/28/2026 3:00:54 AM","33.145737","-96.886475","17.02","180.6"
"8/28/2026 3:00:55 AM","33.145809","-96.886475","14.495","180.6"
"8/28/2026 3:00:56 AM","33.14587","-96.886475","11.677","180.7"
"8/28/2026 3:00:57 AM","33.145916","-96.886475","8.332","180.6"
"8/28/2026 3:00:58 AM","33.145947","-96.886475","7.045","180.8"
"8/28/2026 3:00:59 AM","33.145977","-96.886475","5.469","180.9"
"8/28/2026 3:01:00 AM","33.145996","-96.886475","4.533","180.9"
"8/28/2026 3:01:01 AM","33.146015","-96.88649","4.888","180.9"
"8/28/2026 3:01:02 AM","33.146038","-96.886505","6.99","180.8"
"8/28/2026 3:01:03 AM","33.146065","-96.88652","7.989","180.7"
"8/28/2026 3:01:04 AM","33.146084","-96.886559","8.418","180.6"
"8/28/2026 3:01:05 AM","33.146099","-96.886604","9.166","180.7"
"8/28/2026 3:01:06 AM","33.146103","-96.88665","9.39","180.7"
"8/28/2026 3:01:07 AM","33.146099","-96.886719","10.204","180.7"
"8/28/2026 3:01:08 AM","33.146091","-96.886765","9.967","180.6"
"8/28/2026 3:01:09 AM","33.146084","-96.886818","9.247","180.6"
"8/28/2026 3:01:10 AM","33.146084","-96.886864","7.095","180.4"
"8/28/2026 3:01:11 AM","33.146084","-96.886894","4.045","180.2"
"8/28/2026 3:01:12 AM","33.146095","-96.886917","4.282","180"
"8/28/2026 3:01:13 AM","33.146107","-96.886932","5.229","179.7"
"8/28/2026 3:01:14 AM","33.146126","-96.886948","6.451","179.3"
"8/28/2026 3:01:15 AM","33.14616","-96.886963","7.673","178.8"
"8/28/2026 3:01:16 AM","33.146194","-96.886963","9.008","178.6"
"8/28/2026 3:01:17 AM","33.14624","-96.886963","10.584","178.6"
"8/28/2026 3:01:18 AM","33.14629","-96.886963","11.324","179"
"8/28/2026 3:01:19 AM","33.146343","-96.886963","11.265","179.2"
"8/28/2026 3:01:20 AM","33.146397","-96.886963","10.468","179.4"
"8/28/2026 3:01:21 AM","33.146439","-96.886963","9.553","179.5"
"8/28/2026 3:01:22 AM","33.146484","-96.886948","8.866","179.6"
"8/28/2026 3:01:23 AM","33.146526","-96.886948","8.233","179.8"
"8/28/2026 3:01:24 AM","33.146557","-96.886948","5.904","179.8"
"8/28/2026 3:01:25 AM","33.14658","-96.886948","2.154","179.9"
"8/28/2026 3:01:26 AM","33.146584","-96.886948","0","179.9"
"8/28/2026 3:01:27 AM","33.146587","-96.886948","0","179.9"
"8/28/2026 3:01:28 AM","33.146587","-96.886948","0","179.9"
"8/28/2026 3:01:29 AM","33.146595","-96.886948","0","179.9"
"8/28/2026 3:01:30 AM","33.14661","-96.886948","0","180.1"
"8/28/2026 3:01:31 AM","33.146626","-96.886948","0","180.2"
"8/28/2026 3:01:32 AM","33.146645","-96.886948","3.473","180.4"
"8/28/2026 3:01:33 AM","33.14666","-96.886948","3.536","180.6"
"8/28/2026 3:01:34 AM","33.146675","-96.886948","3.594","180.7"
"8/28/2026 3:01:35 AM","33.14669","-96.886948","3.388","180.8"
"8/28/2026 3:01:36 AM","33.146706","-96.886948","2.412","181"
"8/28/2026 3:01:37 AM","33.146713","-96.886948","1.385","181.1"
"8/28/2026 3:01:38 AM","33.146717","-96.886948","0","181.1"
"8/28/2026 3:01:39 AM","33.146717","-96.886948","0","181.2"
"8/28/2026 3:01:40 AM","33.146717","-96.886948","0","181.2"
"8/28/2026 3:01:41 AM","33.146717","-96.886948","0","181.3"
"8/28/2026 3:01:42 AM","33.146717","-96.886948","0","181.3"
"8/28/2026 3:01:43 AM","33.146717","-96.886948","0","181.4"
"8/28/2026 3:01:44 AM","33.146721","-96.886948","2.047","181.4"
"8/28/2026 3:01:45 AM","33.146729","-96.886948","2.73","181.5"
"8/28/2026 3:01:46 AM","33.14674","-96.886963","2.917","181.7"
"8/28/2026 3:01:47 AM","33.146748","-96.886963","2.916","181.8"
"8/28/2026 3:01:48 AM","33.146751","-96.886978","2.316","181.9"
"8/28/2026 3:01:49 AM","33.146755","-96.886993","1.459","181.8"
"8/28/2026 3:01:50 AM","33.146755","-96.886993","0","181.9"
"8/28/2026 3:01:51 AM","33.146755","-96.886993","0","181.8"
"8/28/2026 3:01:52 AM","33.146751","-96.886993","0","181.9"
"8/28/2026 3:01:53 AM","33.146748","-96.886978","0.978","181.9"
"8/28/2026 3:01:54 AM","33.146744","-96.886978","0.996","181.8"
"8/28/2026 3:01:55 AM","33.14674","-96.886978","1.039","181.8"
"8/28/2026 3:01:56 AM","33.146736","-96.886978","1.051","181.8"
"8/28/2026 3:01:57 AM","33.146736","-96.886978","0","181.8"
"8/28/2026 3:01:58 AM","33.146736","-96.886963","0","181.7"
"8/28/2026 3:01:59 AM","33.146732","-96.886963","0","181.7"
"8/28/2026 3:02:00 AM","33.146732","-96.886963","0","181.8"
"8/28/2026 3:02:01 AM","33.146732","-96.886978","1.401","181.7"
"8/28/2026 3:02:02 AM","33.146729","-96.886978","1.47","181.7"
"8/28/2026 3:02:03 AM","33.146725","-96.886978","1.11","181.7"
"8/28/2026 3:02:04 AM","33.146725","-96.886978","0","181.7"
"8/28/2026 3:02:05 AM","33.146721","-96.886978","0","181.8"
"8/28/2026 3:02:06 AM","33.146717","-96.886978","0","181.7"
"8/28/2026 3:02:07 AM","33.146717","-96.886993","0","181.8"
"8/28/2026 3:02:08 AM","33.146717","-96.886993","0","181.8"
"8/28/2026 3:02:09 AM","33.146713","-96.886993","0","181.8"
"8/28/2026 3:02:10 AM","33.146713","-96.886993","0","181.8"
"8/28/2026 3:02:11 AM","33.146709","-96.886993","0","181.9"
"8/28/2026 3:02:12 AM","33.146709","-96.886993","0","181.9"
"8/28/2026 3:02:13 AM","33.146702","-96.886993","1.266","181.9"
"8/28/2026 3:02:14 AM","33.146702","-96.886993","1.914","181.9"
"8/28/2026 3:02:15 AM","33.146687","-96.886993","1.921","181.9"
"8/28/2026 3:02:16 AM","33.146683","-96.886993","1.947","181.9"
"8/28/2026 3:02:17 AM","33.146671","-96.886993","2.549","181.8"
"8/28/2026 3:02:18 AM","33.146656","-96.886993","2.595","181.8"
"8/28/2026 3:02:19 AM","33.146645","-96.886993","1.647","181.7"
"8/28/2026 3:02:20 AM","33.146645","-96.886993","0","181.6"
"8/28/2026 3:02:21 AM","33.146645","-96.886993","0","181.6"
"8/28/2026 3:02:22 AM","33.146641","-96.886993","0","181.6"
"8/28/2026 3:02:23 AM","33.146633","-96.886978","1.772","181.6"
"8/28/2026 3:02:24 AM","33.146626","-96.886978","2.651","181.6"
"8/28/2026 3:02:25 AM","33.14661","-96.886978","3.029","181.5"
"8/28/2026 3:02:26 AM","33.146595","-96.886993","3.092","181.6"
"8/28/2026 3:02:27 AM","33.146584","-96.886993","3.062","181.6"
"8/28/2026 3:02:28 AM","33.146564","-96.886993","2.683","181.6"
"8/28/2026 3:02:29 AM","33.146553","-96.886993","2.268","181.6"
"8/28/2026 3:02:30 AM","33.146545","-96.886993","1.383","181.6"
"8/28/2026 3:02:31 AM","33.146542","-96.886993","0","181.7"
"8/28/2026 3:02:32 AM","33.146542","-96.886978","0","181.6"
"8/28/2026 3:02:33 AM","33.146538","-96.886978","0","181.6"
"8/28/2026 3:02:34 AM","33.146538","-96.886978","0","181.6"
"8/28/2026 3:02:35 AM","33.146538","-96.886978","0","181.6"
"8/28/2026 3:02:36 AM","33.146534","-96.886978","0","181.6"
"8/28/2026 3:02:37 AM","33.146534","-96.886978","0","181.6"
"8/28/2026 3:02:38 AM","33.146534","-96.886978","0","181.6"
"8/28/2026 3:02:39 AM","33.146534","-96.886978","0","181.6"
"8/28/2026 3:02:40 AM","33.146534","-96.886978","0","181.6"
"8/28/2026 3:02:41 AM","33.146534","-96.886978","0","181.6"
"8/28/2026 3:02:42 AM","33.146534","-96.886978","0","181.6"
"8/28/2026 3:02:43 AM","33.146534","-96.886978","0","181.6"
"8/28/2026 3:02:44 AM","33.146534","-96.886978","0","181.6"
"8/28/2026 3:02:45 AM","33.146534","-96.886993","0","181.6"
"8/28/2026 3:02:46 AM","33.146534","-96.886993","0","181.6"
"8/28/2026 3:02:47 AM","33.146534","-96.886993","0","181.6"
"8/28/2026 3:02:48 AM","33.146534","-96.886993","0","181.6"
"8/28/2026 3:02:49 AM","33.14653","-96.886993","0","181.6"
"8/28/2026 3:02:50 AM","33.14653","-96.886993","0","181.7"
"8/28/2026 3:02:51 AM","33.14653","-96.886993","0","181.7"
"8/28/2026 3:02:52 AM","33.14653","-96.886993","0","181.7"
"8/28/2026 3:02:53 AM","33.14653","-96.886993","0","181.7"
"8/28/2026 3:02:54 AM","33.14653","-96.886993","0","181.8"
"8/28/2026 3:02:55 AM","33.14653","-96.886993","0","181.8"
"8/28/2026 3:02:56 AM","33.14653","-96.886993","0","181.8"
"8/28/2026 3:02:57 AM","33.14653","-96.886993","0","181.8"
"8/28/2026 3:02:58 AM","33.14653","-96.886993","0","181.8"
"8/28/2026 3:02:59 AM","33.146526","-96.886993","0","181.9"
"8/28/2026 3:03:00 AM","33.146526","-96.886993","0","181.9"
"8/28/2026 3:03:01 AM","33.146526","-96.886993","0","181.9"
"8/28/2026 3:03:02 AM","33.146526","-96.886993","0","181.9"
"8/28/2026 3:03:03 AM","33.146526","-96.886993","0","181.9"
"8/28/2026 3:03:04 AM","33.146526","-96.886993","0","181.9"
"8/28/2026 3:03:05 AM","33.146526","-96.886993","0","181.9"
"8/28/2026 3:03:06 AM","33.146526","-96.886993","0","181.8"
"8/28/2026 3:03:07 AM","33.146526","-96.886993","0","181.8"
"8/28/2026 3:03:08 AM","33.146526","-96.886993","0","181.8"
"8/28/2026 3:03:09 AM","33.146526","-96.886993","0","181.8"
"8/28/2026 3:03:10 AM","33.146526","-96.886993","0","181.7"
"8/28/2026 3:03:11 AM","33.146526","-96.886993","0","181.7"
"8/28/2026 3:03:12 AM","33.146526","-96.886993","0","181.6"
"8/28/2026 3:03:13 AM","33.14653","-96.886993","0","181.6"
"8/28/2026 3:03:14 AM","33.14653","-96.886993","0","181.5"
"8/28/2026 3:03:15 AM","33.14653","-96.886993","0","181.5"
"8/28/2026 3:03:16 AM","33.14653","-96.886993","0","181.4"
"8/28/2026 3:03:17 AM","33.14653","-96.886993","0","181.4"
"8/28/2026 3:03:18 AM","33.14653","-96.886993","0","181.4"
"8/28/2026 3:03:19 AM","33.14653","-96.886993","0","181.3"
"8/28/2026 3:03:20 AM","33.14653","-96.886993","0","181.3"
"8/28/2026 3:03:21 AM","33.14653","-96.886978","0","181.3"
"8/28/2026 3:03:22 AM","33.14653","-96.886978","0","181.3"
"8/28/2026 3:03:23 AM","33.14653","-96.886978","0","181.3"
"8/28/2026 3:03:24 AM","33.14653","-96.886978","0","181.3"
"8/28/2026 3:03:25 AM","33.146534","-96.886978","0","181.2"
"8/28/2026 3:03:26 AM","33.146534","-96.886978","0","181.3"
"8/28/2026 3:03:27 AM","33.146534","-96.886978","0","181.3"
"8/28/2026 3:03:28 AM","33.146534","-96.886978","0","181.3"
"8/28/2026 3:03:29 AM","33.146534","-96.886978","0","181.3"
"8/28/2026 3:03:30 AM","33.146534","-96.886978","0","181.3"
"8/28/2026 3:03:31 AM","33.146534","-96.886978","0","181.3"
"8/28/2026 3:03:32 AM","33.146534","-96.886978","0","181.3"
"8/28/2026 3:03:33 AM","33.146534","-96.886978","0","181.4"
"8/28/2026 3:03:34 AM","33.146534","-96.886978","0","181.4"
"8/28/2026 3:03:35 AM","33.146534","-96.886978","0","181.4"
"8/28/2026 3:03:36 AM","33.146534","-96.886978","0","181.4"
"8/28/2026 3:03:37 AM","33.146534","-96.886978","0","181.4"
"8/28/2026 3:03:38 AM","33.146534","-96.886978","0","181.4"
"8/28/2026 3:03:39 AM","33.146534","-96.886978","0","181.5"
"8/28/2026 3:03:40 AM","33.146534","-96.886993","0","181.5"
"8/28/2026 3:03:41 AM","33.146534","-96.886993","0","181.5"
"8/28/2026 3:03:42 AM","33.146534","-96.886993","0","181.5"
"8/28/2026 3:03:43 AM","33.146534","-96.886993","0","181.6"
"8/28/2026 3:03:44 AM","33.146534","-96.886993","0","181.6"
"8/28/2026 3:03:45 AM","33.146534","-96.886993","0","181.6"
"8/28/2026 3:03:46 AM","33.146534","-96.886993","0","181.6"
"8/28/2026 3:03:47 AM","33.146534","-96.886993","0","181.6"
"8/28/2026 3:03:48 AM","33.146534","-96.886993","0","181.7"
"8/28/2026 3:03:49 AM","33.146534","-96.886993","0","181.7"
"8/28/2026 3:03:50 AM","33.146534","-96.886993","0","181.7"
"8/28/2026 3:03:51 AM","33.146534","-96.886993","0","181.7"
"8/28/2026 3:03:52 AM","33.146534","-96.886993","0","181.7"
"8/28/2026 3:03:53 AM","33.146534","-96.886993","0","181.7"
"8/28/2026 3:03:54 AM","33.146534","-96.886993","0","181.7"
"8/28/2026 3:03:55 AM","33.146534","-96.886993","0","181.7"
"8/28/2026 3:03:56 AM","33.146534","-96.886993","0","181.7"
"8/28/2026 3:03:57 AM","33.146534","-96.886993","0","181.7"
"8/28/2026 3:03:58 AM","33.146534","-96.886993","0","181.7"
"8/28/2026 3:03:59 AM","33.146534","-96.886993","0","181.7"
"8/28/2026 3:04:00 AM","33.146534","-96.886993","0","181.7"
"8/28/2026 3:04:01 AM","33.146534","-96.886993","0","181.7"
"8/28/2026 3:04:02 AM","33.146534","-96.886993","0","181.7"
"8/28/2026 3:04:03 AM","33.146534","-96.886993","0","181.7"
"8/28/2026 3:04:04 AM","33.146534","-96.886993","0","181.7"
"8/28/2026 3:04:05 AM","33.146534","-96.886993","0","181.7"
"8/28/2026 3:04:06 AM","33.146534","-96.886993","0","181.7"
"8/28/2026 3:04:07 AM","33.146534","-96.886993","0","181.7"
"8/28/2026 3:04:08 AM","33.146538","-96.886993","0","181.7"
"8/28/2026 3:04:09 AM","33.146538","-96.886993","0","181.6"
"8/28/2026 3:04:10 AM","33.146538","-96.886993","0","181.6"
"8/28/2026 3:04:11 AM","33.146538","-96.886993","0","181.6"
"8/28/2026 3:04:12 AM","33.146538","-96.886993","0","181.5"
"8/28/2026 3:04:13 AM","33.146538","-96.886993","0","181.5"
"8/28/2026 3:04:14 AM","33.146538","-96.886993","0","181.4"
"8/28/2026 3:04:15 AM","33.146538","-96.887009","0","181.4"
"8/28/2026 3:04:16 AM","33.146538","-96.887009","0","181.4"
"8/28/2026 3:04:17 AM","33.146538","-96.887009","0","181.3"
"8/28/2026 3:04:18 AM","33.146538","-96.887009","0","181.3"
"8/28/2026 3:04:19 AM","33.146538","-96.887009","0","181.3"
"8/28/2026 3:04:20 AM","33.146538","-96.887009","0","181.2"
"8/28/2026 3:04:21 AM","33.146538","-96.887009","0","181.2"
"8/28/2026 3:04:22 AM","33.146538","-96.887009","0","181.2"
"8/28/2026 3:04:23 AM","33.146538","-96.887009","0","181.2"
"8/28/2026 3:04:24 AM","33.146538","-96.887009","0","181.2"
"8/28/2026 3:04:25 AM","33.146538","-96.887009","0","181.2"
"8/28/2026 3:04:26 AM","33.146538","-96.887009","0","181.2"
"8/28/2026 3:04:27 AM","33.146538","-96.887009","0","181.2"
"8/28/2026 3:04:28 AM","33.146538","-96.887009","0","181.1"
"8/28/2026 3:04:29 AM","33.146542","-96.887009","0","181.1"
"8/28/2026 3:04:30 AM","33.146542","-96.887009","0","181.1"
"8/28/2026 3:04:31 AM","33.146542","-96.887009","0","181"
"8/28/2026 3:04:32 AM","33.146542","-96.887009","0","181"
"8/28/2026 3:04:33 AM","33.146542","-96.887009","0","181"
"8/28/2026 3:04:34 AM","33.146542","-96.887009","0","181"
"8/28/2026 3:04:35 AM","33.146542","-96.887009","0","181"
"8/28/2026 3:04:36 AM","33.146542","-96.887009","0","181"
"8/28/2026 3:04:37 AM","33.146542","-96.887009","0","181"
"8/28/2026 3:04:38 AM","33.146542","-96.887009","0","181"
"8/28/2026 3:04:39 AM","33.146542","-96.887009","0","181"
"8/28/2026 3:04:40 AM","33.146542","-96.887009","0","181"
"8/28/2026 3:04:41 AM","33.146542","-96.887009","0","181"
"8/28/2026 3:04:42 AM","33.146542","-96.887009","0","181"
"8/28/2026 3:04:43 AM","33.146542","-96.887009","0","181"
"8/28/2026 3:04:44 AM","33.146542","-96.887009","0","181.1"
"8/28/2026 3:04:45 AM","33.146542","-96.887009","0","181.1"
"8/28/2026 3:04:46 AM","33.146542","-96.887009","0","181.1"
"8/28/2026 3:04:47 AM","33.146542","-96.887009","0","181.1"
"8/28/2026 3:04:48 AM","33.146542","-96.887009","0","181.2"
"8/28/2026 3:04:49 AM","33.146542","-96.887009","0","181.2"
"8/28/2026 3:04:50 AM","33.146542","-96.887009","0","181.2"
"8/28/2026 3:04:51 AM","33.146542","-96.887009","0","181.2"
"8/28/2026 3:04:52 AM","33.146538","-96.887009","0","181.2"
"8/28/2026 3:04:53 AM","33.146538","-96.887009","0","181.2"
"8/28/2026 3:04:54 AM","33.146538","-96.887009","0","181.2"
"8/28/2026 3:04:55 AM","33.146538","-96.887009","0","181.2"
"8/28/2026 3:04:56 AM","33.146538","-96.887009","0","181.2"
"8/28/2026 3:04:57 AM","33.146538","-96.887009","0","181.2"
"8/28/2026 3:04:58 AM","33.146538","-96.887009","0","181.2"
"8/28/2026 3:04:59 AM","33.146534","-96.887009","0","181.1"
"8/28/2026 3:05:00 AM","33.146534","-96.887009","0","181.1"
"8/28/2026 3:05:01 AM","33.146534","-96.887009","0","181.1"
"8/28/2026 3:05:02 AM","33.146534","-96.887009","0","181.1"
"8/28/2026 3:05:03 AM","33.146534","-96.887009","0","181"
"8/28/2026 3:05:04 AM","33.146534","-96.887009","0","181"
"8/28/2026 3:05:05 AM","33.146534","-96.887009","0","181"
"8/28/2026 3:05:06 AM","33.146534","-96.887009","0","181"
"8/28/2026 3:05:07 AM","33.146534","-96.887009","0","181"
"8/28/2026 3:05:08 AM","33.146534","-96.887009","0","181"
"8/28/2026 3:05:09 AM","33.146534","-96.887009","0","181"
"8/28/2026 3:05:10 AM","33.146534","-96.887009","0","180.9"
"8/28/2026 3:05:11 AM","33.146534","-96.887009","0","180.9"
"8/28/2026 3:05:12 AM","33.146534","-96.887009","0","180.9"
"8/28/2026 3:05:13 AM","33.146534","-96.887009","0","180.9"
"8/28/2026 3:05:14 AM","33.14653","-96.887009","0","180.9"
"8/28/2026 3:05:15 AM","33.14653","-96.887009","0","180.9"
"8/28/2026 3:05:16 AM","33.14653","-96.887009","0","180.9"
"8/28/2026 3:05:17 AM","33.14653","-96.887009","0","180.9"
"8/28/2026 3:05:18 AM","33.14653","-96.887009","0","180.8"
"8/28/2026 3:05:19 AM","33.14653","-96.887009","0","180.8"
"8/28/2026 3:05:20 AM","33.14653","-96.887009","0","180.8"
"8/28/2026 3:05:21 AM","33.146526","-96.887009","0","180.8"
"8/28/2026 3:05:22 AM","33.146526","-96.887009","0","180.8"
"8/28/2026 3:05:23 AM","33.146526","-96.887009","0","180.8"
"8/28/2026 3:05:24 AM","33.146526","-96.887009","0","180.8"
"8/28/2026 3:05:25 AM","33.146526","-96.887009","0","180.8"
"8/28/2026 3:05:26 AM","33.146526","-96.887009","0","180.8"
"8/28/2026 3:05:27 AM","33.146526","-96.887009","0","180.8"
"8/28/2026 3:05:28 AM","33.146526","-96.887009","0","180.8"
"8/28/2026 3:05:29 AM","33.146526","-96.887009","0","180.9"
"8/28/2026 3:05:30 AM","33.146526","-96.887009","0","180.9"
"8/28/2026 3:05:31 AM","33.146526","-96.887009","0","180.9"
"8/28/2026 3:05:32 AM","33.146526","-96.887009","0","180.9"
"8/28/2026 3:05:33 AM","33.146526","-96.887009","0","180.9"
"8/28/2026 3:05:34 AM","33.146526","-96.887009","0","180.9"
"8/28/2026 3:05:35 AM","33.146526","-96.887009","0","180.9"
"8/28/2026 3:05:36 AM","33.146526","-96.887009","0","180.9"
"8/28/2026 3:05:37 AM","33.146526","-96.887009","0","180.9"
"8/28/2026 3:05:38 AM","33.146526","-96.886993","0","180.9"
"8/28/2026 3:05:39 AM","33.146526","-96.886993","0","180.9"
"8/28/2026 3:05:40 AM","33.146526","-96.886993","0","180.9"
"8/28/2026 3:05:41 AM","33.146526","-96.886993","0","180.9"
"8/28/2026 3:05:42 AM","33.146526","-96.886993","0","180.9"
"8/28/2026 3:05:43 AM","33.146526","-96.886993","0","180.9"
"8/28/2026 3:05:44 AM","33.146526","-96.886993","0","180.9"
"8/28/2026 3:05:45 AM","33.146526","-96.886993","0","180.9"
"8/28/2026 3:05:46 AM","33.146526","-96.886993","0","180.9"
"8/28/2026 3:05:47 AM","33.146526","-96.886993","0","180.9"
"8/28/2026 3:05:48 AM","33.146526","-96.886993","0","180.9"
"8/28/2026 3:05:49 AM","33.146526","-96.886993","0","180.9"
"8/28/2026 3:05:50 AM","33.146526","-96.886993","0","180.9"
"8/28/2026 3:05:51 AM","33.14653","-96.886993","0","180.8"
"8/28/2026 3:05:52 AM","33.14653","-96.886993","0","180.8"
"8/28/2026 3:05:53 AM","33.14653","-96.886993","0","180.8"
"8/28/2026 3:05:54 AM","33.14653","-96.886993","0","180.8"
"8/28/2026 3:05:55 AM","33.14653","-96.886993","0","180.8"
"8/28/2026 3:05:56 AM","33.14653","-96.886993","0","180.8"
"8/28/2026 3:05:57 AM","33.14653","-96.886993","0","180.8"
"8/28/2026 3:05:58 AM","33.14653","-96.886993","0","180.8"
"8/28/2026 3:05:59 AM","33.14653","-96.886993","0","180.8"
"8/28/2026 3:06:00 AM","33.14653","-96.886993","0","180.8"
"8/28/2026 3:06:01 AM","33.14653","-96.886993","0","180.8"
"8/28/2026 3:06:02 AM","33.14653","-96.886993","0","180.8"
"8/28/2026 3:06:03 AM","33.14653","-96.886993","0","180.8"
"8/28/2026 3:06:04 AM","33.14653","-96.886993","0","180.9"
"8/28/2026 3:06:05 AM","33.14653","-96.886993","0","180.9"
"8/28/2026 3:06:06 AM","33.14653","-96.886993","0","180.9"
"8/28/2026 3:06:07 AM","33.14653","-96.886993","0","181"
"8/28/2026 3:06:08 AM","33.14653","-96.886993","0","181"
"8/28/2026 3:06:09 AM","33.14653","-96.886993","0","181"
"8/28/2026 3:06:10 AM","33.14653","-96.886993","0","180.9"
"8/28/2026 3:06:11 AM","33.14653","-96.886993","0","180.9"
"8/28/2026 3:06:12 AM","33.14653","-96.886993","0","180.9"
"8/28/2026 3:06:13 AM","33.14653","-96.886993","0","180.9"
"8/28/2026 3:06:14 AM","33.14653","-96.886993","0","180.9"
"8/28/2026 3:06:15 AM","33.14653","-96.886993","0","180.9"
"8/28/2026 3:06:16 AM","33.14653","-96.886993","0","180.9"
"8/28/2026 3:06:17 AM","33.14653","-96.886993","0","180.9"
"8/28/2026 3:06:18 AM","33.14653","-96.886993","0","180.9"
"8/28/2026 3:06:19 AM","33.14653","-96.886993","0","180.8"
"8/28/2026 3:06:20 AM","33.14653","-96.886993","0","180.8"
"8/28/2026 3:06:21 AM","33.14653","-96.887009","0","180.8"
"8/28/2026 3:06:22 AM","33.14653","-96.887009","0","180.8"
"8/28/2026 3:06:23 AM","33.14653","-96.887009","0","180.8"
"8/28/2026 3:06:24 AM","33.14653","-96.887009","0","180.8"
"8/28/2026 3:06:25 AM","33.14653","-96.887009","0","180.7"
"8/28/2026 3:06:26 AM","33.14653","-96.887009","0","180.7"
"8/28/2026 3:06:27 AM","33.14653","-96.887009","0","180.7"
"8/28/2026 3:06:28 AM","33.146534","-96.887009","0","180.7"
"8/28/2026 3:06:29 AM","33.146534","-96.887009","0","180.7"
"8/28/2026 3:06:30 AM","33.146534","-96.887009","0","180.6"
"8/28/2026 3:06:31 AM","33.146534","-96.887009","0","180.6"
"8/28/2026 3:06:32 AM","33.146534","-96.887009","0","180.6"
"8/28/2026 3:06:33 AM","33.146534","-96.887009","0","180.6"
"8/28/2026 3:06:34 AM","33.146534","-96.887009","0","180.6"
"8/28/2026 3:06:35 AM","33.146534","-96.887009","0","180.6"
"8/28/2026 3:06:36 AM","33.146534","-96.887009","0","180.5"
"8/28/2026 3:06:37 AM","33.146534","-96.887009","0","180.5"
"8/28/2026 3:06:38 AM","33.146534","-96.887009","0","180.5"
"8/28/2026 3:06:39 AM","33.146534","-96.887009","0","180.5"
"8/28/2026 3:06:40 AM","33.146534","-96.887009","0","180.4"
"8/28/2026 3:06:41 AM","33.146534","-96.887009","0","180.4"
"8/28/2026 3:06:42 AM","33.146534","-96.887009","0","180.4"
"8/28/2026 3:06:43 AM","33.146534","-96.887009","0","180.4"
"8/28/2026 3:06:44 AM","33.146534","-96.887009","0","180.3"
"8/28/2026 3:06:45 AM","33.146534","-96.887009","0","180.3"
"8/28/2026 3:06:46 AM","33.146534","-96.887009","0","180.3"
"8/28/2026 3:06:47 AM","33.146534","-96.887009","0","180.3"
"8/28/2026 3:06:48 AM","33.146534","-96.887009","0","180.3"
"8/28/2026 3:06:49 AM","33.146534","-96.887009","0","180.3"
"8/28/2026 3:06:50 AM","33.146534","-96.887009","0","180.3"
"8/28/2026 3:06:51 AM","33.146534","-96.887009","0","180.3"
"8/28/2026 3:06:52 AM","33.146534","-96.887009","0","180.2"
"8/28/2026 3:06:53 AM","33.146534","-96.887009","0","180.2"
"8/28/2026 3:06:54 AM","33.146534","-96.887009","0","180.2"
"8/28/2026 3:06:55 AM","33.146534","-96.887009","0","180.2"
"8/28/2026 3:06:56 AM","33.146534","-96.887009","0","180.1"
"8/28/2026 3:06:57 AM","33.146534","-96.887009","0","180.1"
"8/28/2026 3:06:58 AM","33.146534","-96.887009","0","180.1"
"8/28/2026 3:06:59 AM","33.146534","-96.887009","0","180"
"8/28/2026 3:07:00 AM","33.146534","-96.887009","0","180"
"8/28/2026 3:07:01 AM","33.146534","-96.887009","0","180"
"8/28/2026 3:07:02 AM","33.146534","-96.887009","0","180"
"8/28/2026 3:07:03 AM","33.146534","-96.887009","0","179.9"
"8/28/2026 3:07:04 AM","33.146534","-96.887009","0","179.9"
"8/28/2026 3:07:05 AM","33.146534","-96.887009","0","179.9"
"8/28/2026 3:07:06 AM","33.146534","-96.886993","0","179.8"
"8/28/2026 3:07:07 AM","33.146534","-96.886993","0","179.8"
"8/28/2026 3:07:08 AM","33.146534","-96.886993","0","179.8"
"8/28/2026 3:07:09 AM","33.146534","-96.886993","0","179.7"
"8/28/2026 3:07:10 AM","33.146534","-96.886993","0","179.7"
"8/28/2026 3:07:11 AM","33.146534","-96.886993","0","179.7"
"8/28/2026 3:07:12 AM","33.146534","-96.886993","0","179.6"
"8/28/2026 3:07:13 AM","33.146534","-96.886993","0","179.6"
"8/28/2026 3:07:14 AM","33.146534","-96.886993","0","179.6"
"8/28/2026 3:07:15 AM","33.146534","-96.886993","0","179.5"
"8/28/2026 3:07:16 AM","33.146534","-96.886993","0","179.5"
"8/28/2026 3:07:17 AM","33.146534","-96.886993","0","179.5"
"8/28/2026 3:07:18 AM","33.146534","-96.886993","0","179.5"
"8/28/2026 3:07:19 AM","33.146534","-96.886993","0","179.5"
"8/28/2026 3:07:20 AM","33.14653","-96.886993","0","179.4"
"8/28/2026 3:07:21 AM","33.14653","-96.886993","0","179.4"
"8/28/2026 3:07:22 AM","33.14653","-96.886993","0","179.4"
"8/28/2026 3:07:23 AM","33.14653","-96.886993","0","179.4"
"8/28/2026 3:07:24 AM","33.14653","-96.886993","0","179.3"
"8/28/2026 3:07:25 AM","33.14653","-96.886993","0","179.3"
"8/28/2026 3:07:26 AM","33.14653","-96.886993","0","179.3"
"8/28/2026 3:07:27 AM","33.14653","-96.886993","0","179.3"
"8/28/2026 3:07:28 AM","33.14653","-96.886993","0","179.3"
"8/28/2026 3:07:29 AM","33.14653","-96.886993","0","179.3"
"8/28/2026 3:07:30 AM","33.14653","-96.886993","0","179.4"
"8/28/2026 3:07:31 AM","33.14653","-96.886993","0","179.4"
"8/28/2026 3:07:32 AM","33.14653","-96.886993","0","179.4"
"8/28/2026 3:07:33 AM","33.146534","-96.886993","0","179.5"
"8/28/2026 3:07:34 AM","33.146534","-96.886993","0","179.5"
"8/28/2026 3:07:35 AM","33.146534","-96.886993","0","179.6"
"8/28/2026 3:07:36 AM","33.146534","-96.886993","0","179.6"
"8/28/2026 3:07:37 AM","33.146534","-96.886993","0","179.6"
"8/28/2026 3:07:38 AM","33.146534","-96.886993","0","179.6"
"8/28/2026 3:07:39 AM","33.146534","-96.886993","0","179.6"
"8/28/2026 3:07:40 AM","33.146534","-96.886993","0","179.6"
"8/28/2026 3:07:41 AM","33.146534","-96.886993","0","179.6"
"8/28/2026 3:07:42 AM","33.146534","-96.886993","0","179.6"
"8/28/2026 3:07:43 AM","33.146534","-96.886993","0","179.6"
"8/28/2026 3:07:44 AM","33.146534","-96.886993","0","179.6"
"8/28/2026 3:07:45 AM","33.146534","-96.886993","0","179.6"
"8/28/2026 3:07:46 AM","33.146534","-96.886993","0","179.6"
"8/28/2026 3:07:47 AM","33.146534","-96.886993","0","179.6"
"8/28/2026 3:07:48 AM","33.146534","-96.886993","0","179.6"
"8/28/2026 3:07:49 AM","33.146534","-96.886993","0","179.6"
"8/28/2026 3:07:50 AM","33.146534","-96.886993","0","179.6"
"8/28/2026 3:07:51 AM","33.146534","-96.886993","0","179.6"
"8/28/2026 3:07:52 AM","33.146534","-96.886993","0","179.6"
"8/28/2026 3:07:53 AM","33.146534","-96.886993","0","179.6"
"8/28/2026 3:07:54 AM","33.146534","-96.886993","0","179.6"
"8/28/2026 3:07:55 AM","33.146534","-96.886993","0","179.6"
"8/28/2026 3:07:56 AM","33.146534","-96.886993","0","179.6"
"8/28/2026 3:07:57 AM","33.146534","-96.886993","0","179.6"
"8/28/2026 3:07:58 AM","33.146534","-96.886993","0","179.5"
"8/28/2026 3:07:59 AM","33.146534","-96.886993","0","179.5"
"8/28/2026 3:08:00 AM","33.146534","-96.886993","0","179.5"
"8/28/2026 3:08:01 AM","33.146534","-96.886993","0","179.5"
"8/28/2026 3:08:02 AM","33.146534","-96.886993","0","179.5"
"8/28/2026 3:08:03 AM","33.146534","-96.886993","0","179.5"
"8/28/2026 3:08:04 AM","33.146534","-96.886978","0","179.5"
"8/28/2026 3:08:05 AM","33.146534","-96.886978","0","179.5"
"8/28/2026 3:08:06 AM","33.146534","-96.886978","0","179.5"
"8/28/2026 3:08:07 AM","33.146534","-96.886978","0","179.5"
"8/28/2026 3:08:08 AM","33.146534","-96.886978","0","179.5"
"8/28/2026 3:08:09 AM","33.146534","-96.886978","0","179.5"
"8/28/2026 3:08:10 AM","33.146534","-96.886978","0","179.5"
"8/28/2026 3:08:11 AM","33.146534","-96.886978","0","179.5"
"8/28/2026 3:08:12 AM","33.146534","-96.886978","0","179.5"
"8/28/2026 3:08:13 AM","33.146534","-96.886978","0","179.5"
"8/28/2026 3:08:14 AM","33.146534","-96.886978","0","179.5"
"8/28/2026 3:08:15 AM","33.146534","-96.886978","0","179.5"
"8/28/2026 3:08:16 AM","33.146534","-96.886978","0","179.5"
"8/28/2026 3:08:17 AM","33.146534","-96.886978","0","179.5"
"8/28/2026 3:08:18 AM","33.146534","-96.886978","0","179.5"
"8/28/2026 3:08:19 AM","33.146534","-96.886978","0","179.5"
"8/28/2026 3:08:20 AM","33.146534","-96.886978","0","179.5"
"8/28/2026 3:08:21 AM","33.146534","-96.886978","0","179.5"
"8/28/2026 3:08:22 AM","33.146534","-96.886978","0","179.5"
"8/28/2026 3:08:23 AM","33.146534","-96.886978","0","179.5"
"8/28/2026 3:08:24 AM","33.146534","-96.886978","0","179.6"
"8/28/2026 3:08:25 AM","33.146534","-96.886978","0","179.6"
"8/28/2026 3:08:26 AM","33.146534","-96.886978","0","179.6"
"8/28/2026 3:08:27 AM","33.146534","-96.886978","0","179.7"
"8/28/2026 3:08:28 AM","33.146534","-96.886978","0","179.7"
"8/28/2026 3:08:29 AM","33.146534","-96.886978","0","179.7"
"8/28/2026 3:08:30 AM","33.146534","-96.886978","0","179.8"
"8/28/2026 3:08:31 AM","33.146534","-96.886993","0","179.8"
"8/28/2026 3:08:32 AM","33.146534","-96.886993","0","179.8"
"8/28/2026 3:08:33 AM","33.146534","-96.886993","0","179.9"
"8/28/2026 3:08:34 AM","33.146534","-96.886993","0","179.9"
"8/28/2026 3:08:35 AM","33.146534","-96.886993","0","179.9"
"8/28/2026 3:08:36 AM","33.146534","-96.886993","0","179.9"
"8/28/2026 3:08:37 AM","33.146534","-96.886993","0","180"
"8/28/2026 3:08:38 AM","33.146534","-96.886993","0","180"
"8/28/2026 3:08:39 AM","33.146534","-96.886993","0","180"
"8/28/2026 3:08:40 AM","33.146534","-96.886993","0","180.1"
"8/28/2026 3:08:41 AM","33.146534","-96.886993","0","180.1"
"8/28/2026 3:08:42 AM","33.146534","-96.886993","0","180.2"
"8/28/2026 3:08:43 AM","33.146534","-96.886993","0","180.2"
"8/28/2026 3:08:44 AM","33.146534","-96.886993","0","180.3"
"8/28/2026 3:08:45 AM","33.146534","-96.886993","0","180.3"
"8/28/2026 3:08:46 AM","33.146534","-96.886993","0","180.4"
"8/28/2026 3:08:47 AM","33.146534","-96.886993","0","180.4"
"8/28/2026 3:08:48 AM","33.146534","-96.886993","0","180.5"
"8/28/2026 3:08:49 AM","33.146534","-96.886993","0","180.5"
"8/28/2026 3:08:50 AM","33.146538","-96.886993","0","180.6"
"8/28/2026 3:08:51 AM","33.146538","-96.886993","0","180.6"
"8/28/2026 3:08:52 AM","33.146538","-96.886993","0","180.7"
"8/28/2026 3:08:53 AM","33.146538","-96.886993","0","180.7"
"8/28/2026 3:08:54 AM","33.146538","-96.886993","0","180.8"
"8/28/2026 3:08:55 AM","33.146538","-96.886993","0","180.8"
"8/28/2026 3:08:56 AM","33.146538","-96.886993","0","180.8"
"8/28/2026 3:08:57 AM","33.146538","-96.886993","0","180.9"
"8/28/2026 3:08:58 AM","33.146542","-96.886993","0","180.9"
"8/28/2026 3:08:59 AM","33.146542","-96.886993","0","180.9"
"8/28/2026 3:09:00 AM","33.146542","-96.887009","0","180.9"
"8/28/2026 3:09:01 AM","33.146542","-96.887009","0","181"
"8/28/2026 3:09:02 AM","33.146542","-96.887009","0","181"
"8/28/2026 3:09:03 AM","33.146542","-96.887009","0","181"
"8/28/2026 3:09:04 AM","33.146542","-96.887009","0","181.1"
"8/28/2026 3:09:05 AM","33.146542","-96.886993","0","181.1"
"8/28/2026 3:09:06 AM","33.146542","-96.886993","0","181.1"
"8/28/2026 3:09:07 AM","33.146545","-96.886993","0","181.2"
"8/28/2026 3:09:08 AM","33.146545","-96.886993","0","181.2"
"8/28/2026 3:09:09 AM","33.146545","-96.886993","0","181.2"
"8/28/2026 3:09:10 AM","33.146545","-96.886993","0","181.3"
"8/28/2026 3:09:11 AM","33.146545","-96.886993","0","181.3"
"8/28/2026 3:09:12 AM","33.146545","-96.886993","0","181.3"
"8/28/2026 3:09:13 AM","33.146545","-96.886993","0","181.4"
"8/28/2026 3:09:14 AM","33.146545","-96.886993","0","181.4"
"8/28/2026 3:09:15 AM","33.146545","-96.886993","0","181.4"
"8/28/2026 3:09:16 AM","33.146545","-96.886993","0","181.5"
"8/28/2026 3:09:17 AM","33.146545","-96.886993","0","181.5"
"8/28/2026 3:09:18 AM","33.146545","-96.886993","0","181.6"
"8/28/2026 3:09:19 AM","33.146545","-96.886993","0","181.6"
"8/28/2026 3:09:20 AM","33.146545","-96.886993","0","181.6"
"8/28/2026 3:09:21 AM","33.146545","-96.886993","0","181.7"
"8/28/2026 3:09:22 AM","33.146542","-96.886993","0","181.7"
"8/28/2026 3:09:23 AM","33.146542","-96.886993","0","181.7"
"8/28/2026 3:09:24 AM","33.146542","-96.886993","0","181.7"
"8/28/2026 3:09:25 AM","33.146542","-96.886993","0","181.6"
"8/28/2026 3:09:26 AM","33.146542","-96.886993","0","181.6"
"8/28/2026 3:09:27 AM","33.146542","-96.886993","0","181.6"
"8/28/2026 3:09:28 AM","33.146542","-96.886993","0","181.6"
"8/28/2026 3:09:29 AM","33.146542","-96.886993","0","181.6"
"8/28/2026 3:09:30 AM","33.146542","-96.886993","0","181.6"
"8/28/2026 3:09:31 AM","33.146542","-96.886993","0","181.6"
"8/28/2026 3:09:32 AM","33.146542","-96.886993","0","181.6"
"8/28/2026 3:09:33 AM","33.146538","-96.886993","0","181.6"
"8/28/2026 3:09:34 AM","33.146538","-96.886993","0","181.6"
"8/28/2026 3:09:35 AM","33.146538","-96.886993","0","181.6"
"8/28/2026 3:09:36 AM","33.146538","-96.886993","0","181.6"
"8/28/2026 3:09:37 AM","33.146538","-96.886993","0","181.6"
"8/28/2026 3:09:38 AM","33.146538","-96.886993","0","181.6"
"8/28/2026 3:09:39 AM","33.146538","-96.886993","0","181.6"
"8/28/2026 3:09:40 AM","33.146538","-96.886993","0","181.6"
"8/28/2026 3:09:41 AM","33.146538","-96.886993","0","181.6"
"8/28/2026 3:09:42 AM","33.146538","-96.886993","0","181.6"
"8/28/2026 3:09:43 AM","33.146538","-96.886993","0","181.6"
"8/28/2026 3:09:44 AM","33.146538","-96.886993","0","181.7"
"8/28/2026 3:09:45 AM","33.146538","-96.886993","0","181.6"
"8/28/2026 3:09:46 AM","33.146542","-96.886993","0","181.7"
"8/28/2026 3:09:47 AM","33.146542","-96.886993","0","181.6"
"8/28/2026 3:09:48 AM","33.146542","-96.886993","0","181.7"
"8/28/2026 3:09:49 AM","33.146542","-96.886993","0","181.6"
"8/28/2026 3:09:50 AM","33.146542","-96.886993","0","181.7"
"8/28/2026 3:09:51 AM","33.146542","-96.886993","0","181.6"
"8/28/2026 3:09:52 AM","33.146542","-96.886993","0","181.6"
"8/28/2026 3:09:53 AM","33.146542","-96.886993","0","181.6"
"8/28/2026 3:09:54 AM","33.146542","-96.886993","0","181.6"
"8/28/2026 3:09:55 AM","33.146542","-96.886993","0","181.6"
"8/28/2026 3:09:56 AM","33.146542","-96.886993","0","181.6"
"8/28/2026 3:09:57 AM","33.146542","-96.886993","0","181.6"
"8/28/2026 3:09:58 AM","33.146542","-96.886993","0","181.6"
"8/28/2026 3:09:59 AM","33.146542","-96.886978","0","181.6"
"8/28/2026 3:10:00 AM","33.146542","-96.886978","0","181.6"
"8/28/2026 3:10:01 AM","33.146542","-96.886978","0","181.6"
"8/28/2026 3:10:02 AM","33.146542","-96.886978","0","181.6"
"8/28/2026 3:10:03 AM","33.146542","-96.886978","0","181.7"
"8/28/2026 3:10:04 AM","33.146542","-96.886978","0","181.7"
"8/28/2026 3:10:05 AM","33.146542","-96.886978","0","181.7"
"8/28/2026 3:10:06 AM","33.146542","-96.886978","0","181.7"
"8/28/2026 3:10:07 AM","33.146542","-96.886978","0","181.7"
"8/28/2026 3:10:08 AM","33.146542","-96.886978","0","181.7"
"8/28/2026 3:10:09 AM","33.146542","-96.886978","0","181.7"
"8/28/2026 3:10:10 AM","33.146542","-96.886978","0","181.7"
"8/28/2026 3:10:11 AM","33.146542","-96.886978","0","181.7"
"8/28/2026 3:10:12 AM","33.146542","-96.886978","0","181.7"
"8/28/2026 3:10:13 AM","33.146538","-96.886978","0","181.7"
"8/28/2026 3:10:14 AM","33.146538","-96.886978","0","181.7"
"8/28/2026 3:10:15 AM","33.146538","-96.886978","0","181.6"
"8/28/2026 3:10:16 AM","33.146538","-96.886978","0","181.6"
"8/28/2026 3:10:17 AM","33.146538","-96.886978","0","181.6"
"8/28/2026 3:10:18 AM","33.146538","-96.886993","0","181.6"
"8/28/2026 3:10:19 AM","33.146538","-96.886993","0","181.6"
"8/28/2026 3:10:20 AM","33.146538","-96.886993","0","181.5"
"8/28/2026 3:10:21 AM","33.146538","-96.886993","0","181.5"
"8/28/2026 3:10:22 AM","33.146538","-96.886993","0","181.5"
"8/28/2026 3:10:23 AM","33.146538","-96.886993","0","181.5"
"8/28/2026 3:10:24 AM","33.146534","-96.886993","0","181.5"
"8/28/2026 3:10:25 AM","33.146534","-96.886993","0","181.4"
"8/28/2026 3:10:26 AM","33.146534","-96.886993","0","181.4"
"8/28/2026 3:10:27 AM","33.146534","-96.886993","0","181.4"
"8/28/2026 3:10:28 AM","33.146534","-96.886993","0","181.4"
"8/28/2026 3:10:29 AM","33.146534","-96.886993","0","181.4"
"8/28/2026 3:10:30 AM","33.146534","-96.886993","0","181.4"
"8/28/2026 3:10:31 AM","33.146534","-96.886993","0","181.4"
"8/28/2026 3:10:32 AM","33.146534","-96.886993","0","181.4"
"8/28/2026 3:10:33 AM","33.146534","-96.886993","0","181.4"
"8/28/2026 3:10:34 AM","33.146534","-96.886993","0","181.4"
"8/28/2026 3:10:35 AM","33.146534","-96.886993","0","181.4"
"8/28/2026 3:10:36 AM","33.146534","-96.886993","0","181.4"
"8/28/2026 3:10:37 AM","33.146534","-96.886993","0","181.4"
"8/28/2026 3:10:38 AM","33.146534","-96.886993","0","181.4"
"8/28/2026 3:10:39 AM","33.146534","-96.886993","0","181.4"
"8/28/2026 3:10:40 AM","33.146534","-96.886993","0","181.4"
"8/28/2026 3:10:41 AM","33.146534","-96.886993","0","181.4"
"8/28/2026 3:10:42 AM","33.146534","-96.886993","0","181.4"
"8/28/2026 3:10:43 AM","33.146534","-96.886993","0","181.4"
"8/28/2026 3:10:44 AM","33.146534","-96.886993","0","181.4"
"8/28/2026 3:10:45 AM","33.146534","-96.886993","0","181.4"
"8/28/2026 3:10:46 AM","33.146534","-96.886993","0","181.4"
"8/28/2026 3:10:47 AM","33.146534","-96.886993","0","181.4"
"8/28/2026 3:10:48 AM","33.146534","-96.886993","0","181.4"
"8/28/2026 3:10:49 AM","33.146538","-96.886993","0","181.4"
"8/28/2026 3:10:50 AM","33.146538","-96.886993","0","181.4"
"8/28/2026 3:10:51 AM","33.146538","-96.886993","0","181.4"
"8/28/2026 3:10:52 AM","33.146538","-96.886993","0","181.4"
"8/28/2026 3:10:53 AM","33.146538","-96.886993","0","181.4"
"8/28/2026 3:10:54 AM","33.146538","-96.886993","0","181.4"
"8/28/2026 3:10:55 AM","33.146538","-96.886993","0","181.4"
"8/28/2026 3:10:56 AM","33.146538","-96.886993","0","181.4"
"8/28/2026 3:10:57 AM","33.146538","-96.886993","0","181.4"
"8/28/2026 3:10:58 AM","33.146538","-96.886993","0","181.4"
"8/28/2026 3:10:59 AM","33.146538","-96.886993","0","181.3"
"8/28/2026 3:11:00 AM","33.146538","-96.886993","0","181.3"
"8/28/2026 3:11:01 AM","33.146538","-96.886993","0","181.3"
"8/28/2026 3:11:02 AM","33.146538","-96.886993","0","181.3"
"8/28/2026 3:11:03 AM","33.146542","-96.886993","0","181.3"
"8/28/2026 3:11:04 AM","33.146542","-96.886993","0","181.3"
"8/28/2026 3:11:05 AM","33.146542","-96.886993","0","181.3"
"8/28/2026 3:11:06 AM","33.146542","-96.886993","0","181.3"
"8/28/2026 3:11:07 AM","33.146542","-96.886993","0","181.3"
"8/28/2026 3:11:08 AM","33.146542","-96.886993","0","181.3"
"8/28/2026 3:11:09 AM","33.146542","-96.886993","0","181.3"
"8/28/2026 3:11:10 AM","33.146542","-96.886993","0","181.3"
"8/28/2026 3:11:11 AM","33.146542","-96.886993","0","181.3"
"8/28/2026 3:11:12 AM","33.146542","-96.886993","0","181.3"
"8/28/2026 3:11:13 AM","33.146542","-96.886993","0","181.3"
"8/28/2026 3:11:14 AM","33.146542","-96.886993","0","181.3"
"8/28/2026 3:11:15 AM","33.146542","-96.886993","0","181.3"
"8/28/2026 3:11:16 AM","33.146542","-96.886993","0","181.3"
"8/28/2026 3:11:17 AM","33.146542","-96.886993","0","181.3"
"8/28/2026 3:11:18 AM","33.146542","-96.886993","0","181.3"
"8/28/2026 3:11:19 AM","33.146542","-96.886993","0","181.3"
"8/28/2026 3:11:20 AM","33.146542","-96.886993","0","181.4"
"8/28/2026 3:11:21 AM","33.146542","-96.886993","0","181.4"
"8/28/2026 3:11:22 AM","33.146542","-96.886993","0","181.4"
"8/28/2026 3:11:23 AM","33.146542","-96.886993","0","181.5"
"8/28/2026 3:11:24 AM","33.146542","-96.886993","0","181.5"
"8/28/2026 3:11:25 AM","33.146542","-96.886993","0","181.5"
"8/28/2026 3:11:26 AM","33.146542","-96.886993","0","181.6"
"8/28/2026 3:11:27 AM","33.146545","-96.886993","0","181.6"
"8/28/2026 3:11:28 AM","33.146545","-96.886993","0","181.6"
"8/28/2026 3:11:29 AM","33.146545","-96.886993","0","181.7"
"8/28/2026 3:11:30 AM","33.146545","-96.886993","0","181.7"
"8/28/2026 3:11:31 AM","33.146545","-96.886993","0","181.7"
"8/28/2026 3:11:32 AM","33.146545","-96.886993","0","181.8"
"8/28/2026 3:11:33 AM","33.146545","-96.886993","0","181.8"
"8/28/2026 3:11:34 AM","33.146545","-96.886993","0","181.9"
"8/28/2026 3:11:35 AM","33.146545","-96.886993","0","181.9"
"8/28/2026 3:11:36 AM","33.146545","-96.886993","0","181.9"
"8/28/2026 3:11:37 AM","33.146545","-96.886993","0","182"
"8/28/2026 3:11:38 AM","33.146545","-96.886993","0","182"
"8/28/2026 3:11:39 AM","33.146549","-96.886993","0","182"
"8/28/2026 3:11:40 AM","33.146549","-96.886993","0","182"
"8/28/2026 3:11:41 AM","33.146549","-96.886993","0","182.1"
"8/28/2026 3:11:42 AM","33.146549","-96.886993","0","182.1"
"8/28/2026 3:11:43 AM","33.146549","-96.886993","0","182.2"
"8/28/2026 3:11:44 AM","33.146549","-96.886993","0","182.2"
"8/28/2026 3:11:45 AM","33.146549","-96.886993","0","182.3"
"8/28/2026 3:11:46 AM","33.146549","-96.886978","0","182.3"
"8/28/2026 3:11:47 AM","33.146549","-96.886978","0","182.3"
"8/28/2026 3:11:48 AM","33.146549","-96.886978","0","182.3"
"8/28/2026 3:11:49 AM","33.146549","-96.886978","0","182.4"
"8/28/2026 3:11:50 AM","33.146549","-96.886978","0","182.4"
"8/28/2026 3:11:51 AM","33.146553","-96.886978","0","182.4"
"8/28/2026 3:11:52 AM","33.146553","-96.886978","0","182.4"
"8/28/2026 3:11:53 AM","33.146553","-96.886978","0","182.4"
"8/28/2026 3:11:54 AM","33.146553","-96.886978","0","182.5"
"8/28/2026 3:11:55 AM","33.146553","-96.886978","0","182.5"
"8/28/2026 3:11:56 AM","33.146553","-96.886978","0","182.5"
"8/28/2026 3:11:57 AM","33.146553","-96.886978","0","182.5"
"8/28/2026 3:11:58 AM","33.146553","-96.886978","0","182.5"
"8/28/2026 3:11:59 AM","33.146553","-96.886978","0","182.5"
"8/28/2026 3:12:00 AM","33.146553","-96.886978","0","182.5"
"8/28/2026 3:12:01 AM","33.146553","-96.886978","0","182.5"
"8/28/2026 3:12:02 AM","33.146553","-96.886978","0","182.5"
"8/28/2026 3:12:03 AM","33.146553","-96.886993","0","182.5"
"8/28/2026 3:12:04 AM","33.146553","-96.886993","0","182.5"
"8/28/2026 3:12:05 AM","33.146553","-96.886993","0","182.5"
"8/28/2026 3:12:06 AM","33.146553","-96.886993","0","182.6"
"8/28/2026 3:12:07 AM","33.146553","-96.886993","0","182.6"
"8/28/2026 3:12:08 AM","33.146553","-96.886993","0","182.6"
"8/28/2026 3:12:09 AM","33.146553","-96.886993","0","182.7"
"8/28/2026 3:12:10 AM","33.146553","-96.886993","0","182.7"
"8/28/2026 3:12:11 AM","33.146553","-96.886993","0","182.7"
"8/28/2026 3:12:12 AM","33.146553","-96.886993","0","182.8"
"8/28/2026 3:12:13 AM","33.146553","-96.886993","0","182.8"
"8/28/2026 3:12:14 AM","33.146553","-96.886993","0","182.8"
"8/28/2026 3:12:15 AM","33.146553","-96.886993","0","182.8"
"8/28/2026 3:12:16 AM","33.146553","-96.886993","0","182.8"
"8/28/2026 3:12:17 AM","33.146553","-96.886993","0","182.9"
"8/28/2026 3:12:18 AM","33.146553","-96.886993","0","182.9"
"8/28/2026 3:12:19 AM","33.146553","-96.886993","0","182.9"
"8/28/2026 3:12:20 AM","33.146553","-96.886993","0","182.9"
"8/28/2026 3:12:21 AM","33.146553","-96.886993","0","183"
"8/28/2026 3:12:22 AM","33.146553","-96.886993","0","183"
"8/28/2026 3:12:23 AM","33.146553","-96.886993","0","183"
"8/28/2026 3:12:24 AM","33.146553","-96.886993","0","183"
"8/28/2026 3:12:25 AM","33.146553","-96.886993","0","183"
"8/28/2026 3:12:26 AM","33.146553","-96.886993","0","183"
"8/28/2026 3:12:27 AM","33.146553","-96.886993","0","183"
"8/28/2026 3:12:28 AM","33.146553","-96.886993","0","183"
"8/28/2026 3:12:29 AM","33.146553","-96.886993","0","183"
"8/28/2026 3:12:30 AM","33.146553","-96.886993","0","183"
"8/28/2026 3:12:31 AM","33.146553","-96.886993","0","183"
"8/28/2026 3:12:32 AM","33.146553","-96.886993","0","183"
"8/28/2026 3:12:33 AM","33.146553","-96.886993","0","183"
"8/28/2026 3:12:34 AM","33.146553","-96.886993","0","183"
"8/28/2026 3:12:35 AM","33.146553","-96.886993","0","183"
"8/28/2026 3:12:36 AM","33.146553","-96.886993","0","182.9"
"8/28/2026 3:12:37 AM","33.146553","-96.886993","0","182.9"
"8/28/2026 3:12:38 AM","33.146553","-96.886993","0","182.9"
"8/28/2026 3:12:39 AM","33.146553","-96.886993","0","182.8"
"8/28/2026 3:12:40 AM","33.146553","-96.886993","0","182.8"
"8/28/2026 3:12:41 AM","33.146553","-96.886993","0","182.8"
"8/28/2026 3:12:42 AM","33.146553","-96.886993","0","182.8"
"8/28/2026 3:12:43 AM","33.146553","-96.886993","0","182.8"
"8/28/2026 3:12:44 AM","33.146553","-96.886993","0","182.8"
"8/28/2026 3:12:45 AM","33.146553","-96.886993","0","182.8"
"8/28/2026 3:12:46 AM","33.146553","-96.886993","0","182.8"
"8/28/2026 3:12:47 AM","33.146553","-96.886993","0","182.9"
"8/28/2026 3:12:48 AM","33.146553","-96.886993","0","182.9"
"8/28/2026 3:12:49 AM","33.146553","-96.886993","0","182.9"
"8/28/2026 3:12:50 AM","33.146553","-96.886993","0","182.9"
"8/28/2026 3:12:51 AM","33.146549","-96.886993","0","182.9"
"8/28/2026 3:12:52 AM","33.146549","-96.886993","0","182.9"
"8/28/2026 3:12:53 AM","33.146549","-96.886993","0","182.9"
"8/28/2026 3:12:54 AM","33.146549","-96.886993","0","182.9"
"8/28/2026 3:12:55 AM","33.146549","-96.886993","0","182.9"
"8/28/2026 3:12:56 AM","33.146549","-96.886993","0","182.8"
"8/28/2026 3:12:57 AM","33.146549","-96.886993","0","182.8"
"8/28/2026 3:12:58 AM","33.146549","-96.886993","0","182.8"
"8/28/2026 3:12:59 AM","33.146549","-96.886993","0","182.8"
"8/28/2026 3:13:00 AM","33.146545","-96.886993","1.799","182.8"
"8/28/2026 3:13:01 AM","33.146538","-96.886993","2.59","182.8"
"8/28/2026 3:13:02 AM","33.146523","-96.886993","2.889","182.7"
"8/28/2026 3:13:03 AM","33.1465","-96.886993","4.54","182.6"
"8/28/2026 3:13:04 AM","33.146469","-96.886993","7.055","182.4"
"8/28/2026 3:13:05 AM","33.146427","-96.886978","9.695","182.5"
"8/28/2026 3:13:06 AM","33.146378","-96.886978","10.912","182.3"
"8/28/2026 3:13:07 AM","33.14632","-96.886978","11.878","182.2"
"8/28/2026 3:13:08 AM","33.146263","-96.886978","11.556","182.1"
"8/28/2026 3:13:09 AM","33.146214","-96.886978","10.757","182.1"
"8/28/2026 3:13:10 AM","33.146164","-96.886963","9.63","182"
"8/28/2026 3:13:11 AM","33.146126","-96.886932","9.27","181.9"
"8/28/2026 3:13:12 AM","33.146095","-96.886894","9.303","181.9"
"8/28/2026 3:13:13 AM","33.146072","-96.886848","9.914","182.1"
"8/28/2026 3:13:14 AM","33.146057","-96.886803","10.369","182.1"
"8/28/2026 3:13:15 AM","33.146053","-96.886734","10.371","181.9"
"8/28/2026 3:13:16 AM","33.146049","-96.886688","10.341","182"
"8/28/2026 3:13:17 AM","33.146046","-96.886635","8.356","181.8"
"8/28/2026 3:13:18 AM","33.14603","-96.886589","6.983","181.9"
"8/28/2026 3:13:19 AM","33.146008","-96.886574","5.354","182.2"
"8/28/2026 3:13:20 AM","33.145985","-96.886559","6.266","181.8"
"8/28/2026 3:13:21 AM","33.14595","-96.886559","7.413","181.6"
"8/28/2026 3:13:22 AM","33.145912","-96.886559","10.282","181.4"
"8/28/2026 3:13:23 AM","33.145859","-96.886574","11.763","181.2"
"8/28/2026 3:13:24 AM","33.145798","-96.886574","13.874","181.2"
"8/28/2026 3:13:25 AM","33.145729","-96.886589","15.458","181.2"
"8/28/2026 3:13:26 AM","33.145653","-96.886589","16.512","181.1"
"8/28/2026 3:13:27 AM","33.145573","-96.886604","17.098","180.9"
"8/28/2026 3:13:28 AM","33.145493","-96.886604","17.125","180.8"
"8/28/2026 3:13:29 AM","33.145412","-96.886604","17.194","180.7"
"8/28/2026 3:13:30 AM","33.145332","-96.88662","17.461","180.6"
"8/28/2026 3:13:31 AM","33.145252","-96.88662","17.509","180.6"
"8/28/2026 3:13:32 AM","33.145168","-96.886635","17.155","180.6"
"8/28/2026 3:13:33 AM","33.145092","-96.88665","16.369","180.5"
"8/28/2026 3:13:34 AM","33.14502","-96.88665","15.022","180.4"
"8/28/2026 3:13:35 AM","33.144955","-96.886673","13.277","180.2"
"8/28/2026 3:13:36 AM","33.144901","-96.886673","9.534","179.9"
"8/28/2026 3:13:37 AM","33.144855","-96.886688","8.472","179.7"
"8/28/2026 3:13:38 AM","33.144821","-96.886688","6.98","179.6"
"8/28/2026 3:13:39 AM","33.144794","-96.886688","5.065","179.3"
"8/28/2026 3:13:40 AM","33.144772","-96.886688","4.352","179.3"
"8/28/2026 3:13:41 AM","33.144756","-96.886703","4.188","179.2"
"8/28/2026 3:13:42 AM","33.144737","-96.886703","3.986","179.2"
"8/28/2026 3:13:43 AM","33.144722","-96.886719","4.035","179.1"
"8/28/2026 3:13:44 AM","33.144711","-96.886734","4.956","179.1"
"8/28/2026 3:13:45 AM","33.144699","-96.886765","6.406","179"
"8/28/2026 3:13:46 AM","33.144695","-96.886803","8.13","178.9"
"8/28/2026 3:13:47 AM","33.144699","-96.886848","10.554","178.6"
"8/28/2026 3:13:48 AM","33.144703","-96.886917","12.906","178.3"
"8/28/2026 3:13:49 AM","33.144707","-96.887009","16.314","178"
"8/28/2026 3:13:50 AM","33.144707","-96.887108","17.824","177.8"
"8/28/2026 3:13:51 AM","33.144707","-96.887207","19.578","177.5"
"8/28/2026 3:13:52 AM","33.144707","-96.887321","21.172","177.5"
"8/28/2026 3:13:53 AM","33.144703","-96.887451","22.694","177.4"
"8/28/2026 3:13:54 AM","33.144703","-96.887581","23.714","177.2"
"8/28/2026 3:13:55 AM","33.144703","-96.887726","24.209","177.2"
"8/28/2026 3:13:56 AM","33.144703","-96.887856","24.471","177.2"
"8/28/2026 3:13:57 AM","33.144707","-96.887985","24.03","177.3"
"8/28/2026 3:13:58 AM","33.144707","-96.888138","22.962","177.4"
"8/28/2026 3:13:59 AM","33.144703","-96.888252","22.016","177.5"
"8/28/2026 3:14:00 AM","33.144703","-96.888382","21.463","177.5"
"8/28/2026 3:14:01 AM","33.144703","-96.888496","21.696","177.6"
"8/28/2026 3:14:02 AM","33.144703","-96.888603","22.297","177.7"
"8/28/2026 3:14:03 AM","33.144703","-96.888741","23.437","177.3"
"8/28/2026 3:14:04 AM","33.144707","-96.88887","24.556","177.2"
"8/28/2026 3:14:05 AM","33.144711","-96.889015","25.542","177"
"8/28/2026 3:14:06 AM","33.144714","-96.88916","25.789","176.9"
"8/28/2026 3:14:07 AM","33.144714","-96.889305","25.772","176.9"
"8/28/2026 3:14:08 AM","33.144711","-96.889435","25.473","176.9"
"8/28/2026 3:14:09 AM","33.144707","-96.88958","25.002","176.8"
"8/28/2026 3:14:10 AM","33.144695","-96.889717","24.566","176.7"
"8/28/2026 3:14:11 AM","33.14468","-96.889847","23.997","176.6"
"8/28/2026 3:14:12 AM","33.144669","-96.889977","23.169","176.6"
"8/28/2026 3:14:13 AM","33.144661","-96.890106","21.706","176.6"
"8/28/2026 3:14:14 AM","33.144661","-96.890221","20.195","176.7"
"8/28/2026 3:14:15 AM","33.144661","-96.890335","18.533","176.7"
"8/28/2026 3:14:16 AM","33.144661","-96.890411","16.417","176.8"
"8/28/2026 3:14:17 AM","33.144665","-96.890511","14.915","176.9"
"8/28/2026 3:14:18 AM","33.144665","-96.890579","12.909","177.1"
"8/28/2026 3:14:19 AM","33.144665","-96.89064","7.916","177.2"
"8/28/2026 3:14:20 AM","33.144661","-96.890671","5.232","177.5"
"8/28/2026 3:14:21 AM","33.144661","-96.890671","0","177.5"
"8/28/2026 3:14:22 AM","33.144661","-96.890671","0","177.5"
"8/28/2026 3:14:23 AM","33.144661","-96.890671","0","177.4"
"8/28/2026 3:14:24 AM","33.144661","-96.890671","0","177.4"
"8/28/2026 3:14:25 AM","33.144661","-96.890671","0","177.5"
"8/28/2026 3:14:26 AM","33.144661","-96.890671","0","177.5"
"8/28/2026 3:14:27 AM","33.144661","-96.890671","0","177.5"
"8/28/2026 3:14:28 AM","33.144661","-96.890671","0","177.6"
"8/28/2026 3:14:29 AM","33.144661","-96.890671","0","177.6"
"8/28/2026 3:14:30 AM","33.144661","-96.890671","0","177.6"
"8/28/2026 3:14:31 AM","33.144661","-96.890671","0","177.6"
"8/28/2026 3:14:32 AM","33.144661","-96.890671","0","177.6"
"8/28/2026 3:14:33 AM","33.144657","-96.890671","0","177.7"
"8/28/2026 3:14:34 AM","33.144657","-96.890671","0","177.7"
"8/28/2026 3:14:35 AM","33.144657","-96.890671","0","177.7"
"8/28/2026 3:14:36 AM","33.144657","-96.890671","0","177.7"
"8/28/2026 3:14:37 AM","33.144657","-96.890671","0","177.7"
"8/28/2026 3:14:38 AM","33.144657","-96.890671","0","177.7"
"8/28/2026 3:14:39 AM","33.144657","-96.890671","0","177.7"
"8/28/2026 3:14:40 AM","33.144657","-96.890671","0","177.7"
"8/28/2026 3:14:41 AM","33.144657","-96.890671","0","177.7"
"8/28/2026 3:14:42 AM","33.144657","-96.890671","0","177.7"
"8/28/2026 3:14:43 AM","33.144653","-96.890671","0","177.7"
"8/28/2026 3:14:44 AM","33.144653","-96.890671","0","177.7"
"8/28/2026 3:14:45 AM","33.144653","-96.890671","0","177.7"
"8/28/2026 3:14:46 AM","33.144653","-96.890671","0","177.7"
"8/28/2026 3:14:47 AM","33.144653","-96.890671","0","177.7"
"8/28/2026 3:14:48 AM","33.144653","-96.890671","0","177.7"
"8/28/2026 3:14:49 AM","33.144653","-96.890671","0","177.7"
"8/28/2026 3:14:50 AM","33.144653","-96.890671","0","177.7"
"8/28/2026 3:14:51 AM","33.144653","-96.890671","0","177.7"
"8/28/2026 3:14:52 AM","33.144653","-96.890671","0","177.7"
"8/28/2026 3:14:53 AM","33.144653","-96.890671","3.293","177.7"
"8/28/2026 3:14:54 AM","33.144653","-96.890709","6.876","177.7"
"8/28/2026 3:14:55 AM","33.144653","-96.890755","9.634","177.7"
"8/28/2026 3:14:56 AM","33.144646","-96.890823","11.752","178"
"8/28/2026 3:14:57 AM","33.144627","-96.890884","13.61","178.3"
"8/28/2026 3:14:58 AM","33.144588","-96.890953","14.283","179.2"
"8/28/2026 3:14:59 AM","33.144543","-96.891014","16.07","179.5"
"8/28/2026 3:15:00 AM","33.144478","-96.891068","17.04","180.2"
"8/28/2026 3:15:01 AM","33.144405","-96.891113","18.468","180.6"
"8/28/2026 3:15:02 AM","33.144321","-96.891144","19.731","181.1"
"8/28/2026 3:15:03 AM","33.144226","-96.891144","21.004","181.4"
"8/28/2026 3:15:04 AM","33.144127","-96.891159","22.025","180.7"
"8/28/2026 3:15:05 AM","33.144024","-96.891144","23.683","180.7"
"8/28/2026 3:15:06 AM","33.143909","-96.891144","25.363","180.6"
"8/28/2026 3:15:07 AM","33.143787","-96.891144","26.642","180.5"
"8/28/2026 3:15:08 AM","33.143658","-96.891144","27.827","180.2"
"8/28/2026 3:15:09 AM","33.143528","-96.891144","28.966","179.9"
"8/28/2026 3:15:10 AM","33.143387","-96.891129","29.739","179.4"
"8/28/2026 3:15:11 AM","33.14325","-96.891113","30.61","179"
"8/28/2026 3:15:12 AM","33.143105","-96.891098","31.767","178.7"
"8/28/2026 3:15:13 AM","33.142952","-96.891083","32.838","178.3"
"8/28/2026 3:15:14 AM","33.142796","-96.891068","33.883","178"
"8/28/2026 3:15:15 AM","33.142635","-96.891045","34.798","177.6"
"8/28/2026 3:15:16 AM","33.142467","-96.891029","35.582","177.2"
"8/28/2026 3:15:17 AM","33.1423","-96.891014","36.325","176.7"
"8/28/2026 3:15:18 AM","33.142132","-96.890999","37.006","176.2"
"8/28/2026 3:15:19 AM","33.141956","-96.890984","37.578","175.8"
"8/28/2026 3:15:20 AM","33.141781","-96.890968","37.995","175.4"
"8/28/2026 3:15:21 AM","33.141602","-96.890953","38.221","174.9"
"8/28/2026 3:15:22 AM","33.141422","-96.890938","38.394","174.4"
"8/28/2026 3:15:23 AM","33.141243","-96.890915","38.462","173.7"
"8/28/2026 3:15:24 AM","33.141064","-96.8909","38.699","173"
"8/28/2026 3:15:25 AM","33.140881","-96.890884","38.732","172.2"
"8/28/2026 3:15:26 AM","33.140701","-96.890869","38.934","171.2"
"8/28/2026 3:15:27 AM","33.140518","-96.890854","39.15","170.4"
"8/28/2026 3:15:28 AM","33.140335","-96.890839","39.182","169.6"
"8/28/2026 3:15:29 AM","33.140152","-96.8908","39.137","169"
"8/28/2026 3:15:30 AM","33.139973","-96.890785","38.841","168.5"
"8/28/2026 3:15:31 AM","33.139793","-96.89077","38.567","168.2"
"8/28/2026 3:15:32 AM","33.139614","-96.890755","38.499","167.9"
"8/28/2026 3:15:33 AM","33.139442","-96.890739","38.308","167.7"
"8/28/2026 3:15:34 AM","33.139263","-96.890739","38.286","167.6"
"8/28/2026 3:15:35 AM","33.139084","-96.890724","38.259","167.4"
"8/28/2026 3:15:36 AM","33.138908","-96.890709","38.235","167.2"
"8/28/2026 3:15:37 AM","33.138729","-96.890709","38.206","167.1"
"8/28/2026 3:15:38 AM","33.138554","-96.890709","38.171","166.9"
"8/28/2026 3:15:39 AM","33.138374","-96.890709","38.165","166.7"
"8/28/2026 3:15:40 AM","33.138199","-96.890709","38.189","166.5"
"8/28/2026 3:15:41 AM","33.138023","-96.890709","38.347","166.3"
"8/28/2026 3:15:42 AM","33.137844","-96.890724","38.355","166.1"
"8/28/2026 3:15:43 AM","33.137669","-96.890724","38.341","165.9"
"8/28/2026 3:15:44 AM","33.137493","-96.890739","38.331","165.8"
"8/28/2026 3:15:45 AM","33.137314","-96.890739","38.302","165.7"
"8/28/2026 3:15:46 AM","33.137138","-96.890755","38.129","165.8"
"8/28/2026 3:15:47 AM","33.136959","-96.890755","38.08","166.1"
"8/28/2026 3:15:48 AM","33.136784","-96.89077","37.916","166.5"
"8/28/2026 3:15:49 AM","33.136608","-96.89077","37.869","166.9"
"8/28/2026 3:15:50 AM","33.136433","-96.890785","37.851","167.4"
"8/28/2026 3:15:51 AM","33.136257","-96.890785","37.877","167.8"
"8/28/2026 3:15:52 AM","33.136082","-96.8908","38.068","168.2"
"8/28/2026 3:15:53 AM","33.135906","-96.8908","38.305","168.4"
"8/28/2026 3:15:54 AM","33.135727","-96.890823","38.549","168.4"
"8/28/2026 3:15:55 AM","33.135548","-96.890823","38.59","168.1"
"8/28/2026 3:15:56 AM","33.135368","-96.890839","38.823","167.7"
"8/28/2026 3:15:57 AM","33.135189","-96.890839","38.879","167.2"
"8/28/2026 3:15:58 AM","33.13501","-96.890854","38.934","166.5"
"8/28/2026 3:15:59 AM","33.134827","-96.890854","38.942","165.8"
"8/28/2026 3:16:00 AM","33.134647","-96.890869","38.918","165.2"
"8/28/2026 3:16:01 AM","33.134468","-96.890869","38.857","164.5"
"8/28/2026 3:16:02 AM","33.134285","-96.890884","38.632","163.9"
"8/28/2026 3:16:03 AM","33.134106","-96.890884","38.427","163.5"
"8/28/2026 3:16:04 AM","33.13393","-96.8909","38.269","163.1"
"8/28/2026 3:16:05 AM","33.133755","-96.8909","38.228","162.9"
"8/28/2026 3:16:06 AM","33.133579","-96.890915","38.166","162.8"
"8/28/2026 3:16:07 AM","33.1334","-96.890915","38.096","162.8"
"8/28/2026 3:16:08 AM","33.133224","-96.890938","38.028","162.8"
"8/28/2026 3:16:09 AM","33.133049","-96.890938","37.985","162.9"
"8/28/2026 3:16:10 AM","33.132874","-96.890953","37.95","163"
"8/28/2026 3:16:11 AM","33.132694","-96.890953","37.947","163.2"
"8/28/2026 3:16:12 AM","33.132519","-96.890968","37.973","163.3"
"8/28/2026 3:16:13 AM","33.132343","-96.890968","37.979","163.6"
"8/28/2026 3:16:14 AM","33.132164","-96.890984","37.739","164"
"8/28/2026 3:16:15 AM","33.131992","-96.890984","37.684","164.6"
"8/28/2026 3:16:16 AM","33.131817","-96.890999","37.657","165.2"
"8/28/2026 3:16:17 AM","33.131641","-96.890999","37.638","165.8"
"8/28/2026 3:16:18 AM","33.13147","-96.891014","37.663","166.5"
"8/28/2026 3:16:19 AM","33.131294","-96.891014","37.718","167.2"
"8/28/2026 3:16:20 AM","33.131115","-96.891029","37.899","167.9"
"8/28/2026 3:16:21 AM","33.130939","-96.891029","37.96","168.5"
"8/28/2026 3:16:22 AM","33.130764","-96.891045","38.015","169.2"
"8/28/2026 3:16:23 AM","33.130589","-96.891045","38.057","169.8"
"8/28/2026 3:16:24 AM","33.130413","-96.891068","38.075","170.5"
"8/28/2026 3:16:25 AM","33.130238","-96.891068","38.089","171.1"
"8/28/2026 3:16:26 AM","33.130058","-96.891083","38.111","171.8"
"8/28/2026 3:16:27 AM","33.129883","-96.891098","38.128","172.4"
"8/28/2026 3:16:28 AM","33.129704","-96.891113","38.173","172.9"
"8/28/2026 3:16:29 AM","33.129528","-96.891129","38.442","173.3"
"8/28/2026 3:16:30 AM","33.129349","-96.891144","38.635","173.5"
"8/28/2026 3:16:31 AM","33.129169","-96.891144","38.69","173.6"
"8/28/2026 3:16:32 AM","33.12899","-96.891159","38.762","173.4"
"8/28/2026 3:16:33 AM","33.128807","-96.891159","38.965","173.2"
"8/28/2026 3:16:34 AM","33.128624","-96.891182","39.001","172.8"
"8/28/2026 3:16:35 AM","33.128445","-96.891182","39.017","172.4"
"8/28/2026 3:16:36 AM","33.128262","-96.891182","38.995","171.9"
"8/28/2026 3:16:37 AM","33.128086","-96.891197","38.951","171.6"
"8/28/2026 3:16:38 AM","33.127907","-96.891197","38.884","171.2"
"8/28/2026 3:16:39 AM","33.127728","-96.891212","38.695","170.9"
"8/28/2026 3:16:40 AM","33.127544","-96.891212","38.665","170.5"
"8/28/2026 3:16:41 AM","33.127369","-96.891228","38.622","170.1"
"8/28/2026 3:16:42 AM","33.12719","-96.891228","38.618","169.6"
"8/28/2026 3:16:43 AM","33.12701","-96.891243","38.604","169.1"
"8/28/2026 3:16:44 AM","33.126831","-96.891243","38.578","168.6"
"8/28/2026 3:16:45 AM","33.126652","-96.891258","38.559","168.1"
"8/28/2026 3:16:46 AM","33.126472","-96.891258","38.53","167.6"
"8/28/2026 3:16:47 AM","33.126293","-96.891273","38.49","167.1"
"8/28/2026 3:16:48 AM","33.126118","-96.891273","38.445","166.6"
"8/28/2026 3:16:49 AM","33.125938","-96.891273","38.413","166.2"
"8/28/2026 3:16:50 AM","33.125759","-96.891273","38.379","165.8"
"8/28/2026 3:16:51 AM","33.125584","-96.891273","38.366","165.3"
"8/28/2026 3:16:52 AM","33.125408","-96.891273","38.362","164.9"
"8/28/2026 3:16:53 AM","33.125229","-96.891289","38.368","164.5"
"8/28/2026 3:16:54 AM","33.12505","-96.891289","38.381","164.1"
"8/28/2026 3:16:55 AM","33.12487","-96.891312","38.407","163.7"
"8/28/2026 3:16:56 AM","33.124695","-96.891312","38.434","163.3"
"8/28/2026 3:16:57 AM","33.124512","-96.891327","38.467","162.8"
"8/28/2026 3:16:58 AM","33.124336","-96.891342","38.47","162.4"
"8/28/2026 3:16:59 AM","33.124157","-96.891342","38.465","162.1"
"8/28/2026 3:17:00 AM","33.123978","-96.891357","38.427","161.8"
"8/28/2026 3:17:01 AM","33.123798","-96.891373","38.379","161.4"
"8/28/2026 3:17:02 AM","33.123623","-96.891388","38.322","161.2"
"8/28/2026 3:17:03 AM","33.123447","-96.891403","38.285","161"
"8/28/2026 3:17:04 AM","33.123272","-96.891426","38.243","160.8"
"8/28/2026 3:17:05 AM","33.123096","-96.891457","38.21","160.6"
"8/28/2026 3:17:06 AM","33.122921","-96.891487","38.169","160.6"
"8/28/2026 3:17:07 AM","33.122742","-96.891502","38.126","160.6"
"8/28/2026 3:17:08 AM","33.122566","-96.891533","38.087","160.7"
"8/28/2026 3:17:09 AM","33.122391","-96.891571","38.052","160.8"
"8/28/2026 3:17:10 AM","33.122215","-96.891602","38.006","161"
"8/28/2026 3:17:11 AM","33.122044","-96.891632","37.843","161.3"
"8/28/2026 3:17:12 AM","33.121868","-96.89167","37.888","161.4"
"8/28/2026 3:17:13 AM","33.121693","-96.891701","37.927","161.6"
"8/28/2026 3:17:14 AM","33.121517","-96.891731","37.973","161.9"
"8/28/2026 3:17:15 AM","33.121342","-96.891762","38.042","162.1"
"8/28/2026 3:17:16 AM","33.121166","-96.8918","38.093","162.3"
"8/28/2026 3:17:17 AM","33.120991","-96.89183","38.132","162.4"
"8/28/2026 3:17:18 AM","33.120815","-96.891861","38.166","162.6"
"8/28/2026 3:17:19 AM","33.12064","-96.891891","38.18","162.8"
"8/28/2026 3:17:20 AM","33.120464","-96.89193","38.186","163"
"8/28/2026 3:17:21 AM","33.120289","-96.89196","38.185","163.1"
"8/28/2026 3:17:22 AM","33.120113","-96.891991","38.195","163.2"
"8/28/2026 3:17:23 AM","33.119938","-96.892021","38.191","163.4"
"8/28/2026 3:17:24 AM","33.119762","-96.892059","38.222","163.5"
"8/28/2026 3:17:25 AM","33.119587","-96.892075","38.484","163.5"
"8/28/2026 3:17:26 AM","33.119408","-96.892105","38.543","163.4"
"8/28/2026 3:17:27 AM","33.119228","-96.892136","38.743","163.1"
"8/28/2026 3:17:28 AM","33.119053","-96.892174","38.754","162.9"
"8/28/2026 3:17:29 AM","33.118874","-96.892189","38.732","162.6"
"8/28/2026 3:17:30 AM","33.118694","-96.892204","38.563","162.3"
"8/28/2026 3:17:31 AM","33.118519","-96.892204","38.515","162.2"
"8/28/2026 3:17:32 AM","33.11834","-96.89222","38.442","162"
"8/28/2026 3:17:33 AM","33.11816","-96.89222","38.373","161.8"
"8/28/2026 3:17:34 AM","33.117985","-96.89222","38.318","161.7"
"8/28/2026 3:17:35 AM","33.117805","-96.892204","38.284","161.6"
"8/28/2026 3:17:36 AM","33.117626","-96.892204","38.235","161.6"
"8/28/2026 3:17:37 AM","33.117451","-96.892204","38.19","161.6"
"8/28/2026 3:17:38 AM","33.117275","-96.892204","38.133","161.6"
"8/28/2026 3:17:39 AM","33.1171","-96.892189","38.078","161.6"
"8/28/2026 3:17:40 AM","33.116924","-96.892189","38.031","161.7"
"8/28/2026 3:17:41 AM","33.116749","-96.892189","37.995","161.8"
"8/28/2026 3:17:42 AM","33.116573","-96.892189","37.974","162"
"8/28/2026 3:17:43 AM","33.116398","-96.892174","37.956","162.2"
"8/28/2026 3:17:44 AM","33.116219","-96.892174","37.941","162.5"
"8/28/2026 3:17:45 AM","33.116043","-96.892174","37.93","162.8"
"8/28/2026 3:17:46 AM","33.115868","-96.892174","37.916","163.1"
"8/28/2026 3:17:47 AM","33.115696","-96.892174","37.918","163.5"
"8/28/2026 3:17:48 AM","33.115517","-96.892159","37.935","163.8"
"8/28/2026 3:17:49 AM","33.115341","-96.892159","37.967","164.2"
"8/28/2026 3:17:50 AM","33.115166","-96.892159","38.008","164.5"
"8/28/2026 3:17:51 AM","33.114986","-96.892159","38.053","164.8"
"8/28/2026 3:17:52 AM","33.114811","-96.892159","38.097","165.1"
"8/28/2026 3:17:53 AM","33.114632","-96.892136","38.152","165.4"
"8/28/2026 3:17:54 AM","33.114452","-96.892136","38.34","165.6"
"8/28/2026 3:17:55 AM","33.114277","-96.892136","38.5","165.6"
"8/28/2026 3:17:56 AM","33.114098","-96.892136","38.558","165.6"
"8/28/2026 3:17:57 AM","33.113918","-96.892136","38.619","165.5"
"8/28/2026 3:17:58 AM","33.113735","-96.89212","38.791","165.2"
"8/28/2026 3:17:59 AM","33.11356","-96.89212","38.832","164.9"
"8/28/2026 3:18:00 AM","33.11338","-96.89212","38.847","164.5"
"8/28/2026 3:18:01 AM","33.113197","-96.89212","38.856","164.2"
"8/28/2026 3:18:02 AM","33.113018","-96.89212","38.851","163.8"
"8/28/2026 3:18:03 AM","33.112839","-96.89212","38.818","163.5"
"8/28/2026 3:18:04 AM","33.112659","-96.892105","38.809","163.1"
"8/28/2026 3:18:05 AM","33.11248","-96.892105","38.776","162.8"
"8/28/2026 3:18:06 AM","33.112301","-96.892105","38.74","162.4"
"8/28/2026 3:18:07 AM","33.112122","-96.892105","38.716","162"
"8/28/2026 3:18:08 AM","33.111942","-96.892105","38.696","161.7"
"8/28/2026 3:18:09 AM","33.111763","-96.892105","38.668","161.4"
"8/28/2026 3:18:10 AM","33.111584","-96.89209","38.486","161.2"
"8/28/2026 3:18:11 AM","33.111404","-96.89209","38.316","161.1"
"8/28/2026 3:18:12 AM","33.111225","-96.89209","38.246","161.1"
"8/28/2026 3:18:13 AM","33.11105","-96.89209","38.05","161.1"
"8/28/2026 3:18:14 AM","33.110878","-96.89209","37.995","161.3"
"8/28/2026 3:18:15 AM","33.110703","-96.89209","37.924","161.4"
"8/28/2026 3:18:16 AM","33.110527","-96.89209","37.913","161.6"
"8/28/2026 3:18:17 AM","33.110348","-96.892075","37.949","161.8"
"8/28/2026 3:18:18 AM","33.110172","-96.892075","38.02","162"
"8/28/2026 3:18:19 AM","33.109993","-96.892075","38.186","162.1"
"8/28/2026 3:18:20 AM","33.109818","-96.892075","37.994","162.2"
"8/28/2026 3:18:21 AM","33.109642","-96.892075","37.103","162.3"
"8/28/2026 3:18:22 AM","33.109474","-96.892059","36.268","162.3"
"8/28/2026 3:18:23 AM","33.109306","-96.892059","35.686","162.2"
"8/28/2026 3:18:24 AM","33.109142","-96.892059","35.161","162.2"
"8/28/2026 3:18:25 AM","33.108982","-96.892059","34.662","162.1"
"8/28/2026 3:18:26 AM","33.108822","-96.892059","34.337","162"
"8/28/2026 3:18:27 AM","33.108662","-96.892059","34.356","161.9"
"8/28/2026 3:18:28 AM","33.108505","-96.892059","34.342","161.7"
"8/28/2026 3:18:29 AM","33.108345","-96.892059","33.983","161.6"
"8/28/2026 3:18:30 AM","33.108192","-96.892044","33.961","161.5"
"8/28/2026 3:18:31 AM","33.108036","-96.892044","33.397","161.5"
"8/28/2026 3:18:32 AM","33.107883","-96.892044","33.366","161.5"
"8/28/2026 3:18:33 AM","33.107727","-96.892044","33.369","161.5"
"8/28/2026 3:18:34 AM","33.107571","-96.892044","33.319","161.6"
"8/28/2026 3:18:35 AM","33.107422","-96.892021","32.94","161.7"
"8/28/2026 3:18:36 AM","33.107265","-96.892021","32.604","161.8"
"8/28/2026 3:18:37 AM","33.107117","-96.892021","31.922","162"
"8/28/2026 3:18:38 AM","33.106972","-96.892021","31.14","162.2"
"8/28/2026 3:18:39 AM","33.106827","-96.892021","30.622","162.4"
"8/28/2026 3:18:40 AM","33.106689","-96.892021","30.428","162.6"
"8/28/2026 3:18:41 AM","33.106548","-96.892021","30.184","163"
"8/28/2026 3:18:42 AM","33.106407","-96.892021","29.912","163.3"
"8/28/2026 3:18:43 AM","33.10627","-96.892021","29.406","163.7"
"8/28/2026 3:18:44 AM","33.10614","-96.892006","28.787","164.1"
"8/28/2026 3:18:45 AM","33.10601","-96.892006","27.726","164.4"
"8/28/2026 3:18:46 AM","33.105885","-96.892006","26.77","164.7"
"8/28/2026 3:18:47 AM","33.105762","-96.892006","26.37","165"
"8/28/2026 3:18:48 AM","33.10564","-96.892006","26.135","165.3"
"8/28/2026 3:18:49 AM","33.105522","-96.892006","25.825","165.6"
"8/28/2026 3:18:50 AM","33.105404","-96.892006","25.523","166"
"8/28/2026 3:18:51 AM","33.105289","-96.891991","24.992","166.3"
"8/28/2026 3:18:52 AM","33.105175","-96.891991","24.514","166.5"
"8/28/2026 3:18:53 AM","33.105061","-96.892006","24.53","166.8"
"8/28/2026 3:18:54 AM","33.104946","-96.892006","24.568","167"
"8/28/2026 3:18:55 AM","33.104836","-96.892006","24.622","167.3"
"8/28/2026 3:18:56 AM","33.104721","-96.892021","24.661","167.6"
"8/28/2026 3:18:57 AM","33.104607","-96.892059","25.018","167.9"
"8/28/2026 3:18:58 AM","33.104492","-96.892075","25.062","168.1"
"8/28/2026 3:18:59 AM","33.104382","-96.89212","24.566","168.2"
"8/28/2026 3:19:00 AM","33.104275","-96.892159","24.06","168.3"
"8/28/2026 3:19:01 AM","33.104172","-96.892204","23.665","168.4"
"8/28/2026 3:19:02 AM","33.104069","-96.89225","23.247","168.5"
"8/28/2026 3:19:03 AM","33.10397","-96.892303","23.321","168.6"
"8/28/2026 3:19:04 AM","33.10387","-96.892349","24.148","168.7"
"8/28/2026 3:19:05 AM","33.103767","-96.892418","24.703","168.8"
"8/28/2026 3:19:06 AM","33.103661","-96.892479","25.065","168.8"
"8/28/2026 3:19:07 AM","33.103558","-96.892548","25.119","169"
"8/28/2026 3:19:08 AM","33.103447","-96.892593","25.196","169"
"8/28/2026 3:19:09 AM","33.103336","-96.892647","25.386","169.1"
"8/28/2026 3:19:10 AM","33.103222","-96.892677","25.764","169.1"
"8/28/2026 3:19:11 AM","33.103104","-96.892708","26.307","169.2"
"8/28/2026 3:19:12 AM","33.102982","-96.892738","27.051","169.3"
"8/28/2026 3:19:13 AM","33.102856","-96.892776","27.887","169.4"
"8/28/2026 3:19:14 AM","33.102722","-96.892807","28.787","169.5"
"8/28/2026 3:19:15 AM","33.102589","-96.892807","29.528","169.5"
"8/28/2026 3:19:16 AM","33.102451","-96.892822","30.013","169.5"
"8/28/2026 3:19:17 AM","33.102306","-96.892822","30.327","169.5"
"8/28/2026 3:19:18 AM","33.102165","-96.892822","30.502","169.4"
"8/28/2026 3:19:19 AM","33.102024","-96.892807","30.826","169.5"
"8/28/2026 3:19:20 AM","33.101879","-96.892807","31.174","169.5"
"8/28/2026 3:19:21 AM","33.101734","-96.892792","31.461","169.5"
"8/28/2026 3:19:22 AM","33.101585","-96.892792","31.955","169.6"
"8/28/2026 3:19:23 AM","33.101437","-96.892792","32.366","169.6"
"8/28/2026 3:19:24 AM","33.10128","-96.892792","32.745","169.7"
"8/28/2026 3:19:25 AM","33.101128","-96.892792","33.168","169.7"
"8/28/2026 3:19:26 AM","33.100971","-96.892792","33.616","169.7"
"8/28/2026 3:19:27 AM","33.100815","-96.892792","34.032","169.8"
"8/28/2026 3:19:28 AM","33.100655","-96.892792","34.451","169.9"
"8/28/2026 3:19:29 AM","33.100498","-96.892792","34.81","169.9"
"8/28/2026 3:19:30 AM","33.100334","-96.892792","35","170"
"8/28/2026 3:19:31 AM","33.100166","-96.892792","35.201","170.1"
"8/28/2026 3:19:32 AM","33.100002","-96.892807","35.265","170.1"
"8/28/2026 3:19:33 AM","33.099838","-96.892807","35.303","170.2"
"8/28/2026 3:19:34 AM","33.099674","-96.892807","35.36","170.3"
"8/28/2026 3:19:35 AM","33.099506","-96.892807","35.444","170.4"
"8/28/2026 3:19:36 AM","33.099342","-96.892807","35.493","170.5"
"8/28/2026 3:19:37 AM","33.099174","-96.892807","35.836","170.6"
"8/28/2026 3:19:38 AM","33.099007","-96.892807","35.649","170.8"
"8/28/2026 3:19:39 AM","33.098839","-96.892807","35.68","170.8"
"8/28/2026 3:19:40 AM","33.098675","-96.892807","35.659","170.9"
"8/28/2026 3:19:41 AM","33.098511","-96.892807","35.026","171"
"8/28/2026 3:19:42 AM","33.098351","-96.892792","34.198","171"
"8/28/2026 3:19:43 AM","33.098202","-96.892754","33.478","171.1"
"8/28/2026 3:19:44 AM","33.098045","-96.892723","33.125","171.2"
"8/28/2026 3:19:45 AM","33.097897","-96.892708","33.183","171.3"
"8/28/2026 3:19:46 AM","33.097744","-96.892677","33.592","171.3"
"8/28/2026 3:19:47 AM","33.097591","-96.892662","33.064","171.4"
"8/28/2026 3:19:48 AM","33.097435","-96.892647","34.269","171.6"
"8/28/2026 3:19:49 AM","33.097275","-96.892624","34.819","171.7"
"8/28/2026 3:19:50 AM","33.097111","-96.892624","35.358","171.8"
"8/28/2026 3:19:51 AM","33.096947","-96.892609","35.519","172"
"8/28/2026 3:19:52 AM","33.096783","-96.892609","35.567","172.2"
"8/28/2026 3:19:53 AM","33.096619","-96.892624","35.807","172.4"
"8/28/2026 3:19:54 AM","33.096447","-96.892624","36.098","172.5"
"8/28/2026 3:19:55 AM","33.096279","-96.892647","35.917","172.5"
"8/28/2026 3:19:56 AM","33.096115","-96.892647","35.524","172.5"
"8/28/2026 3:19:57 AM","33.095947","-96.892662","35.454","172.3"
"8/28/2026 3:19:58 AM","33.095783","-96.892677","35.651","172"
"8/28/2026 3:19:59 AM","33.095623","-96.892723","35.246","171.6"
"8/28/2026 3:20:00 AM","33.095463","-96.892754","35.428","171.3"
"8/28/2026 3:20:01 AM","33.095299","-96.892792","35.381","170.9"
"8/28/2026 3:20:02 AM","33.095142","-96.892822","35.58","170.4"
"8/28/2026 3:20:03 AM","33.094975","-96.892838","35.818","169.9"
"8/28/2026 3:20:04 AM","33.094807","-96.892822","36.235","169.3"
"8/28/2026 3:20:05 AM","33.094639","-96.892822","36.554","168.3"
"8/28/2026 3:20:06 AM","33.094467","-96.892822","36.898","167.4"
"8/28/2026 3:20:07 AM","33.094292","-96.892822","36.901","166.5"
"8/28/2026 3:20:08 AM","33.094116","-96.892822","37.719","165.7"
"8/28/2026 3:20:09 AM","33.093941","-96.892822","37.898","165.2"
"8/28/2026 3:20:10 AM","33.093765","-96.892822","37.891","164.7"
"8/28/2026 3:20:11 AM","33.093586","-96.892822","37.868","164.5"
"8/28/2026 3:20:12 AM","33.093407","-96.892822","37.869","164.3"
"8/28/2026 3:20:13 AM","33.093235","-96.892822","37.919","164.2"
"8/28/2026 3:20:14 AM","33.09306","-96.892838","37.991","164.1"
"8/28/2026 3:20:15 AM","33.09288","-96.892838","37.993","164"
"8/28/2026 3:20:16 AM","33.092701","-96.892838","37.745","163.9"
"8/28/2026 3:20:17 AM","33.092525","-96.892853","37.692","163.8"
"8/28/2026 3:20:18 AM","33.09235","-96.892853","37.856","163.7"
"8/28/2026 3:20:19 AM","33.092175","-96.892853","38.243","163.7"
"8/28/2026 3:20:20 AM","33.091995","-96.892853","38.671","163.6"
"8/28/2026 3:20:21 AM","33.091812","-96.892868","39.073","163.6"
"8/28/2026 3:20:22 AM","33.091633","-96.892891","39.375","163.8"
"8/28/2026 3:20:23 AM","33.09145","-96.892891","39.44","164.1"
"8/28/2026 3:20:24 AM","33.09127","-96.892906","39.41","164.5"
"8/28/2026 3:20:25 AM","33.091087","-96.892906","39.204","165"
"8/28/2026 3:20:26 AM","33.090904","-96.892921","39.015","165.6"
"8/28/2026 3:20:27 AM","33.090725","-96.892937","38.789","166.3"
"8/28/2026 3:20:28 AM","33.090549","-96.892937","38.552","167.1"
"8/28/2026 3:20:29 AM","33.09037","-96.892952","38.27","167.9"
"8/28/2026 3:20:30 AM","33.090191","-96.892952","38.279","168.7"
"8/28/2026 3:20:31 AM","33.090015","-96.892952","37.533","169.4"
"8/28/2026 3:20:32 AM","33.08984","-96.892952","37.277","170"
"8/28/2026 3:20:33 AM","33.089668","-96.892967","37.312","170.5"
"8/28/2026 3:20:34 AM","33.089493","-96.892967","37.551","170.8"
"8/28/2026 3:20:35 AM","33.089317","-96.892967","37.256","171.1"
"8/28/2026 3:20:36 AM","33.089146","-96.892967","37.259","171.2"
"8/28/2026 3:20:37 AM","33.088966","-96.892967","37.386","171.2"
"8/28/2026 3:20:38 AM","33.088787","-96.892982","38.28","171.1"
"8/28/2026 3:20:39 AM","33.088612","-96.892982","38.074","170.9"
"8/28/2026 3:20:40 AM","33.088432","-96.892982","37.739","170.6"
"8/28/2026 3:20:41 AM","33.088257","-96.892982","37.476","170.2"
"8/28/2026 3:20:42 AM","33.088085","-96.892982","37.425","169.7"
"8/28/2026 3:20:43 AM","33.08791","-96.892998","37.628","169"
"8/28/2026 3:20:44 AM","33.087734","-96.892998","37.862","168.2"
"8/28/2026 3:20:45 AM","33.087563","-96.892998","38.117","167.3"
"8/28/2026 3:20:46 AM","33.087383","-96.892998","38.192","166.5"
"8/28/2026 3:20:47 AM","33.087208","-96.892998","38.461","165.6"
"8/28/2026 3:20:48 AM","33.087025","-96.892998","38.519","164.7"
"8/28/2026 3:20:49 AM","33.086845","-96.893021","38.551","164"
"8/28/2026 3:20:50 AM","33.086666","-96.893021","38.504","163.5"
"8/28/2026 3:20:51 AM","33.086491","-96.893021","38.218","163.1"
"8/28/2026 3:20:52 AM","33.086311","-96.893021","38.055","162.9"
"8/28/2026 3:20:53 AM","33.086136","-96.893021","38.036","162.8"
"8/28/2026 3:20:54 AM","33.08596","-96.893036","38.07","162.7"
"8/28/2026 3:20:55 AM","33.085781","-96.893036","38.13","162.6"
"8/28/2026 3:20:56 AM","33.085609","-96.893036","38.173","162.5"
"8/28/2026 3:20:57 AM","33.08543","-96.893036","38.203","162.4"
"8/28/2026 3:20:58 AM","33.085251","-96.893051","38.213","162.4"
"8/28/2026 3:20:59 AM","33.085075","-96.893051","38.014","162.4"
"8/28/2026 3:21:00 AM","33.0849","-96.893051","37.96","162.5"
"8/28/2026 3:21:01 AM","33.084724","-96.893051","37.89","162.8"
"8/28/2026 3:21:02 AM","33.084549","-96.893051","37.814","163.1"
"8/28/2026 3:21:03 AM","33.084373","-96.893051","37.749","163.6"
"8/28/2026 3:21:04 AM","33.084202","-96.893051","37.674","164.1"
"8/28/2026 3:21:05 AM","33.084026","-96.893051","37.612","164.7"
"8/28/2026 3:21:06 AM","33.083851","-96.893036","37.545","165.4"
"8/28/2026 3:21:07 AM","33.083675","-96.893036","37.339","166.3"
"8/28/2026 3:21:08 AM","33.083504","-96.893036","37.298","167.1"
"8/28/2026 3:21:09 AM","33.083328","-96.893036","37.358","168"
"8/28/2026 3:21:10 AM","33.083157","-96.893021","37.553","168.8"
"8/28/2026 3:21:11 AM","33.082985","-96.893021","37.709","169.6"
"8/28/2026 3:21:12 AM","33.082809","-96.892998","37.778","170.4"
"8/28/2026 3:21:13 AM","33.082634","-96.892998","37.987","171.2"
"8/28/2026 3:21:14 AM","33.082458","-96.892998","38.053","171.9"
"8/28/2026 3:21:15 AM","33.082279","-96.892982","38.269","172.6"
"8/28/2026 3:21:16 AM","33.0821","-96.892967","38.329","173.3"
"8/28/2026 3:21:17 AM","33.081921","-96.892952","38.389","173.8"
"8/28/2026 3:21:18 AM","33.081745","-96.892937","38.396","174.2"
"8/28/2026 3:21:19 AM","33.081566","-96.892921","38.39","174.6"
"8/28/2026 3:21:20 AM","33.081387","-96.892906","38.429","174.9"
"8/28/2026 3:21:21 AM","33.081211","-96.892906","38.46","175.2"
"8/28/2026 3:21:22 AM","33.081032","-96.892906","38.475","175.4"
"8/28/2026 3:21:23 AM","33.080856","-96.892906","38.509","175.7"
"8/28/2026 3:21:24 AM","33.080673","-96.892921","38.565","175.8"
"8/28/2026 3:21:25 AM","33.080494","-96.892921","38.622","175.8"
"8/28/2026 3:21:26 AM","33.080318","-96.892937","38.825","175.8"
"8/28/2026 3:21:27 AM","33.080135","-96.892937","38.823","175.7"
"8/28/2026 3:21:28 AM","33.079956","-96.892952","38.811","175.5"
"8/28/2026 3:21:29 AM","33.079777","-96.892952","38.741","175.4"
"8/28/2026 3:21:30 AM","33.079597","-96.892967","38.572","175.3"
"8/28/2026 3:21:31 AM","33.079418","-96.892967","38.553","175.3"
"8/28/2026 3:21:32 AM","33.079239","-96.892982","38.529","175.2"
"8/28/2026 3:21:33 AM","33.079063","-96.892982","38.503","175.2"
"8/28/2026 3:21:34 AM","33.07888","-96.892998","38.501","175.1"
"8/28/2026 3:21:35 AM","33.078709","-96.892998","38.479","175"
"8/28/2026 3:21:36 AM","33.078529","-96.892998","38.465","174.9"
"8/28/2026 3:21:37 AM","33.07835","-96.892982","38.457","174.7"
"8/28/2026 3:21:38 AM","33.078171","-96.892982","38.46","174.7"
"8/28/2026 3:21:39 AM","33.077988","-96.892982","38.455","174.6"
"8/28/2026 3:21:40 AM","33.077812","-96.892982","38.45","174.4"
"8/28/2026 3:21:41 AM","33.077633","-96.892982","38.429","174.3"
"8/28/2026 3:21:42 AM","33.077454","-96.892982","38.408","174.2"
"8/28/2026 3:21:43 AM","33.077274","-96.892982","38.387","174.1"
"8/28/2026 3:21:44 AM","33.077095","-96.892982","38.37","173.9"
"8/28/2026 3:21:45 AM","33.076916","-96.892998","38.363","173.8"
"8/28/2026 3:21:46 AM","33.076736","-96.892982","38.344","173.8"
"8/28/2026 3:21:47 AM","33.076561","-96.892982","38.333","173.7"
"8/28/2026 3:21:48 AM","33.076382","-96.892982","38.363","173.5"
"8/28/2026 3:21:49 AM","33.076206","-96.892967","38.536","173.1"
"8/28/2026 3:21:50 AM","33.076027","-96.892952","38.53","172.7"
"8/28/2026 3:21:51 AM","33.075848","-96.892937","38.519","172.3"
"8/28/2026 3:21:52 AM","33.075672","-96.892906","38.504","171.9"
"8/28/2026 3:21:53 AM","33.075493","-96.892891","38.464","171.5"
"8/28/2026 3:21:54 AM","33.075317","-96.892853","38.456","171"
"8/28/2026 3:21:55 AM","33.075138","-96.892838","38.434","170.6"
"8/28/2026 3:21:56 AM","33.074963","-96.892822","38.401","170.3"
"8/28/2026 3:21:57 AM","33.074783","-96.892792","38.366","170"
"8/28/2026 3:21:58 AM","33.074608","-96.892776","38.199","169.8"
"8/28/2026 3:21:59 AM","33.074429","-96.892754","38.031","169.5"
"8/28/2026 3:22:00 AM","33.074257","-96.892754","37.993","169.4"
"8/28/2026 3:22:01 AM","33.074081","-96.892776","37.998","169.4"
"8/28/2026 3:22:02 AM","33.073902","-96.892776","38.028","169.4"
"8/28/2026 3:22:03 AM","33.073727","-96.892754","38.199","169.4"
"8/28/2026 3:22:04 AM","33.073547","-96.892754","38.242","169.3"
"8/28/2026 3:22:05 AM","33.073368","-96.892754","38.3","169.1"
"8/28/2026 3:22:06 AM","33.073193","-96.892754","38.347","169"
"8/28/2026 3:22:07 AM","33.073013","-96.892738","38.359","168.9"
"8/28/2026 3:22:08 AM","33.072834","-96.892723","38.356","168.8"
"8/28/2026 3:22:09 AM","33.072659","-96.892708","38.357","168.8"
"8/28/2026 3:22:10 AM","33.072487","-96.892677","38.324","168.8"
"8/28/2026 3:22:11 AM","33.072311","-96.892647","38.294","168.7"
"8/28/2026 3:22:12 AM","33.072136","-96.892609","38.272","168.8"
"8/28/2026 3:22:13 AM","33.07196","-96.892563","38.257","168.8"
"8/28/2026 3:22:14 AM","33.071789","-96.892532","38.244","168.8"
"8/28/2026 3:22:15 AM","33.071613","-96.892479","38.224","168.9"
"8/28/2026 3:22:16 AM","33.071445","-96.892448","38.211","168.9"
"8/28/2026 3:22:17 AM","33.071274","-96.89238","38.199","169"
"8/28/2026 3:22:18 AM","33.071102","-96.892319","38.183","169.1"
"8/28/2026 3:22:19 AM","33.070934","-96.89225","38.161","169.2"
"8/28/2026 3:22:20 AM","33.070774","-96.892189","38.149","169.4"
"8/28/2026 3:22:21 AM","33.070606","-96.892105","38.152","169.5"
"8/28/2026 3:22:22 AM","33.070442","-96.892021","38.165","169.7"
"8/28/2026 3:22:23 AM","33.070278","-96.891945","38.164","169.9"
"8/28/2026 3:22:24 AM","33.070118","-96.891861","38.162","170"
"8/28/2026 3:22:25 AM","33.069958","-96.891762","38.17","170.2"
"8/28/2026 3:22:26 AM","33.069798","-96.891685","38.182","170.4"
"8/28/2026 3:22:27 AM","33.069641","-96.891586","38.213","170.6"
"8/28/2026 3:22:28 AM","33.069481","-96.891487","38.25","170.8"
"8/28/2026 3:22:29 AM","33.069324","-96.891373","38.276","171"
"8/28/2026 3:22:30 AM","33.069168","-96.891273","37.955","171.2"
"8/28/2026 3:22:31 AM","33.069019","-96.891182","37.179","171.4"
"8/28/2026 3:22:32 AM","33.068867","-96.891083","36.344","171.6"
"8/28/2026 3:22:33 AM","33.068722","-96.890984","35.549","171.8"
"8/28/2026 3:22:34 AM","33.068581","-96.8909","34.74","172"
"8/28/2026 3:22:35 AM","33.068439","-96.8908","34.017","172.2"
"8/28/2026 3:22:36 AM","33.068302","-96.890724","33.326","172.4"
"8/28/2026 3:22:37 AM","33.068169","-96.89064","32.501","172.5"
"8/28/2026 3:22:38 AM","33.068043","-96.890556","31.688","172.7"
"8/28/2026 3:22:39 AM","33.067913","-96.89048","30.831","172.9"
"8/28/2026 3:22:40 AM","33.067791","-96.890396","30.045","173.1"
"8/28/2026 3:22:41 AM","33.067669","-96.890335","29.266","173.2"
"8/28/2026 3:22:42 AM","33.067547","-96.890266","28.405","173.4"
"8/28/2026 3:22:43 AM","33.067432","-96.890205","27.387","173.5"
"8/28/2026 3:22:44 AM","33.067322","-96.890121","26.589","173.7"
"8/28/2026 3:22:45 AM","33.067219","-96.890053","26.025","173.8"
"8/28/2026 3:22:46 AM","33.067116","-96.889992","25.721","173.9"
"8/28/2026 3:22:47 AM","33.067013","-96.889923","25.543","174"
"8/28/2026 3:22:48 AM","33.06691","-96.889862","24.933","174.1"
"8/28/2026 3:22:49 AM","33.066811","-96.889793","24.159","174.3"
"8/28/2026 3:22:50 AM","33.066715","-96.889732","22.681","174.4"
"8/28/2026 3:22:51 AM","33.066631","-96.889679","20.558","174.4"
"8/28/2026 3:22:52 AM","33.066551","-96.889633","17.746","174.2"
"8/28/2026 3:22:53 AM","33.066486","-96.889603","14.615","174.1"
"8/28/2026 3:22:54 AM","33.066433","-96.889565","11.827","173.8"
"8/28/2026 3:22:55 AM","33.066399","-96.889534","8.819","173.6"
"8/28/2026 3:22:56 AM","33.066368","-96.889519","6.229","173.3"
"8/28/2026 3:22:57 AM","33.066353","-96.889519","3.511","172.8"
"8/28/2026 3:22:58 AM","33.066345","-96.889519","0","172.4"
"8/28/2026 3:22:59 AM","33.066341","-96.889503","0","172.2"
"8/28/2026 3:23:00 AM","33.066334","-96.889503","0","172.8"
"8/28/2026 3:23:01 AM","33.066334","-96.889503","0","172.7"
"8/28/2026 3:23:02 AM","33.06633","-96.889503","0","172.7"
"8/28/2026 3:23:03 AM","33.066326","-96.889503","0","172.7"
"8/28/2026 3:23:04 AM","33.066326","-96.889503","0","172.6"
"8/28/2026 3:23:05 AM","33.066322","-96.889503","0","172.6"
"8/28/2026 3:23:06 AM","33.066319","-96.889503","0","172.6"
"8/28/2026 3:23:07 AM","33.066319","-96.889503","0","172.6"
"8/28/2026 3:23:08 AM","33.066319","-96.889488","0","172.6"
"8/28/2026 3:23:09 AM","33.066311","-96.889488","2.034","172.6"
"8/28/2026 3:23:10 AM","33.066299","-96.889488","4.619","172.5"
"8/28/2026 3:23:11 AM","33.066273","-96.889488","8.072","172.5"
"8/28/2026 3:23:12 AM","33.066231","-96.889488","9.595","172.5"
"8/28/2026 3:23:13 AM","33.066177","-96.889503","12.692","172.6"
"8/28/2026 3:23:14 AM","33.066128","-96.889549","13.675","172.7"
"8/28/2026 3:23:15 AM","33.066082","-96.889603","15.894","173"
"8/28/2026 3:23:16 AM","33.06604","-96.889679","18.201","172.7"
"8/28/2026 3:23:17 AM","33.065994","-96.889778","20.678","172.3"
"8/28/2026 3:23:18 AM","33.065941","-96.889893","23.004","172.5"
"8/28/2026 3:23:19 AM","33.065884","-96.890022","25.556","172.5"
"8/28/2026 3:23:20 AM","33.065819","-96.890152","28.054","172.7"
"8/28/2026 3:23:21 AM","33.065754","-96.890297","30.065","172.7"
"8/28/2026 3:23:22 AM","33.065681","-96.89045","31.891","172.6"
"8/28/2026 3:23:23 AM","33.065609","-96.89061","33.464","172.6"
"8/28/2026 3:23:24 AM","33.065533","-96.890785","34.95","172.7"
"8/28/2026 3:23:25 AM","33.065453","-96.890968","36.34","172.7"
"8/28/2026 3:23:26 AM","33.065369","-96.891144","37.545","172.8"
"8/28/2026 3:23:27 AM","33.065285","-96.891342","38.748","172.9"
"8/28/2026 3:23:28 AM","33.065193","-96.891533","40.048","173"
"8/28/2026 3:23:29 AM","33.065102","-96.891731","41.349","173.1"
"8/28/2026 3:23:30 AM","33.065002","-96.89193","42.552","173.3"
"8/28/2026 3:23:31 AM","33.064899","-96.892136","43.528","173.5"
"8/28/2026 3:23:32 AM","33.064796","-96.892349","44.248","173.7"
"8/28/2026 3:23:33 AM","33.064686","-96.892563","44.984","173.8"
"8/28/2026 3:23:34 AM","33.064575","-96.892776","45.593","174"
"8/28/2026 3:23:35 AM","33.064465","-96.892998","45.644","174"
"8/28/2026 3:23:36 AM","33.064354","-96.893211","45.663","174"
"8/28/2026 3:23:37 AM","33.064251","-96.89344","45.326","173.9"
"8/28/2026 3:23:38 AM","33.064148","-96.893654","45.721","174"
"8/28/2026 3:23:39 AM","33.064049","-96.893867","44.205","174.1"
"8/28/2026 3:23:40 AM","33.063953","-96.894089","44.159","174.3"
"8/28/2026 3:23:41 AM","33.063854","-96.894302","44.208","174.5"
"8/28/2026 3:23:42 AM","33.063755","-96.894516","44.181","174.7"
"8/28/2026 3:23:43 AM","33.06366","-96.89473","43.996","174.8"
"8/28/2026 3:23:44 AM","33.06356","-96.894951","44.031","174.9"
"8/28/2026 3:23:45 AM","33.063465","-96.895164","44.048","174.9"
"8/28/2026 3:23:46 AM","33.063366","-96.895378","44.05","174.8"
"8/28/2026 3:23:47 AM","33.063267","-96.895607","44.561","174.6"
"8/28/2026 3:23:48 AM","33.063164","-96.895821","44.574","174.4"
"8/28/2026 3:23:49 AM","33.063061","-96.896027","44.612","174.1"
"8/28/2026 3:23:50 AM","33.062954","-96.89624","44.878","173.9"
"8/28/2026 3:23:51 AM","33.062847","-96.896454","45.203","173.6"
"8/28/2026 3:23:52 AM","33.06274","-96.896683","45.537","173.3"
"8/28/2026 3:23:53 AM","33.062634","-96.896889","45.808","173"
"8/28/2026 3:23:54 AM","33.062527","-96.897102","46.202","172.6"
"8/28/2026 3:23:55 AM","33.062416","-96.897331","46.682","172.2"
"8/28/2026 3:23:56 AM","33.062302","-96.897545","46.852","171.9"
"8/28/2026 3:23:57 AM","33.062183","-96.897774","47.214","171.6"
"8/28/2026 3:23:58 AM","33.062069","-96.89798","47.279","171.3"
"8/28/2026 3:23:59 AM","33.061947","-96.898209","48.033","171.2"
"8/28/2026 3:24:00 AM","33.061829","-96.898438","48.349","171.2"
"8/28/2026 3:24:01 AM","33.061707","-96.898666","48.402","171.2"
"8/28/2026 3:24:02 AM","33.061588","-96.898895","48.83","171.3"
"8/28/2026 3:24:03 AM","33.061466","-96.899124","49.088","171.5"
"8/28/2026 3:24:04 AM","33.061344","-96.899345","49.359","171.5"
"8/28/2026 3:24:05 AM","33.061222","-96.899574","49.631","171.7"
"8/28/2026 3:24:06 AM","33.0611","-96.899803","49.898","171.9"
"8/28/2026 3:24:07 AM","33.060982","-96.900047","50.239","172"
"8/28/2026 3:24:08 AM","33.060863","-96.900291","50.524","172"
"8/28/2026 3:24:09 AM","33.060745","-96.900536","50.793","171.9"
"8/28/2026 3:24:10 AM","33.060627","-96.90078","51.031","171.7"
"8/28/2026 3:24:11 AM","33.060509","-96.901024","51.26","171.5"
"8/28/2026 3:24:12 AM","33.06039","-96.901268","51.507","171.3"
"8/28/2026 3:24:13 AM","33.060268","-96.901512","51.865","170.9"
"8/28/2026 3:24:14 AM","33.060146","-96.901772","51.845","170.6"
"8/28/2026 3:24:15 AM","33.060024","-96.902016","52.013","170.2"
"8/28/2026 3:24:16 AM","33.059902","-96.902275","53.07","169.8"
"8/28/2026 3:24:17 AM","33.05978","-96.902519","53.536","169.3"
"8/28/2026 3:24:18 AM","33.059658","-96.902786","54.162","168.7"
"8/28/2026 3:24:19 AM","33.059544","-96.903061","55.108","168"
"8/28/2026 3:24:20 AM","33.059422","-96.90332","55.77","167.3"
"8/28/2026 3:24:21 AM","33.059299","-96.903595","56.172","166.5"
"8/28/2026 3:24:22 AM","33.05917","-96.903877","56.6","165.6"
"8/28/2026 3:24:23 AM","33.059044","-96.904152","57.217","164.8"
"8/28/2026 3:24:24 AM","33.058918","-96.904442","58.152","163.9"
"8/28/2026 3:24:25 AM","33.058788","-96.904716","58.918","163"
"8/28/2026 3:24:26 AM","33.058659","-96.905014","59.477","162.2"
"8/28/2026 3:24:27 AM","33.058529","-96.905304","59.915","161.6"
"8/28/2026 3:24:28 AM","33.058395","-96.905602","60.242","161.1"
"8/28/2026 3:24:29 AM","33.058262","-96.905891","60.559","160.7"
"8/28/2026 3:24:30 AM","33.058125","-96.906181","60.85","160.4"
"8/28/2026 3:24:31 AM","33.057991","-96.906479","61.148","160.2"
"8/28/2026 3:24:32 AM","33.057854","-96.906784","61.461","159.9"
"8/28/2026 3:24:33 AM","33.05772","-96.907082","61.708","159.6"
"8/28/2026 3:24:34 AM","33.057579","-96.907387","61.974","159.4"
"8/28/2026 3:24:35 AM","33.057446","-96.907684","62.138","159.1"
"8/28/2026 3:24:36 AM","33.057308","-96.90799","62.345","158.7"
"8/28/2026 3:24:37 AM","33.057171","-96.908287","62.402","158.5"
"8/28/2026 3:24:38 AM","33.05703","-96.908592","62.595","158.2"
"8/28/2026 3:24:39 AM","33.056892","-96.908905","62.663","157.9"
"8/28/2026 3:24:40 AM","33.056747","-96.909195","62.835","157.7"
"8/28/2026 3:24:41 AM","33.056602","-96.909508","62.874","157.5"
"8/28/2026 3:24:42 AM","33.056458","-96.909813","62.945","157.2"
"8/28/2026 3:24:43 AM","33.056316","-96.91011","63.117","157"
"8/28/2026 3:24:44 AM","33.056168","-96.910416","63.141","156.9"
"8/28/2026 3:24:45 AM","33.05603","-96.910728","63.153","156.7"
"8/28/2026 3:24:46 AM","33.055889","-96.911018","63.148","156.5"
"8/28/2026 3:24:47 AM","33.055748","-96.911331","63.127","156.3"
"8/28/2026 3:24:48 AM","33.055611","-96.911636","63.108","156.2"
"8/28/2026 3:24:49 AM","33.05547","-96.911949","63.105","156"
"8/28/2026 3:24:50 AM","33.055332","-96.912254","63.094","155.9"
"8/28/2026 3:24:51 AM","33.055187","-96.912552","63.091","155.7"
"8/28/2026 3:24:52 AM","33.055046","-96.912857","63.105","155.6"
"8/28/2026 3:24:53 AM","33.054897","-96.91317","63.135","155.4"
"8/28/2026 3:24:54 AM","33.054756","-96.91346","63.161","155.2"
"8/28/2026 3:24:55 AM","33.054611","-96.913773","63.187","155.1"
"8/28/2026 3:24:56 AM","33.054466","-96.914078","63.22","154.9"
"8/28/2026 3:24:57 AM","33.054325","-96.914375","63.248","154.8"
"8/28/2026 3:24:58 AM","33.054184","-96.91468","63.272","154.6"
"8/28/2026 3:24:59 AM","33.054039","-96.914993","63.292","154.4"
"8/28/2026 3:25:00 AM","33.053902","-96.915298","63.336","154.3"
"8/28/2026 3:25:01 AM","33.053764","-96.915611","63.32","154.4"
"8/28/2026 3:25:02 AM","33.053627","-96.915901","63.067","154.5"
"8/28/2026 3:25:03 AM","33.053482","-96.916214","63.015","154.7"
"8/28/2026 3:25:04 AM","33.053345","-96.916519","62.858","155.3"
"8/28/2026 3:25:05 AM","33.053204","-96.916832","62.845","155.5"
"8/28/2026 3:25:06 AM","33.053055","-96.917122","62.859","155.8"
"8/28/2026 3:25:07 AM","33.052902","-96.917412","62.927","156"
"8/28/2026 3:25:08 AM","33.052738","-96.917709","62.998","156.2"
"8/28/2026 3:25:09 AM","33.05257","-96.917984","63.193","156.3"
"8/28/2026 3:25:10 AM","33.052395","-96.918259","63.221","156.2"
"8/28/2026 3:25:11 AM","33.052219","-96.918541","63.251","156.1"
"8/28/2026 3:25:12 AM","33.052029","-96.918816","63.294","156.1"
"8/28/2026 3:25:13 AM","33.051834","-96.919075","63.291","156.1"
"8/28/2026 3:25:14 AM","33.051636","-96.919334","63.292","156.3"
"8/28/2026 3:25:15 AM","33.05143","-96.919579","63.471","155.9"
"8/28/2026 3:25:16 AM","33.051216","-96.919823","63.273","155.7"
"8/28/2026 3:25:17 AM","33.051006","-96.920052","63.284","155.6"
"8/28/2026 3:25:18 AM","33.050781","-96.92028","62.814","155.8"
"8/28/2026 3:25:19 AM","33.050552","-96.920494","63.017","155.5"
"8/28/2026 3:25:20 AM","33.05032","-96.9207","63.427","154.7"
"8/28/2026 3:25:21 AM","33.050083","-96.920914","63.447","153.9"
"8/28/2026 3:25:22 AM","33.049839","-96.921097","63.504","152.9"
"8/28/2026 3:25:23 AM","33.049587","-96.921288","63.528","151.9"
"8/28/2026 3:25:24 AM","33.049332","-96.921471","63.507","151.2"
"8/28/2026 3:25:25 AM","33.049076","-96.921631","63.526","150.4"
"8/28/2026 3:25:26 AM","33.048817","-96.921791","63.53","149.8"
"8/28/2026 3:25:27 AM","33.04855","-96.921959","63.518","149.1"
"8/28/2026 3:25:28 AM","33.048283","-96.922104","63.513","148.5"
"8/28/2026 3:25:29 AM","33.048012","-96.922234","63.489","147.9"
"8/28/2026 3:25:30 AM","33.047733","-96.922363","63.455","147.3"
"8/28/2026 3:25:31 AM","33.047459","-96.922478","63.225","146.7"
"8/28/2026 3:25:32 AM","33.047176","-96.922592","63.208","146.3"
"8/28/2026 3:25:33 AM","33.046894","-96.922691","63.205","145.9"
"8/28/2026 3:25:34 AM","33.046616","-96.922783","63.126","145.7"
"8/28/2026 3:25:35 AM","33.046333","-96.922867","62.723","145.3"
"8/28/2026 3:25:36 AM","33.046055","-96.922935","63.08","145.1"
"8/28/2026 3:25:37 AM","33.045765","-96.922997","63.387","144.9"
"8/28/2026 3:25:38 AM","33.045475","-96.92305","63.321","144.9"
"8/28/2026 3:25:39 AM","33.045181","-96.923096","63.301","145"
"8/28/2026 3:25:40 AM","33.044888","-96.923126","63.249","145.2"
"8/28/2026 3:25:41 AM","33.044598","-96.923141","63.256","145.6"
"8/28/2026 3:25:42 AM","33.044304","-96.923164","63.258","145.7"
"8/28/2026 3:25:43 AM","33.04401","-96.923164","63.247","145.8"
"8/28/2026 3:25:44 AM","33.043716","-96.923164","63.092","145.8"
"8/28/2026 3:25:45 AM","33.043423","-96.923141","63.04","146.2"
"8/28/2026 3:25:46 AM","33.043133","-96.923126","62.836","146.4"
"8/28/2026 3:25:47 AM","33.042843","-96.923111","62.86","146.5"
"8/28/2026 3:25:48 AM","33.042549","-96.923096","62.92","146.9"
"8/28/2026 3:25:49 AM","33.042255","-96.923096","62.947","147.4"
"8/28/2026 3:25:50 AM","33.041958","-96.92308","62.962","147.8"
"8/28/2026 3:25:51 AM","33.041668","-96.923065","63.01","148"
"8/28/2026 3:25:52 AM","33.041374","-96.923065","63.211","148.2"
"8/28/2026 3:25:53 AM","33.04108","-96.92305","62.936","148.4"
"8/28/2026 3:25:54 AM","33.040791","-96.923027","62.997","148.7"
"8/28/2026 3:25:55 AM","33.040493","-96.923027","63.055","149"
"8/28/2026 3:25:56 AM","33.040203","-96.923012","63.08","149.3"
"8/28/2026 3:25:57 AM","33.039909","-96.923012","63.083","149.5"
"8/28/2026 3:25:58 AM","33.039619","-96.92305","62.708","149.6"
"8/28/2026 3:25:59 AM","33.039326","-96.92308","63.203","149.7"
"8/28/2026 3:26:00 AM","33.03904","-96.923126","62.496","150"
"8/28/2026 3:26:01 AM","33.03875","-96.923195","63.187","150"
"8/28/2026 3:26:02 AM","33.038464","-96.923271","62.668","150"
"8/28/2026 3:26:03 AM","33.038185","-96.92337","63.26","150"
"8/28/2026 3:26:04 AM","33.037907","-96.923485","62.819","149.8"
"8/28/2026 3:26:05 AM","33.037632","-96.923615","62.966","149.7"
"8/28/2026 3:26:06 AM","33.037357","-96.923744","63.227","149.5"
"8/28/2026 3:26:07 AM","33.037094","-96.923912","63.198","149.3"
"8/28/2026 3:26:08 AM","33.036831","-96.924072","63.174","149.1"
"8/28/2026 3:26:09 AM","33.036575","-96.924248","63.17","148.8"
"8/28/2026 3:26:10 AM","33.036324","-96.924431","63.331","148.7"
"8/28/2026 3:26:11 AM","33.036076","-96.924629","63.352","148.6"
"8/28/2026 3:26:12 AM","33.035824","-96.924805","63.422","148.5"
"8/28/2026 3:26:13 AM","33.035576","-96.92498","63.383","148.2"
"8/28/2026 3:26:14 AM","33.035332","-96.925163","63.239","148.3"
"8/28/2026 3:26:15 AM","33.035076","-96.925362","63.671","148.1"
"8/28/2026 3:26:16 AM","33.034824","-96.925537","63.654","147.9"
"8/28/2026 3:26:17 AM","33.034569","-96.925713","63.457","148.1"
"8/28/2026 3:26:18 AM","33.034313","-96.925896","63.398","148.2"
"8/28/2026 3:26:19 AM","33.034061","-96.926071","63.372","148.3"
"8/28/2026 3:26:20 AM","33.033813","-96.92627","63.335","148.3"
"8/28/2026 3:26:21 AM","33.033558","-96.926445","63.359","148.4"
"8/28/2026 3:26:22 AM","33.033306","-96.926628","63.322","148.2"
"8/28/2026 3:26:23 AM","33.033054","-96.926804","63.288","148"
"8/28/2026 3:26:24 AM","33.032799","-96.926987","63.248","147.6"
"8/28/2026 3:26:25 AM","33.032547","-96.927162","63.227","147.2"
"8/28/2026 3:26:26 AM","33.032299","-96.927345","63.206","147.1"
"8/28/2026 3:26:27 AM","33.032047","-96.927521","63.201","146.8"
"8/28/2026 3:26:28 AM","33.031799","-96.927704","63.218","146.7"
"8/28/2026 3:26:29 AM","33.031548","-96.927895","63.223","146.5"
"8/28/2026 3:26:30 AM","33.031296","-96.928078","63.203","146.4"
"8/28/2026 3:26:31 AM","33.031048","-96.928253","63.187","145.9"
"8/28/2026 3:26:32 AM","33.030796","-96.928436","63.175","145.5"
"8/28/2026 3:26:33 AM","33.030544","-96.928612","63.182","145.2"
"8/28/2026 3:26:34 AM","33.030293","-96.928795","63.2","144.9"
"8/28/2026 3:26:35 AM","33.030041","-96.92897","63.227","144.7"
"8/28/2026 3:26:36 AM","33.029789","-96.929153","63.235","144.4"
"8/28/2026 3:26:37 AM","33.029537","-96.929329","63.241","144.3"
"8/28/2026 3:26:38 AM","33.029285","-96.929512","63.24","144"
"8/28/2026 3:26:39 AM","33.029037","-96.929688","63.245","143.7"
"8/28/2026 3:26:40 AM","33.028786","-96.929863","63.241","143.4"
"8/28/2026 3:26:41 AM","33.02853","-96.930061","63.238","142.9"
"8/28/2026 3:26:42 AM","33.028282","-96.930244","63.229","142.7"
"8/28/2026 3:26:43 AM","33.02803","-96.93042","63.219","142.4"
"8/28/2026 3:26:44 AM","33.027782","-96.930595","63.206","142"
"8/28/2026 3:26:45 AM","33.027531","-96.930779","63.197","141.7"
"8/28/2026 3:26:46 AM","33.027279","-96.930954","63.186","141.4"
"8/28/2026 3:26:47 AM","33.027031","-96.931137","63.179","141.3"
"8/28/2026 3:26:48 AM","33.026783","-96.931313","63.16","141.1"
"8/28/2026 3:26:49 AM","33.026535","-96.931511","63.122","141.1"
"8/28/2026 3:26:50 AM","33.026287","-96.931686","62.919","141.1"
"8/28/2026 3:26:51 AM","33.026043","-96.93187","62.868","141.3"
"8/28/2026 3:26:52 AM","33.025795","-96.932045","62.813","141.5"
"8/28/2026 3:26:53 AM","33.025547","-96.932243","62.755","141.7"
"8/28/2026 3:26:54 AM","33.025303","-96.932419","62.741","141.8"
"8/28/2026 3:26:55 AM","33.025051","-96.932602","62.747","142"
"8/28/2026 3:26:56 AM","33.024803","-96.932777","62.741","142.2"
"8/28/2026 3:26:57 AM","33.024555","-96.932961","62.783","142.4"
"8/28/2026 3:26:58 AM","33.024303","-96.933136","62.945","142.5"
"8/28/2026 3:26:59 AM","33.024052","-96.933319","62.997","142.6"
"8/28/2026 3:27:00 AM","33.0238","-96.933495","63.069","142.6"
"8/28/2026 3:27:01 AM","33.023552","-96.933678","63.234","142.6"
"8/28/2026 3:27:02 AM","33.0233","-96.933853","63.266","142.4"
"8/28/2026 3:27:03 AM","33.023048","-96.934052","63.311","142.2"
"8/28/2026 3:27:04 AM","33.022793","-96.934227","63.372","142"
"8/28/2026 3:27:05 AM","33.022541","-96.93441","63.425","141.8"
"8/28/2026 3:27:06 AM","33.022289","-96.934586","63.467","141.5"
"8/28/2026 3:27:07 AM","33.022038","-96.934769","63.514","141.1"
"8/28/2026 3:27:08 AM","33.021786","-96.934944","63.56","140.7"
"8/28/2026 3:27:09 AM","33.021534","-96.935127","63.579","140.2"
"8/28/2026 3:27:10 AM","33.021282","-96.935303","63.589","139.8"
"8/28/2026 3:27:11 AM","33.02103","-96.935501","63.605","139.2"
"8/28/2026 3:27:12 AM","33.020775","-96.935677","63.622","138.6"
"8/28/2026 3:27:13 AM","33.020523","-96.93586","63.635","138"
"8/28/2026 3:27:14 AM","33.020271","-96.936035","63.633","137.3"
"8/28/2026 3:27:15 AM","33.02002","-96.936211","63.598","136.7"
"8/28/2026 3:27:16 AM","33.019768","-96.936409","63.375","136.2"
"8/28/2026 3:27:17 AM","33.019516","-96.936592","63.303","135.9"
"8/28/2026 3:27:18 AM","33.019268","-96.936768","63.232","135.7"
"8/28/2026 3:27:19 AM","33.019016","-96.936943","63.17","135.6"
"8/28/2026 3:27:20 AM","33.018764","-96.937126","62.947","135.6"
"8/28/2026 3:27:21 AM","33.018517","-96.937302","62.908","135.8"
"8/28/2026 3:27:22 AM","33.018265","-96.937485","62.869","136.1"
"8/28/2026 3:27:23 AM","33.018017","-96.93766","62.863","136.3"
"8/28/2026 3:27:24 AM","33.017769","-96.937843","62.87","136.4"
"8/28/2026 3:27:25 AM","33.017517","-96.938019","62.922","136.6"
"8/28/2026 3:27:26 AM","33.017269","-96.938202","63.083","136.7"
"8/28/2026 3:27:27 AM","33.017017","-96.938377","63.15","136.6"
"8/28/2026 3:27:28 AM","33.016769","-96.93856","63.204","136.5"
"8/28/2026 3:27:29 AM","33.016521","-96.938736","63.25","136.4"
"8/28/2026 3:27:30 AM","33.016273","-96.938934","63.289","136.3"
"8/28/2026 3:27:31 AM","33.016033","-96.939125","63.332","136.2"
"8/28/2026 3:27:32 AM","33.015793","-96.939339","63.369","136"
"8/28/2026 3:27:33 AM","33.015556","-96.939552","63.164","135.9"
"8/28/2026 3:27:34 AM","33.01532","-96.939766","63.391","135.7"
"8/28/2026 3:27:35 AM","33.015091","-96.939972","63.365","135.6"
"8/28/2026 3:27:36 AM","33.01487","-96.940201","63.382","135.5"
"8/28/2026 3:27:37 AM","33.014648","-96.94043","63.307","135.5"
"8/28/2026 3:27:38 AM","33.014423","-96.940674","63.14","135.9"
"8/28/2026 3:27:39 AM","33.014214","-96.940903","63.065","136.2"
"8/28/2026 3:27:40 AM","33.014","-96.941147","62.87","136.8"
"8/28/2026 3:27:41 AM","33.013798","-96.941391","62.798","137.3"
"8/28/2026 3:27:42 AM","33.013592","-96.941635","62.781","137.8"
"8/28/2026 3:27:43 AM","33.013386","-96.941879","62.779","138.2"
"8/28/2026 3:27:44 AM","33.013184","-96.942123","62.81","138.7"
"8/28/2026 3:27:45 AM","33.012981","-96.942383","62.863","139.2"
"8/28/2026 3:27:46 AM","33.012772","-96.942627","62.874","139.6"
"8/28/2026 3:27:47 AM","33.012569","-96.942871","62.919","140.1"
"8/28/2026 3:27:48 AM","33.012363","-96.943115","62.958","140.5"
"8/28/2026 3:27:49 AM","33.012157","-96.943359","62.989","141"
"8/28/2026 3:27:50 AM","33.011951","-96.943604","63.041","141.3"
"8/28/2026 3:27:51 AM","33.011742","-96.943848","63.281","141.6"
"8/28/2026 3:27:52 AM","33.011536","-96.944107","63.292","141.8"
"8/28/2026 3:27:53 AM","33.01133","-96.944351","63.27","141.9"
"8/28/2026 3:27:54 AM","33.01112","-96.944595","63.254","142"
"8/28/2026 3:27:55 AM","33.010914","-96.944839","63.261","142.1"
"8/28/2026 3:27:56 AM","33.010704","-96.945084","63.287","142.1"
"8/28/2026 3:27:57 AM","33.010498","-96.945343","63.293","142"
"8/28/2026 3:27:58 AM","33.0103","-96.945587","63.339","141.9"
"8/28/2026 3:27:59 AM","33.010094","-96.945847","63.389","141.8"
"8/28/2026 3:28:00 AM","33.009892","-96.946091","63.445","141.5"
"8/28/2026 3:28:01 AM","33.009689","-96.946358","63.47","141.3"
"8/28/2026 3:28:02 AM","33.009495","-96.946617","63.467","141.2"
"8/28/2026 3:28:03 AM","33.009296","-96.946877","63.437","141.2"
"8/28/2026 3:28:04 AM","33.009098","-96.947136","63.264","141.3"
"8/28/2026 3:28:05 AM","33.008904","-96.947395","63.234","141.5"
"8/28/2026 3:28:06 AM","33.008709","-96.947639","63.192","141.6"
"8/28/2026 3:28:07 AM","33.008511","-96.947899","63.188","141.6"
"8/28/2026 3:28:08 AM","33.008312","-96.948158","63.187","141.7"
"8/28/2026 3:28:09 AM","33.008118","-96.948418","63.202","141.8"
"8/28/2026 3:28:10 AM","33.007923","-96.948685","63.196","141.9"
"8/28/2026 3:28:11 AM","33.007725","-96.948944","63.202","142"
"8/28/2026 3:28:12 AM","33.007526","-96.949203","63.206","142"
"8/28/2026 3:28:13 AM","33.007332","-96.949448","63.202","142"
"8/28/2026 3:28:14 AM","33.007137","-96.949707","63.192","142"
"8/28/2026 3:28:15 AM","33.006943","-96.949966","63.18","142"
"8/28/2026 3:28:16 AM","33.006741","-96.950226","63.178","141.9"
"8/28/2026 3:28:17 AM","33.006546","-96.950485","63.173","141.9"
"8/28/2026 3:28:18 AM","33.006351","-96.950752","63.175","142"
"8/28/2026 3:28:19 AM","33.006153","-96.951012","63.164","142.3"
"8/28/2026 3:28:20 AM","33.005959","-96.951271","63.168","142.3"
"8/28/2026 3:28:21 AM","33.005756","-96.951515","63.177","142.2"
"8/28/2026 3:28:22 AM","33.005558","-96.951775","63.187","142.4"
"8/28/2026 3:28:23 AM","33.005363","-96.952034","63.191","142.4"
"8/28/2026 3:28:24 AM","33.005165","-96.952293","63.196","142.6"
"8/28/2026 3:28:25 AM","33.004967","-96.952553","63.538","142.3"
"8/28/2026 3:28:26 AM","33.004772","-96.952812","63.316","142.1"
"8/28/2026 3:28:27 AM","33.004574","-96.953079","63.239","142"
"8/28/2026 3:28:28 AM","33.004379","-96.953339","63.035","142.1"
"8/28/2026 3:28:29 AM","33.004185","-96.953583","63.109","142.5"
"8/28/2026 3:28:30 AM","33.003983","-96.953842","63.093","142.7"
"8/28/2026 3:28:31 AM","33.003788","-96.954102","63.062","143"
"8/28/2026 3:28:32 AM","33.003593","-96.954361","63.02","143.4"
"8/28/2026 3:28:33 AM","33.003399","-96.95462","62.998","143.9"
"8/28/2026 3:28:34 AM","33.003197","-96.954865","62.999","144.4"
"8/28/2026 3:28:35 AM","33.003002","-96.955124","63.006","144.9"
"8/28/2026 3:28:36 AM","33.002808","-96.955391","63.021","145.3"
"8/28/2026 3:28:37 AM","33.002613","-96.95565","63.048","145.9"
"8/28/2026 3:28:38 AM","33.002419","-96.95591","63.091","146.2"
"8/28/2026 3:28:39 AM","33.00222","-96.956169","63.11","146.7"
"8/28/2026 3:28:40 AM","33.002029","-96.956429","63.128","147.1"
"8/28/2026 3:28:41 AM","33.001835","-96.956688","63.157","147.6"
"8/28/2026 3:28:42 AM","33.001644","-96.956947","63.185","148.1"
"8/28/2026 3:28:43 AM","33.00145","-96.957207","63.221","148.3"
"8/28/2026 3:28:44 AM","33.001247","-96.957474","63.256","148.6"
"8/28/2026 3:28:45 AM","33.001049","-96.957733","63.289","148.9"
"8/28/2026 3:28:46 AM","33.000854","-96.957993","63.298","149.1"
"8/28/2026 3:28:47 AM","33.000656","-96.958237","63.278","149.3"
"8/28/2026 3:28:48 AM","33.000454","-96.958496","63.307","149.4"
"8/28/2026 3:28:49 AM","33.000256","-96.958755","63.466","149.6"
"8/28/2026 3:28:50 AM","33.000061","-96.959015","63.531","149.7"
"8/28/2026 3:28:51 AM","32.999863","-96.959274","63.355","149.6"
"8/28/2026 3:28:52 AM","32.999668","-96.959541","63.308","149.5"
"8/28/2026 3:28:53 AM","32.999466","-96.959785","63.789","149.6"
"8/28/2026 3:28:54 AM","32.999271","-96.960045","62.997","149.7"
"8/28/2026 3:28:55 AM","32.999073","-96.960304","63.566","149.5"
"8/28/2026 3:28:56 AM","32.998875","-96.960564","63.637","149"
"8/28/2026 3:28:57 AM","32.998672","-96.960823","63.337","148.4"
"8/28/2026 3:28:58 AM","32.998478","-96.961082","63.69","147.9"
"8/28/2026 3:28:59 AM","32.99828","-96.961342","63.656","147.5"
"8/28/2026 3:29:00 AM","32.998081","-96.961601","63.479","147.2"
"8/28/2026 3:29:01 AM","32.997879","-96.961868","63.527","146.5"
"8/28/2026 3:29:02 AM","32.997684","-96.962128","63.509","145.7"
"8/28/2026 3:29:03 AM","32.997486","-96.962387","63.51","145.4"
"8/28/2026 3:29:04 AM","32.997292","-96.962646","63.459","145.4"
"8/28/2026 3:29:05 AM","32.997086","-96.962906","63.5","145.1"
"8/28/2026 3:29:06 AM","32.996891","-96.963165","63.344","144.4"
"8/28/2026 3:29:07 AM","32.996693","-96.963425","63.318","143.8"
"8/28/2026 3:29:08 AM","32.996498","-96.963669","63.383","143.3"
"8/28/2026 3:29:09 AM","32.996296","-96.963936","63.409","142.9"
"8/28/2026 3:29:10 AM","32.996098","-96.964195","63.355","142.7"
"8/28/2026 3:29:11 AM","32.995903","-96.964455","63.394","141.9"
"8/28/2026 3:29:12 AM","32.995705","-96.964714","63.418","141.1"
"8/28/2026 3:29:13 AM","32.99551","-96.964973","63.424","140.1"
"8/28/2026 3:29:14 AM","32.995319","-96.965248","63.438","139.2"
"8/28/2026 3:29:15 AM","32.99514","-96.96553","63.434","139.2"
"8/28/2026 3:29:16 AM","32.994976","-96.965805","63.391","137.7"
"8/28/2026 3:29:17 AM","32.994812","-96.966095","63.364","137.1"
"8/28/2026 3:29:18 AM","32.994663","-96.966393","63.366","136"
"8/28/2026 3:29:19 AM","32.994518","-96.966698","63.333","135"
"8/28/2026 3:29:20 AM","32.994389","-96.96701","63.305","133.9"
"8/28/2026 3:29:21 AM","32.994267","-96.967331","63.103","133.5"
"8/28/2026 3:29:22 AM","32.994156","-96.967644","63.035","133.2"
"8/28/2026 3:29:23 AM","32.994057","-96.967972","63.008","133"
"8/28/2026 3:29:24 AM","32.993961","-96.968292","62.947","132.9"
"8/28/2026 3:29:25 AM","32.993874","-96.968636","62.931","133"
"8/28/2026 3:29:26 AM","32.993797","-96.968964","62.969","133.2"
"8/28/2026 3:29:27 AM","32.993732","-96.969307","62.907","133.3"
"8/28/2026 3:29:28 AM","32.993675","-96.969643","62.925","133.7"
"8/28/2026 3:29:29 AM","32.993629","-96.969986","62.913","134.2"
"8/28/2026 3:29:30 AM","32.993576","-96.970329","62.891","134.9"
"8/28/2026 3:29:31 AM","32.993523","-96.970673","62.852","135.8"
"8/28/2026 3:29:32 AM","32.993465","-96.971016","62.825","136.6"
"8/28/2026 3:29:33 AM","32.993412","-96.971352","62.791","137.5"
"8/28/2026 3:29:34 AM","32.993359","-96.971695","62.793","138.3"
"8/28/2026 3:29:35 AM","32.993305","-96.972038","62.824","139"
"8/28/2026 3:29:36 AM","32.993252","-96.972382","63.027","139.5"
"8/28/2026 3:29:37 AM","32.993198","-96.972725","63.06","140.1"
"8/28/2026 3:29:38 AM","32.993141","-96.973061","63.109","140.6"
"8/28/2026 3:29:39 AM","32.993084","-96.973404","63.267","141"
"8/28/2026 3:29:40 AM","32.993027","-96.973747","63.317","141.3"
"8/28/2026 3:29:41 AM","32.992958","-96.974075","63.36","141.7"
"8/28/2026 3:29:42 AM","32.992882","-96.974411","63.401","141.9"
"8/28/2026 3:29:43 AM","32.992802","-96.974754","63.329","142.1"
"8/28/2026 3:29:44 AM","32.99271","-96.975082","63.511","142"
"8/28/2026 3:29:45 AM","32.992607","-96.97541","63.53","141.7"
"8/28/2026 3:29:46 AM","32.992496","-96.975731","63.521","141.5"
"8/28/2026 3:29:47 AM","32.992378","-96.976059","63.497","141.3"
"8/28/2026 3:29:48 AM","32.992249","-96.976364","63.477","141.3"
"8/28/2026 3:29:49 AM","32.992111","-96.976677","63.494","141.2"
"8/28/2026 3:29:50 AM","32.991959","-96.976982","63.5","141"
"8/28/2026 3:29:51 AM","32.991806","-96.97728","64.017","140.8"
"8/28/2026 3:29:52 AM","32.991638","-96.97757","63.576","140.5"
"8/28/2026 3:29:53 AM","32.991467","-96.977852","63.822","140.2"
"8/28/2026 3:29:54 AM","32.991287","-96.978142","63.607","139.5"
"8/28/2026 3:29:55 AM","32.991108","-96.978416","63.64","138.8"
"8/28/2026 3:29:56 AM","32.990929","-96.978691","63.633","138"
"8/28/2026 3:29:57 AM","32.990749","-96.978973","63.58","137.4"
"8/28/2026 3:29:58 AM","32.990566","-96.979248","63.526","136.8"
"8/28/2026 3:29:59 AM","32.990391","-96.979523","63.307","136.5"
"8/28/2026 3:30:00 AM","32.990211","-96.979805","63.144","136.4"
"8/28/2026 3:30:01 AM","32.990036","-96.980064","63.093","136.5"
"8/28/2026 3:30:02 AM","32.989857","-96.980339","63.022","136.6"
"8/28/2026 3:30:03 AM","32.989677","-96.980614","62.952","136.8"
"8/28/2026 3:30:04 AM","32.989498","-96.980888","62.9","137.1"
"8/28/2026 3:30:05 AM","32.989323","-96.981171","62.652","137.6"
"8/28/2026 3:30:06 AM","32.989143","-96.98143","62.647","138.5"
"8/28/2026 3:30:07 AM","32.988964","-96.981705","62.627","139.3"
"8/28/2026 3:30:08 AM","32.988785","-96.981979","62.635","140.2"
"8/28/2026 3:30:09 AM","32.988605","-96.982262","62.656","140.9"
"8/28/2026 3:30:10 AM","32.98843","-96.982536","62.733","141.6"
"8/28/2026 3:30:11 AM","32.988255","-96.982811","62.934","142.1"
"8/28/2026 3:30:12 AM","32.988075","-96.983086","63.109","142.6"
"8/28/2026 3:30:13 AM","32.987896","-96.983353","63.176","143"
"8/28/2026 3:30:14 AM","32.98772","-96.983627","63.185","143.1"
"8/28/2026 3:30:15 AM","32.987541","-96.983917","63.375","143.2"
"8/28/2026 3:30:16 AM","32.987366","-96.9842","63.349","143.3"
"8/28/2026 3:30:17 AM","32.987194","-96.984474","63.35","143.3"
"8/28/2026 3:30:18 AM","32.987038","-96.984764","63.361","143.1"
"8/28/2026 3:30:19 AM","32.986885","-96.985077","63.398","142.8"
"8/28/2026 3:30:20 AM","32.986744","-96.985367","63.434","142.6"
"8/28/2026 3:30:21 AM","32.986614","-96.985695","63.441","142.2"
"8/28/2026 3:30:22 AM","32.986496","-96.986","63.471","141.8"
"8/28/2026 3:30:23 AM","32.986382","-96.986328","63.485","141.5"
"8/28/2026 3:30:24 AM","32.986279","-96.986656","63.494","141.2"
"8/28/2026 3:30:25 AM","32.986191","-96.986992","63.469","140.9"
"8/28/2026 3:30:26 AM","32.986118","-96.987335","63.46","140.4"
"8/28/2026 3:30:27 AM","32.98605","-96.987679","63.253","140"
"8/28/2026 3:30:28 AM","32.986","-96.988022","63.048","140"
"8/28/2026 3:30:29 AM","32.985958","-96.988365","63.316","140.1"
"8/28/2026 3:30:30 AM","32.985924","-96.988701","62.902","140.3"
"8/28/2026 3:30:31 AM","32.985901","-96.989044","63.128","140.6"
"8/28/2026 3:30:32 AM","32.985889","-96.989403","62.684","141.1"
"8/28/2026 3:30:33 AM","32.985889","-96.989746","63.07","141.8"
"8/28/2026 3:30:34 AM","32.985901","-96.990089","62.79","142.5"
"8/28/2026 3:30:35 AM","32.985924","-96.990433","63.234","143"
"8/28/2026 3:30:36 AM","32.985958","-96.990768","62.831","143.5"
"8/28/2026 3:30:37 AM","32.986004","-96.991112","62.852","144"
"8/28/2026 3:30:38 AM","32.986057","-96.991455","62.97","144.3"
"8/28/2026 3:30:39 AM","32.986126","-96.991798","63.17","144.4"
"8/28/2026 3:30:40 AM","32.986202","-96.992142","63.24","144.5"
"8/28/2026 3:30:41 AM","32.98629","-96.992462","63.478","144.2"
"8/28/2026 3:30:42 AM","32.986393","-96.99279","63.295","143.8"
"8/28/2026 3:30:43 AM","32.9865","-96.993118","62.764","144.5"
"8/28/2026 3:30:44 AM","32.986618","-96.993439","63.272","144.3"
"8/28/2026 3:30:45 AM","32.986744","-96.993752","63.227","144.3"
"8/28/2026 3:30:46 AM","32.986874","-96.994072","63.302","144.1"
"8/28/2026 3:30:47 AM","32.987003","-96.994385","63.364","143.8"
"8/28/2026 3:30:48 AM","32.987133","-96.994698","63.439","143.5"
"8/28/2026 3:30:49 AM","32.987259","-96.995018","63.608","143.2"
"8/28/2026 3:30:50 AM","32.987389","-96.995331","63.65","142.8"
"8/28/2026 3:30:51 AM","32.987526","-96.995651","63.66","142.3"
"8/28/2026 3:30:52 AM","32.987652","-96.995964","63.63","142"
"8/28/2026 3:30:53 AM","32.987782","-96.996292","63.595","141.6"
"8/28/2026 3:30:54 AM","32.987911","-96.996597","63.564","141.2"
"8/28/2026 3:30:55 AM","32.988041","-96.99691","63.547","140.8"
"8/28/2026 3:30:56 AM","32.988171","-96.997231","63.521","140.4"
"8/28/2026 3:30:57 AM","32.9883","-96.997543","63.504","140"
"8/28/2026 3:30:58 AM","32.98843","-96.997849","63.49","139.6"
"8/28/2026 3:30:59 AM","32.988567","-96.998161","63.481","139.2"
"8/28/2026 3:31:00 AM","32.988693","-96.998489","63.465","138.8"
"8/28/2026 3:31:01 AM","32.988823","-96.998795","63.455","138.4"
"8/28/2026 3:31:02 AM","32.988949","-96.999107","63.42","138.1"
"8/28/2026 3:31:03 AM","32.989075","-96.999428","63.215","137.9"
"8/28/2026 3:31:04 AM","32.989204","-96.999741","63.155","137.9"
"8/28/2026 3:31:05 AM","32.98933","-97.000046","62.985","138"
"8/28/2026 3:31:06 AM","32.989456","-97.000359","62.946","138.3"
"8/28/2026 3:31:07 AM","32.989582","-97.000664","62.918","138.5"
"8/28/2026 3:31:08 AM","32.989708","-97.000992","62.907","138.7"
"8/28/2026 3:31:09 AM","32.989834","-97.001305","62.903","139"
"8/28/2026 3:31:10 AM","32.989964","-97.00161","62.895","139.3"
"8/28/2026 3:31:11 AM","32.990086","-97.001938","62.884","139.7"
"8/28/2026 3:31:12 AM","32.990211","-97.002243","62.876","140.1"
"8/28/2026 3:31:13 AM","32.990334","-97.002556","62.874","140.4"
"8/28/2026 3:31:14 AM","32.99044","-97.002884","63.403","140.5"
"8/28/2026 3:31:15 AM","32.990543","-97.003204","63.146","140.6"
"8/28/2026 3:31:16 AM","32.990627","-97.003532","62.817","140.7"
"8/28/2026 3:31:17 AM","32.9907","-97.003876","63.572","140.9"
"8/28/2026 3:31:18 AM","32.990757","-97.004219","62.631","141.1"
"8/28/2026 3:31:19 AM","32.990795","-97.004555","63.022","141.3"
"8/28/2026 3:31:20 AM","32.990829","-97.004898","62.685","141.5"
"8/28/2026 3:31:21 AM","32.990845","-97.005257","63.062","141.5"
"8/28/2026 3:31:22 AM","32.990849","-97.0056","63.084","141.4"
"8/28/2026 3:31:23 AM","32.990841","-97.005943","62.948","141.4"
"8/28/2026 3:31:24 AM","32.990822","-97.006302","63.153","140.7"
"8/28/2026 3:31:25 AM","32.990784","-97.006638","64.306","139.8"
"8/28/2026 3:31:26 AM","32.990734","-97.006981","63.593","139.8"
"8/28/2026 3:31:27 AM","32.990677","-97.007324","63.214","138.8"
"8/28/2026 3:31:28 AM","32.990601","-97.007668","62.963","138.4"
"8/28/2026 3:31:29 AM","32.990517","-97.008011","63.895","138.2"
"8/28/2026 3:31:30 AM","32.990414","-97.008331","63.181","138"
"8/28/2026 3:31:31 AM","32.990292","-97.008644","63.233","138"
"8/28/2026 3:31:32 AM","32.990166","-97.008965","63.02","138.3"
"8/28/2026 3:31:33 AM","32.990028","-97.009277","63","138.6"
"8/28/2026 3:31:34 AM","32.989883","-97.009567","62.977","138.9"
"8/28/2026 3:31:35 AM","32.989727","-97.009865","62.954","139.4"
"8/28/2026 3:31:36 AM","32.989555","-97.010155","62.94","139.8"
"8/28/2026 3:31:37 AM","32.98938","-97.010429","62.959","139.9"
"8/28/2026 3:31:38 AM","32.989189","-97.010696","63.202","140.2"
"8/28/2026 3:31:39 AM","32.988998","-97.010956","62.968","140.5"
"8/28/2026 3:31:40 AM","32.988804","-97.01123","63.155","140.6"
"8/28/2026 3:31:41 AM","32.988605","-97.01149","62.978","140.9"
"8/28/2026 3:31:42 AM","32.988411","-97.011749","63.054","141.5"
"8/28/2026 3:31:43 AM","32.988216","-97.011993","63.007","142.2"
"8/28/2026 3:31:44 AM","32.988018","-97.012253","62.987","142.8"
"8/28/2026 3:31:45 AM","32.98782","-97.01252","62.911","143.4"
"8/28/2026 3:31:46 AM","32.987625","-97.012779","62.88","143.8"
"8/28/2026 3:31:47 AM","32.987434","-97.013039","62.838","144.4"
"8/28/2026 3:31:48 AM","32.987244","-97.013298","63.017","144.8"
"8/28/2026 3:31:49 AM","32.987049","-97.013557","63.055","144.8"
"8/28/2026 3:31:50 AM","32.986858","-97.013832","63.254","145.7"
"8/28/2026 3:31:51 AM","32.986668","-97.014091","63.297","146"
"8/28/2026 3:31:52 AM","32.986465","-97.014336","63.299","146.2"
"8/28/2026 3:31:53 AM","32.986271","-97.014603","63.306","146.3"
"8/28/2026 3:31:54 AM","32.986073","-97.014862","63.36","146.2"
"8/28/2026 3:31:55 AM","32.985867","-97.015121","63.421","146"
"8/28/2026 3:31:56 AM","32.985668","-97.015366","63.454","145.8"
"8/28/2026 3:31:57 AM","32.985462","-97.015625","63.492","145.6"
"8/28/2026 3:31:58 AM","32.985256","-97.015869","63.478","145.5"
"8/28/2026 3:31:59 AM","32.98505","-97.016113","63.203","145.5"
"8/28/2026 3:32:00 AM","32.984844","-97.016357","63.004","145.8"
"8/28/2026 3:32:01 AM","32.984631","-97.016602","62.938","146.4"
"8/28/2026 3:32:02 AM","32.984421","-97.01683","62.775","147"
"8/28/2026 3:32:03 AM","32.984203","-97.017075","62.767","147.6"
"8/28/2026 3:32:04 AM","32.98399","-97.017303","62.731","148.3"
"8/28/2026 3:32:05 AM","32.983768","-97.017532","62.688","149.3"
"8/28/2026 3:32:06 AM","32.983547","-97.017754","62.675","150.1"
"8/28/2026 3:32:07 AM","32.98333","-97.017967","62.689","150.9"
"8/28/2026 3:32:08 AM","32.983105","-97.018196","62.676","151.7"
"8/28/2026 3:32:09 AM","32.982883","-97.01841","62.706","152.5"
"8/28/2026 3:32:10 AM","32.982651","-97.018639","62.746","153.2"
"8/28/2026 3:32:11 AM","32.982422","-97.018845","62.788","154"
"8/28/2026 3:32:12 AM","32.982193","-97.019058","62.829","154"
"8/28/2026 3:32:13 AM","32.98196","-97.019272","62.872","155.6"
"8/28/2026 3:32:14 AM","32.981735","-97.019485","62.904","156.4"
"8/28/2026 3:32:15 AM","32.981506","-97.019691","62.934","157.2"
"8/28/2026 3:32:16 AM","32.981281","-97.01992","62.967","158"
"8/28/2026 3:32:17 AM","32.98106","-97.020149","63.152","158.7"
"8/28/2026 3:32:18 AM","32.980839","-97.020378","63.205","159.3"
"8/28/2026 3:32:19 AM","32.980618","-97.020607","63.261","159.8"
"8/28/2026 3:32:20 AM","32.980404","-97.020851","63.311","160.3"
"8/28/2026 3:32:21 AM","32.980183","-97.02108","63.387","160.6"
"8/28/2026 3:32:22 AM","32.979969","-97.021324","63.4","160.8"
"8/28/2026 3:32:23 AM","32.979755","-97.021568","63.444","160.9"
"8/28/2026 3:32:24 AM","32.979542","-97.021797","63.473","160.9"
"8/28/2026 3:32:25 AM","32.979324","-97.022041","63.496","160.9"
"8/28/2026 3:32:26 AM","32.979107","-97.022263","63.536","160.8"
"8/28/2026 3:32:27 AM","32.978889","-97.022507","63.721","160.4"
"8/28/2026 3:32:28 AM","32.978672","-97.022751","63.744","160"
"8/28/2026 3:32:29 AM","32.978455","-97.02298","63.744","159.3"
"8/28/2026 3:32:30 AM","32.978233","-97.023224","63.72","158.6"
"8/28/2026 3:32:31 AM","32.978012","-97.023453","63.68","157.8"
"8/28/2026 3:32:32 AM","32.977791","-97.023682","63.617","157.2"
"8/28/2026 3:32:33 AM","32.977573","-97.023926","63.404","156.8"
"8/28/2026 3:32:34 AM","32.977352","-97.024155","63.362","156.5"
"8/28/2026 3:32:35 AM","32.977135","-97.024399","63.184","156.4"
"8/28/2026 3:32:36 AM","32.976921","-97.024628","63.16","156.4"
"8/28/2026 3:32:37 AM","32.976704","-97.024872","62.999","156.5"
"8/28/2026 3:32:38 AM","32.97649","-97.025101","62.951","156.7"
"8/28/2026 3:32:39 AM","32.976273","-97.025322","62.787","157.1"
"8/28/2026 3:32:40 AM","32.976063","-97.025566","62.74","157.5"
"8/28/2026 3:32:41 AM","32.975845","-97.025795","62.669","158.1"
"8/28/2026 3:32:42 AM","32.975639","-97.026039","62.615","158.9"
"8/28/2026 3:32:43 AM","32.97543","-97.026283","62.557","159.6"
"8/28/2026 3:32:44 AM","32.97522","-97.026512","62.528","160.5"
"8/28/2026 3:32:45 AM","32.975014","-97.026756","62.497","161.5"
"8/28/2026 3:32:46 AM","32.974796","-97.026985","62.506","162.4"
"8/28/2026 3:32:47 AM","32.974583","-97.027214","62.511","163.4"
"8/28/2026 3:32:48 AM","32.974361","-97.027443","62.67","164.2"
"8/28/2026 3:32:49 AM","32.97414","-97.027672","62.723","165"
"8/28/2026 3:32:50 AM","32.973923","-97.027901","63.023","165.7"
"8/28/2026 3:32:51 AM","32.973698","-97.028122","63.215","166.3"
"8/28/2026 3:32:52 AM","32.973473","-97.028351","63.381","166.7"
"8/28/2026 3:32:53 AM","32.973251","-97.028564","63.405","167"
"8/28/2026 3:32:54 AM","32.973022","-97.028793","63.472","167"
"8/28/2026 3:32:55 AM","32.972786","-97.029007","63.522","167"
"8/28/2026 3:32:56 AM","32.972549","-97.029213","63.561","166.8"
"8/28/2026 3:32:57 AM","32.972313","-97.029427","63.603","166.5"
"8/28/2026 3:32:58 AM","32.972073","-97.029625","63.661","166"
"8/28/2026 3:32:59 AM","32.971836","-97.029831","63.702","165.4"
"8/28/2026 3:33:00 AM","32.971596","-97.030045","63.738","164.8"
"8/28/2026 3:33:01 AM","32.971359","-97.030258","63.75","164.1"
"8/28/2026 3:33:02 AM","32.971123","-97.030472","63.736","163.4"
"8/28/2026 3:33:03 AM","32.97089","-97.030678","63.699","162.6"
"8/28/2026 3:33:04 AM","32.970661","-97.030907","63.654","161.9"
"8/28/2026 3:33:05 AM","32.970436","-97.03112","63.482","161.9"
"8/28/2026 3:33:06 AM","32.970207","-97.031349","63.292","160.9"
"8/28/2026 3:33:07 AM","32.969982","-97.031578","63.123","160.8"
"8/28/2026 3:33:08 AM","32.969765","-97.031807","63.06","160.8"
"8/28/2026 3:33:09 AM","32.969547","-97.032028","62.902","160.9"
"8/28/2026 3:33:10 AM","32.969334","-97.032272","62.877","161.1"
"8/28/2026 3:33:11 AM","32.969116","-97.032501","62.873","161.3"
"8/28/2026 3:33:12 AM","32.968899","-97.03273","62.909","161.6"
"8/28/2026 3:33:13 AM","32.968685","-97.032974","62.946","161.8"
"8/28/2026 3:33:14 AM","32.968464","-97.033203","62.997","162.1"
"8/28/2026 3:33:15 AM","32.96825","-97.033432","63.037","162.3"
"8/28/2026 3:33:16 AM","32.968029","-97.033661","63.094","162.5"
"8/28/2026 3:33:17 AM","32.967808","-97.03389","63.129","162.7"
"8/28/2026 3:33:18 AM","32.967583","-97.034111","63.152","163"
"8/28/2026 3:33:19 AM","32.967358","-97.03434","63.153","163.4"
"8/28/2026 3:33:20 AM","32.967136","-97.034554","63.141","163.6"
"8/28/2026 3:33:21 AM","32.966908","-97.034782","63.111","164"
"8/28/2026 3:33:22 AM","32.966679","-97.034996","63.066","164.3"
"8/28/2026 3:33:23 AM","32.96645","-97.035202","63.02","164.8"
"8/28/2026 3:33:24 AM","32.966225","-97.035416","62.975","165.1"
"8/28/2026 3:33:25 AM","32.965996","-97.035645","62.954","165.4"
"8/28/2026 3:33:26 AM","32.965763","-97.035858","62.972","165.5"
"8/28/2026 3:33:27 AM","32.965534","-97.036064","63.26","165.5"
"8/28/2026 3:33:28 AM","32.965305","-97.036293","63.32","165.3"
"8/28/2026 3:33:29 AM","32.965076","-97.036507","63.365","165.1"
"8/28/2026 3:33:30 AM","32.964848","-97.03672","63.353","164.9"
"8/28/2026 3:33:31 AM","32.964615","-97.036934","63.425","164.8"
"8/28/2026 3:33:32 AM","32.964375","-97.03714","63.592","164.5"
"8/28/2026 3:33:33 AM","32.96413","-97.037338","63.401","164.3"
"8/28/2026 3:33:34 AM","32.963882","-97.037529","63.172","164.3"
"8/28/2026 3:33:35 AM","32.963634","-97.037727","63.234","163.9"
"8/28/2026 3:33:36 AM","32.963387","-97.03791","63.178","163.9"
"8/28/2026 3:33:37 AM","32.963135","-97.038086","62.69","164"
"8/28/2026 3:33:38 AM","32.962879","-97.038246","63.021","163.9"
"8/28/2026 3:33:39 AM","32.962624","-97.038414","62.661","163.7"
"8/28/2026 3:33:40 AM","32.962364","-97.038574","62.931","163.5"
"8/28/2026 3:33:41 AM","32.962105","-97.038719","62.924","163.4"
"8/28/2026 3:33:42 AM","32.961842","-97.038864","62.924","163.3"
"8/28/2026 3:33:43 AM","32.961571","-97.039017","62.945","163.2"
"8/28/2026 3:33:44 AM","32.961304","-97.039146","62.951","163.1"
"8/28/2026 3:33:45 AM","32.961033","-97.039261","62.971","163.3"
"8/28/2026 3:33:46 AM","32.960758","-97.039375","63.002","163.3"
"8/28/2026 3:33:47 AM","32.960484","-97.039482","63.013","163.4"
"8/28/2026 3:33:48 AM","32.960205","-97.039597","62.99","163.3"
"8/28/2026 3:33:49 AM","32.959927","-97.039696","62.984","163.3"
"8/28/2026 3:33:50 AM","32.959648","-97.039795","62.979","163.4"
"8/28/2026 3:33:51 AM","32.959366","-97.039894","62.986","163.6"
"8/28/2026 3:33:52 AM","32.959087","-97.03997","63.004","163.7"
"8/28/2026 3:33:53 AM","32.958801","-97.040054","63.032","164"
"8/28/2026 3:33:54 AM","32.958515","-97.040123","63.048","164.5"
"8/28/2026 3:33:55 AM","32.958229","-97.040169","63.08","164.7"
"8/28/2026 3:33:56 AM","32.957939","-97.040215","63.117","164.9"
"8/28/2026 3:33:57 AM","32.957645","-97.040268","63.154","165"
"8/28/2026 3:33:58 AM","32.957352","-97.040298","63.182","165.2"
"8/28/2026 3:33:59 AM","32.957058","-97.040329","63.21","165.4"
"8/28/2026 3:34:00 AM","32.956768","-97.040367","63.233","165.5"
"8/28/2026 3:34:01 AM","32.956474","-97.040382","63.263","165.5"
"8/28/2026 3:34:02 AM","32.956181","-97.040398","63.292","165.4"
"8/28/2026 3:34:03 AM","32.955883","-97.040398","63.323","165.4"
"8/28/2026 3:34:04 AM","32.955589","-97.040398","63.348","165.4"
"8/28/2026 3:34:05 AM","32.955299","-97.040413","63.361","165.5"
"8/28/2026 3:34:06 AM","32.954998","-97.040413","65.448","165.7"
"8/28/2026 3:34:07 AM","32.954697","-97.040413","65.628","166.1"
"8/28/2026 3:34:08 AM","32.954403","-97.040428","62.86","166.3"
"8/28/2026 3:34:09 AM","32.954113","-97.040428","61.308","166.3"
"8/28/2026 3:34:10 AM","32.953838","-97.040428","59.794","166.2"
"8/28/2026 3:34:11 AM","32.95356","-97.040428","58.684","166.1"
"8/28/2026 3:34:12 AM","32.953293","-97.040428","58.036","165.7"
"8/28/2026 3:34:13 AM","32.953026","-97.040443","57.189","165.4"
"8/28/2026 3:34:14 AM","32.952766","-97.040443","56.295","165.2"
"8/28/2026 3:34:15 AM","32.952507","-97.040459","55.41","165.1"
"8/28/2026 3:34:16 AM","32.952251","-97.040497","54.674","165"
"8/28/2026 3:34:17 AM","32.952","-97.040512","53.995","165"
"8/28/2026 3:34:18 AM","32.951748","-97.040527","53.115","165"
"8/28/2026 3:34:19 AM","32.9515","-97.040543","52.903","165.2"
"8/28/2026 3:34:20 AM","32.951256","-97.040573","52.474","164.8"
"8/28/2026 3:34:21 AM","32.951015","-97.040596","52.239","164.6"
"8/28/2026 3:34:22 AM","32.950779","-97.040611","51.323","164.1"
"8/28/2026 3:34:23 AM","32.950539","-97.040611","51.769","163.5"
"8/28/2026 3:34:24 AM","32.950298","-97.040627","51.831","163.3"
"8/28/2026 3:34:25 AM","32.950058","-97.040627","51.791","163.6"
"8/28/2026 3:34:26 AM","32.949814","-97.040627","51.663","163.4"
"8/28/2026 3:34:27 AM","32.94957","-97.040627","53.322","163.7"
"8/28/2026 3:34:28 AM","32.949322","-97.040627","52.498","164.4"
"8/28/2026 3:34:29 AM","32.949078","-97.040627","52.508","164.4"
"8/28/2026 3:34:30 AM","32.948837","-97.040627","52.76","166.8"
"8/28/2026 3:34:31 AM","32.948593","-97.040627","52.845","168.4"
"8/28/2026 3:34:32 AM","32.948349","-97.040627","52.067","168.4"
"8/28/2026 3:34:33 AM","32.948112","-97.040642","52.268","171.1"
"8/28/2026 3:34:34 AM","32.947872","-97.040642","52.239","172.3"
"8/28/2026 3:34:35 AM","32.947636","-97.040672","51.118","172.3"
"8/28/2026 3:34:36 AM","32.947399","-97.040703","51.132","173.9"
"8/28/2026 3:34:37 AM","32.947163","-97.040741","51.644","174"
"8/28/2026 3:34:38 AM","32.946926","-97.040787","52.09","174.1"
"8/28/2026 3:34:39 AM","32.94669","-97.04084","52.381","174"
"8/28/2026 3:34:40 AM","32.946449","-97.040886","52.609","173.9"
"8/28/2026 3:34:41 AM","32.946209","-97.040932","52.789","174.1"
"8/28/2026 3:34:42 AM","32.945965","-97.040985","52.842","174.4"
"8/28/2026 3:34:43 AM","32.945721","-97.041016","53.289","174.6"
"8/28/2026 3:34:44 AM","32.945477","-97.041046","53.312","174.7"
"8/28/2026 3:34:45 AM","32.945229","-97.041084","53.046","174.6"
"8/28/2026 3:34:46 AM","32.944988","-97.0411","52.641","174.8"
"8/28/2026 3:34:47 AM","32.944744","-97.04113","52.395","175"
"8/28/2026 3:34:48 AM","32.9445","-97.041145","51.93","175.3"
"8/28/2026 3:34:49 AM","32.94426","-97.041161","51.635","175.6"
"8/28/2026 3:34:50 AM","32.944019","-97.041191","51.462","175.9"
"8/28/2026 3:34:51 AM","32.943783","-97.041214","51.151","176.2"
"8/28/2026 3:34:52 AM","32.943546","-97.041229","50.822","176.4"
"8/28/2026 3:34:53 AM","32.94331","-97.041229","50.761","176.6"
"8/28/2026 3:34:54 AM","32.943077","-97.041229","50.828","176.8"
"8/28/2026 3:34:55 AM","32.942837","-97.041229","51.072","176.9"
"8/28/2026 3:34:56 AM","32.942608","-97.041229","51.047","177.1"
"8/28/2026 3:34:57 AM","32.942368","-97.041229","50.834","177.1"
"8/28/2026 3:34:58 AM","32.942135","-97.041229","50.802","177"
"8/28/2026 3:34:59 AM","32.941898","-97.041245","51.001","176.6"
"8/28/2026 3:35:00 AM","32.941662","-97.041245","51.069","176.1"
"8/28/2026 3:35:01 AM","32.941425","-97.04126","51.428","175.6"
"8/28/2026 3:35:02 AM","32.941181","-97.041275","52.247","175"
"8/28/2026 3:35:03 AM","32.940937","-97.041275","53.105","174.5"
"8/28/2026 3:35:04 AM","32.940689","-97.04129","53.686","174.5"
"8/28/2026 3:35:05 AM","32.940437","-97.041306","54.004","173.5"
"8/28/2026 3:35:06 AM","32.940189","-97.041306","54.041","172.8"
"8/28/2026 3:35:07 AM","32.939938","-97.041328","54.101","172.1"
"8/28/2026 3:35:08 AM","32.939686","-97.041328","54.16","171.6"
"8/28/2026 3:35:09 AM","32.939438","-97.041328","54.097","171"
"8/28/2026 3:35:10 AM","32.939186","-97.041328","53.633","170.5"
"8/28/2026 3:35:11 AM","32.938938","-97.041328","53.235","170"
"8/28/2026 3:35:12 AM","32.938694","-97.041328","53.438","169.5"
"8/28/2026 3:35:13 AM","32.93845","-97.041328","52.71","169.1"
"8/28/2026 3:35:14 AM","32.938206","-97.041344","52.302","168.8"
"8/28/2026 3:35:15 AM","32.937965","-97.041328","51.938","168.7"
"8/28/2026 3:35:16 AM","32.937725","-97.041328","51.562","168.8"
"8/28/2026 3:35:17 AM","32.937485","-97.041344","51.293","169.1"
"8/28/2026 3:35:18 AM","32.937248","-97.041344","51.093","169.3"
"8/28/2026 3:35:19 AM","32.937012","-97.041344","51.023","169.6"
"8/28/2026 3:35:20 AM","32.936775","-97.041344","50.811","169.9"
"8/28/2026 3:35:21 AM","32.936539","-97.041344","50.522","170.2"
"8/28/2026 3:35:22 AM","32.936306","-97.041344","50.042","170.3"
"8/28/2026 3:35:23 AM","32.936077","-97.041344","50.089","170.4"
"8/28/2026 3:35:24 AM","32.935844","-97.041344","49.778","170.8"
"8/28/2026 3:35:25 AM","32.935612","-97.041344","49.54","170.8"
"8/28/2026 3:35:26 AM","32.935379","-97.041344","50.369","171.3"
"8/28/2026 3:35:27 AM","32.935146","-97.041344","50.826","171.8"
"8/28/2026 3:35:28 AM","32.93491","-97.041344","50.803","172.7"
"8/28/2026 3:35:29 AM","32.934677","-97.041344","50.774","173.4"
"8/28/2026 3:35:30 AM","32.934444","-97.041344","50.154","174.3"
"8/28/2026 3:35:31 AM","32.934212","-97.041344","49.716","175.2"
"8/28/2026 3:35:32 AM","32.933979","-97.041344","50.103","176.4"
"8/28/2026 3:35:33 AM","32.93375","-97.041344","50.127","176.3"
"8/28/2026 3:35:34 AM","32.933517","-97.041344","50.688","177.3"
"8/28/2026 3:35:35 AM","32.933285","-97.041359","49.973","177.7"
"8/28/2026 3:35:36 AM","32.933052","-97.041359","49.2","178.5"
"8/28/2026 3:35:37 AM","32.932823","-97.041359","49.58","179.1"
"8/28/2026 3:35:38 AM","32.932594","-97.041359","49.854","179.4"
"8/28/2026 3:35:39 AM","32.932358","-97.041359","50.317","179.5"
"8/28/2026 3:35:40 AM","32.932125","-97.041359","50.6","179.3"
"8/28/2026 3:35:41 AM","32.931889","-97.041359","50.638","179.3"
"8/28/2026 3:35:42 AM","32.931656","-97.041359","50.894","179.1"
"8/28/2026 3:35:43 AM","32.931416","-97.041359","51.069","178.7"
"8/28/2026 3:35:44 AM","32.931179","-97.041359","51.353","178.1"
"8/28/2026 3:35:45 AM","32.930943","-97.041374","51.386","177.5"
"8/28/2026 3:35:46 AM","32.930706","-97.041359","51.359","176.6"
"8/28/2026 3:35:47 AM","32.930466","-97.041344","51.8","175.6"
"8/28/2026 3:35:48 AM","32.930225","-97.041306","52.507","175.6"
"8/28/2026 3:35:49 AM","32.929977","-97.041275","53.128","174"
"8/28/2026 3:35:50 AM","32.929733","-97.041245","53.465","173.3"
"8/28/2026 3:35:51 AM","32.929485","-97.041214","53.65","173.3"
"8/28/2026 3:35:52 AM","32.929241","-97.041161","53.964","172.1"
"8/28/2026 3:35:53 AM","32.928993","-97.041115","54.192","171.4"
"8/28/2026 3:35:54 AM","32.928738","-97.041061","54.511","171.4"
"8/28/2026 3:35:55 AM","32.928486","-97.041031","54.542","170.3"
"8/28/2026 3:35:56 AM","32.928234","-97.040985","54.368","169.8"
"8/28/2026 3:35:57 AM","32.92799","-97.040932","53.897","169.6"
"8/28/2026 3:35:58 AM","32.927742","-97.040886","54.214","169.5"
"8/28/2026 3:35:59 AM","32.927498","-97.040855","52.834","169.6"
"8/28/2026 3:36:00 AM","32.927258","-97.04084","52.065","169.8"
"8/28/2026 3:36:01 AM","32.927017","-97.040817","50.708","170.1"
"8/28/2026 3:36:02 AM","32.926785","-97.04084","50.475","170.1"
"8/28/2026 3:36:03 AM","32.926552","-97.04084","50.028","170.3"
"8/28/2026 3:36:04 AM","32.926323","-97.040817","49.551","170.5"
"8/28/2026 3:36:05 AM","32.92609","-97.040817","49.363","170.7"
"8/28/2026 3:36:06 AM","32.925865","-97.040817","48.713","170.7"
"8/28/2026 3:36:07 AM","32.925644","-97.040802","47.47","171.1"
"8/28/2026 3:36:08 AM","32.925423","-97.040787","46.628","171.1"
"8/28/2026 3:36:09 AM","32.925213","-97.040787","45.284","171.2"
"8/28/2026 3:36:10 AM","32.925007","-97.040771","44.245","171.4"
"8/28/2026 3:36:11 AM","32.924805","-97.040771","43.179","171.6"
"8/28/2026 3:36:12 AM","32.92461","-97.040756","42.007","171.7"
"8/28/2026 3:36:13 AM","32.924419","-97.040756","40.587","171.9"
"8/28/2026 3:36:14 AM","32.924236","-97.040756","39.103","171.9"
"8/28/2026 3:36:15 AM","32.924061","-97.040756","37.608","172"
"8/28/2026 3:36:16 AM","32.923889","-97.040771","36.184","172.1"
"8/28/2026 3:36:17 AM","32.923725","-97.040771","34.649","172.2"
"8/28/2026 3:36:18 AM","32.923573","-97.040771","32.773","172.4"
"8/28/2026 3:36:19 AM","32.923424","-97.040771","31.465","172.6"
"8/28/2026 3:36:20 AM","32.923283","-97.040756","30.413","172.7"
"8/28/2026 3:36:21 AM","32.923149","-97.040756","29.404","172.8"
"8/28/2026 3:36:22 AM","32.923016","-97.040756","28.223","172.8"
"8/28/2026 3:36:23 AM","32.92289","-97.040756","26.697","172.9"
"8/28/2026 3:36:24 AM","32.922771","-97.040741","25.437","172.9"
"8/28/2026 3:36:25 AM","32.922661","-97.040741","23.519","173"
"8/28/2026 3:36:26 AM","32.922562","-97.040741","19.848","173.1"
"8/28/2026 3:36:27 AM","32.922482","-97.040741","17.672","173.1"
"8/28/2026 3:36:28 AM","32.922409","-97.040741","13.993","173.2"
"8/28/2026 3:36:29 AM","32.922352","-97.040741","12.35","173.2"
"8/28/2026 3:36:30 AM","32.922306","-97.040741","8.451","173.4"
"8/28/2026 3:36:31 AM","32.922279","-97.040741","6.404","173.3"
"8/28/2026 3:36:32 AM","32.922256","-97.040741","3.192","173.4"
"8/28/2026 3:36:33 AM","32.922253","-97.040741","2.124","173.5"
"8/28/2026 3:36:34 AM","32.922249","-97.040741","0","173.7"
"8/28/2026 3:36:35 AM","32.922245","-97.040741","0","173.7"
"8/28/2026 3:36:36 AM","32.922245","-97.040741","0","173.6"
"8/28/2026 3:36:37 AM","32.922245","-97.040741","0","173.6"
"8/28/2026 3:36:38 AM","32.922245","-97.040741","0","173.6"
"8/28/2026 3:36:39 AM","32.922245","-97.040741","0","173.7"
"8/28/2026 3:36:40 AM","32.922245","-97.040741","0","173.8"
"8/28/2026 3:36:41 AM","32.922245","-97.040741","0","173.8"
"8/28/2026 3:36:42 AM","32.922249","-97.040741","0","173.8"
"8/28/2026 3:36:43 AM","32.922249","-97.040741","0","173.9"
"8/28/2026 3:36:44 AM","32.922253","-97.040741","0","173.9"
"8/28/2026 3:36:45 AM","32.922253","-97.040741","0","174"
"8/28/2026 3:36:46 AM","32.922253","-97.040741","0","174.1"
"8/28/2026 3:36:47 AM","32.922253","-97.040741","0","174.1"
"8/28/2026 3:36:48 AM","32.922253","-97.040741","0","174.2"
"8/28/2026 3:36:49 AM","32.922256","-97.040741","0","174.3"
"8/28/2026 3:36:50 AM","32.922256","-97.040741","0","174.3"
"8/28/2026 3:36:51 AM","32.922256","-97.040741","0","174.4"
"8/28/2026 3:36:52 AM","32.922256","-97.040741","0","174.4"
"8/28/2026 3:36:53 AM","32.92226","-97.040741","0","174.5"
"8/28/2026 3:36:54 AM","32.92226","-97.040741","0","174.5"
"8/28/2026 3:36:55 AM","32.92226","-97.040741","0","174.5"
"8/28/2026 3:36:56 AM","32.92226","-97.040741","0","174.5"
"8/28/2026 3:36:57 AM","32.92226","-97.040741","0","174.6"
"8/28/2026 3:36:58 AM","32.922264","-97.040741","0","174.6"
"8/28/2026 3:36:59 AM","32.922264","-97.040741","0","174.6"
"8/28/2026 3:37:00 AM","32.922264","-97.040741","0","174.6"
"8/28/2026 3:37:01 AM","32.922264","-97.040741","0","174.6"
"8/28/2026 3:37:02 AM","32.922264","-97.040741","0","174.6"
"8/28/2026 3:37:03 AM","32.922264","-97.040741","1.678","174.6"
"8/28/2026 3:37:04 AM","32.922256","-97.040741","2.624","174.6"
"8/28/2026 3:37:05 AM","32.922241","-97.040741","3.564","174.5"
"8/28/2026 3:37:06 AM","32.922218","-97.040741","6.672","174.6"
"8/28/2026 3:37:07 AM","32.922169","-97.040741","10.579","174.6"
"8/28/2026 3:37:08 AM","32.922115","-97.040741","11.663","174.9"
"8/28/2026 3:37:09 AM","32.92205","-97.040741","14.28","175.1"
"8/28/2026 3:37:10 AM","32.921978","-97.040756","16.412","175.1"
"8/28/2026 3:37:11 AM","32.921894","-97.040771","18.026","174.7"
"8/28/2026 3:37:12 AM","32.921806","-97.040787","19.612","174.4"
"8/28/2026 3:37:13 AM","32.921707","-97.040787","20.971","174.2"
"8/28/2026 3:37:14 AM","32.921608","-97.040802","22.447","174"
"8/28/2026 3:37:15 AM","32.921497","-97.040817","23.865","173.8"
"8/28/2026 3:37:16 AM","32.921379","-97.040817","25.46","173.6"
"8/28/2026 3:37:17 AM","32.921253","-97.04084","26.952","173.4"
"8/28/2026 3:37:18 AM","32.921124","-97.04084","28.171","173.2"
"8/28/2026 3:37:19 AM","32.920982","-97.040855","29.151","173.2"
"8/28/2026 3:37:20 AM","32.920845","-97.040871","30.069","172.9"
"8/28/2026 3:37:21 AM","32.9207","-97.040871","31.722","172.7"
"8/28/2026 3:37:22 AM","32.920544","-97.040886","33.405","172.7"
"8/28/2026 3:37:23 AM","32.920387","-97.040886","34.636","172.6"
"8/28/2026 3:37:24 AM","32.920219","-97.040901","35.878","172.8"
"8/28/2026 3:37:25 AM","32.920048","-97.040901","37.239","172.8"
"8/28/2026 3:37:26 AM","32.919868","-97.040901","38.408","173.6"
"8/28/2026 3:37:27 AM","32.919685","-97.040901","39.229","174.2"
"8/28/2026 3:37:28 AM","32.919502","-97.040901","39.915","174.9"
"8/28/2026 3:37:29 AM","32.919312","-97.040901","40.445","175.7"
"8/28/2026 3:37:30 AM","32.919121","-97.040901","40.732","176.6"
"8/28/2026 3:37:31 AM","32.91893","-97.040901","41.124","177.4"
"8/28/2026 3:37:32 AM","32.918736","-97.040916","41.391","178.2"
"8/28/2026 3:37:33 AM","32.918541","-97.040916","41.432","178.9"
"8/28/2026 3:37:34 AM","32.918346","-97.040932","41.634","179.6"
"8/28/2026 3:37:35 AM","32.918152","-97.040932","41.762","180.2"
"8/28/2026 3:37:36 AM","32.917953","-97.040947","42.687","180.6"
"8/28/2026 3:37:37 AM","32.917751","-97.040947","43.182","180.9"
"8/28/2026 3:37:38 AM","32.917549","-97.04097","43.627","181.1"
"8/28/2026 3:37:39 AM","32.917347","-97.04097","44.193","181.1"
"8/28/2026 3:37:40 AM","32.917137","-97.04097","44.85","181.1"
"8/28/2026 3:37:41 AM","32.916924","-97.04097","45.485","181"
"8/28/2026 3:37:42 AM","32.91671","-97.04097","45.946","180.9"
"8/28/2026 3:37:43 AM","32.916496","-97.04097","46.436","180.8"
"8/28/2026 3:37:44 AM","32.916279","-97.04097","46.924","180.8"
"8/28/2026 3:37:45 AM","32.916061","-97.04097","47.417","180.6"
"8/28/2026 3:37:46 AM","32.915836","-97.04097","47.958","180.5"
"8/28/2026 3:37:47 AM","32.915611","-97.04097","48.517","180.4"
"8/28/2026 3:37:48 AM","32.915386","-97.040947","49.105","180.3"
"8/28/2026 3:37:49 AM","32.915154","-97.04097","49.604","180.3"
"8/28/2026 3:37:50 AM","32.914917","-97.04097","49.955","180.2"
"8/28/2026 3:37:51 AM","32.914684","-97.04097","50.279","180.1"
"8/28/2026 3:37:52 AM","32.914448","-97.04097","50.795","180.1"
"8/28/2026 3:37:53 AM","32.914211","-97.04097","51.297","180"
"8/28/2026 3:37:54 AM","32.913967","-97.04097","51.693","179.9"
"8/28/2026 3:37:55 AM","32.913731","-97.04097","52.122","179.6"
"8/28/2026 3:37:56 AM","32.913486","-97.04097","52.471","179.3"
"8/28/2026 3:37:57 AM","32.913242","-97.04097","52.256","179"
"8/28/2026 3:37:58 AM","32.913002","-97.040985","51.508","179"
"8/28/2026 3:37:59 AM","32.912766","-97.040985","50.698","179.2"
"8/28/2026 3:38:00 AM","32.912529","-97.040985","50.36","179.6"
"8/28/2026 3:38:01 AM","32.912296","-97.040985","50.424","179.8"
"8/28/2026 3:38:02 AM","32.91206","-97.040985","50.391","179.7"
"8/28/2026 3:38:03 AM","32.911827","-97.041","50.203","179.5"
"8/28/2026 3:38:04 AM","32.911598","-97.041","50.156","178.9"
"8/28/2026 3:38:05 AM","32.911366","-97.041","49.991","177.9"
"8/28/2026 3:38:06 AM","32.911129","-97.041","50.047","177.9"
"8/28/2026 3:38:07 AM","32.910896","-97.041","50.332","175.5"
"8/28/2026 3:38:08 AM","32.910664","-97.041","50.356","174.6"
"8/28/2026 3:38:09 AM","32.910427","-97.041","50.309","173.5"
"8/28/2026 3:38:10 AM","32.910191","-97.041","50.467","172.4"
"8/28/2026 3:38:11 AM","32.909946","-97.041016","53.316","170.9"
"8/28/2026 3:38:12 AM","32.909702","-97.041046","50.593","170.9"
"8/28/2026 3:38:13 AM","32.909466","-97.041061","50.427","171.2"
"8/28/2026 3:38:14 AM","32.909237","-97.041084","49.723","171.2"
"8/28/2026 3:38:15 AM","32.909004","-97.041084","49.676","171.4"
"8/28/2026 3:38:16 AM","32.908787","-97.041084","46.216","171.7"
"8/28/2026 3:38:17 AM","32.908588","-97.041061","42.507","172.5"
"8/28/2026 3:38:18 AM","32.908401","-97.041061","40.982","173.3"
"8/28/2026 3:38:19 AM","32.908218","-97.041061","39.398","173.9"
"8/28/2026 3:38:20 AM","32.908039","-97.041061","38.443","174.7"
"8/28/2026 3:38:21 AM","32.907864","-97.041084","37.934","175.6"
"8/28/2026 3:38:22 AM","32.907692","-97.041084","38.271","176.2"
"8/28/2026 3:38:23 AM","32.907516","-97.041084","38.057","176.9"
"8/28/2026 3:38:24 AM","32.907341","-97.0411","37.982","177.7"
"8/28/2026 3:38:25 AM","32.907169","-97.0411","36.642","178.2"
"8/28/2026 3:38:26 AM","32.906994","-97.0411","37.679","178.6"
"8/28/2026 3:38:27 AM","32.906815","-97.0411","38.159","178.9"
"8/28/2026 3:38:28 AM","32.906639","-97.0411","37.971","179.2"
"8/28/2026 3:38:29 AM","32.906467","-97.0411","37.947","179.7"
"8/28/2026 3:38:30 AM","32.906292","-97.0411","37.228","180.4"
"8/28/2026 3:38:31 AM","32.90612","-97.0411","35.826","181"
"8/28/2026 3:38:32 AM","32.905956","-97.0411","34.607","181.8"
"8/28/2026 3:38:33 AM","32.905804","-97.04113","33.559","182.2"
"8/28/2026 3:38:34 AM","32.905651","-97.041145","32.493","182.8"
"8/28/2026 3:38:35 AM","32.905506","-97.041176","31.3","183.4"
"8/28/2026 3:38:36 AM","32.905369","-97.041214","30.704","183.9"
"8/28/2026 3:38:37 AM","32.905228","-97.041245","29.908","184.2"
"8/28/2026 3:38:38 AM","32.905094","-97.041275","29.668","184.3"
"8/28/2026 3:38:39 AM","32.904957","-97.041275","29.836","184.5"
"8/28/2026 3:38:40 AM","32.904819","-97.04129","30.331","184.6"
"8/28/2026 3:38:41 AM","32.904675","-97.04129","31.093","184.8"
"8/28/2026 3:38:42 AM","32.90453","-97.041275","31.904","185"
"8/28/2026 3:38:43 AM","32.904377","-97.041275","32.291","185.1"
"8/28/2026 3:38:44 AM","32.904228","-97.041275","32.228","185.1"
"8/28/2026 3:38:45 AM","32.904079","-97.041275","31.07","185.4"
"8/28/2026 3:38:46 AM","32.903934","-97.041275","30.616","185.3"
"8/28/2026 3:38:47 AM","32.903797","-97.041275","30.214","185.3"
"8/28/2026 3:38:48 AM","32.903652","-97.041275","30.402","184.7"
"8/28/2026 3:38:49 AM","32.903511","-97.041275","30.778","183.8"
"8/28/2026 3:38:50 AM","32.90337","-97.04129","31.471","182.8"
"8/28/2026 3:38:51 AM","32.903221","-97.04129","31.999","181.7"
"8/28/2026 3:38:52 AM","32.903072","-97.041275","32.072","180.7"
"8/28/2026 3:38:53 AM","32.90292","-97.041275","31.749","179.6"
"8/28/2026 3:38:54 AM","32.902779","-97.04126","30.853","178.7"
"8/28/2026 3:38:55 AM","32.902641","-97.041245","30.159","177.9"
"8/28/2026 3:38:56 AM","32.902504","-97.041229","28.686","177.2"
"8/28/2026 3:38:57 AM","32.902367","-97.041214","28.741","176.5"
"8/28/2026 3:38:58 AM","32.902233","-97.041214","28.55","175.8"
"8/28/2026 3:38:59 AM","32.902103","-97.041229","28.485","175.1"
"8/28/2026 3:39:00 AM","32.901974","-97.041229","27.961","174.2"
"8/28/2026 3:39:01 AM","32.901848","-97.041229","26.208","173.5"
"8/28/2026 3:39:02 AM","32.901733","-97.041229","24.267","173"
"8/28/2026 3:39:03 AM","32.901627","-97.041214","21.254","172.7"
"8/28/2026 3:39:04 AM","32.901539","-97.041214","19.633","172.2"
"8/28/2026 3:39:05 AM","32.901451","-97.041176","18.284","171.9"
"8/28/2026 3:39:06 AM","32.901386","-97.0411","19.564","171.3"
"8/28/2026 3:39:07 AM","32.901333","-97.041016","19.094","170.6"
"8/28/2026 3:39:08 AM","32.901302","-97.040932","17.384","169.8"
"8/28/2026 3:39:09 AM","32.901295","-97.040855","18.271","168.3"
"8/28/2026 3:39:10 AM","32.901291","-97.040756","17.863","167"
"8/28/2026 3:39:11 AM","32.901295","-97.040657","18.317","166.1"
"8/28/2026 3:39:12 AM","32.901299","-97.040543","19.479","165.2"
"8/28/2026 3:39:13 AM","32.901314","-97.040413","19.684","163.9"
"8/28/2026 3:39:14 AM","32.901321","-97.040298","19.717","163"
"8/28/2026 3:39:15 AM","32.901348","-97.040184","19.034","162.8"
"8/28/2026 3:39:16 AM","32.901356","-97.04007","18.03","162.7"
"8/28/2026 3:39:17 AM","32.901371","-97.039993","17.141","162.7"
"8/28/2026 3:39:18 AM","32.901386","-97.039894","16.819","162.5"
"8/28/2026 3:39:19 AM","32.901405","-97.03981","15.53","162.4"
"8/28/2026 3:39:20 AM","32.901428","-97.039726","15.526","162.3"
"8/28/2026 3:39:21 AM","32.901485","-97.039665","16.587","162.1"
"8/28/2026 3:39:22 AM","32.901558","-97.039597","17.341","162.3"
"8/28/2026 3:39:23 AM","32.901634","-97.039551","18.881","163"
"8/28/2026 3:39:24 AM","32.901726","-97.03952","20.644","163.3"
"8/28/2026 3:39:25 AM","32.901829","-97.039482","21.56","163.4"
"8/28/2026 3:39:26 AM","32.901939","-97.039482","22.169","164.1"
"8/28/2026 3:39:27 AM","32.90205","-97.039505","23.01","163.7"
"8/28/2026 3:39:28 AM","32.902164","-97.039505","23.854","164"
"8/28/2026 3:39:29 AM","32.902279","-97.039505","24.462","164.7"
"8/28/2026 3:39:30 AM","32.902397","-97.039505","25.498","165.6"
"8/28/2026 3:39:31 AM","32.902523","-97.039505","26.45","166.3"
"8/28/2026 3:39:32 AM","32.902645","-97.039505","26.713","166.9"
"8/28/2026 3:39:33 AM","32.902771","-97.039505","28.231","168"
"8/28/2026 3:39:34 AM","32.902901","-97.039505","28.952","169.9"
"8/28/2026 3:39:35 AM","32.903038","-97.039505","30.162","170.6"
"8/28/2026 3:39:36 AM","32.903183","-97.039505","31.185","171.2"
"8/28/2026 3:39:37 AM","32.903332","-97.039482","31.831","172"
"8/28/2026 3:39:38 AM","32.903484","-97.039482","32.441","172.9"
"8/28/2026 3:39:39 AM","32.903633","-97.039482","32.663","174"
"8/28/2026 3:39:40 AM","32.90379","-97.039482","32.722","175.1"
"8/28/2026 3:39:41 AM","32.903938","-97.039467","32.88","176.1"
"8/28/2026 3:39:42 AM","32.904095","-97.039467","32.947","177"
"8/28/2026 3:39:43 AM","32.904247","-97.039467","32.888","177.8"
"8/28/2026 3:39:44 AM","32.9044","-97.039467","32.052","178.4"
"8/28/2026 3:39:45 AM","32.904545","-97.039467","31.151","178.9"
"8/28/2026 3:39:46 AM","32.904682","-97.039467","30.193","179.2"
"8/28/2026 3:39:47 AM","32.904819","-97.039467","26.836","179.5"
"8/28/2026 3:39:48 AM","32.90493","-97.039467","22.653","179.8"
"8/28/2026 3:39:49 AM","32.905033","-97.039467","22.011","179.4"
"8/28/2026 3:39:50 AM","32.905132","-97.039452","19.892","179"
"8/28/2026 3:39:51 AM","32.905216","-97.039421","19.469","178.6"
"8/28/2026 3:39:52 AM","32.905296","-97.039391","19.404","178.9"
"8/28/2026 3:39:53 AM","32.905373","-97.039322","19.355","178.8"
"8/28/2026 3:39:54 AM","32.905441","-97.039261","19.338","178.9"
"8/28/2026 3:39:55 AM","32.905502","-97.039177","19.364","179"
"8/28/2026 3:39:56 AM","32.905552","-97.039093","19.888","178.9"
"8/28/2026 3:39:57 AM","32.90559","-97.038994","20.544","179.1"
"8/28/2026 3:39:58 AM","32.905617","-97.038887","21.607","178.8"
"8/28/2026 3:39:59 AM","32.905628","-97.03875","22.278","178.4"
"8/28/2026 3:40:00 AM","32.905632","-97.038643","22.025","177.4"
"8/28/2026 3:40:01 AM","32.905628","-97.038506","22.545","176.7"
"8/28/2026 3:40:02 AM","32.905621","-97.038399","22.855","176.1"
"8/28/2026 3:40:03 AM","32.905602","-97.038261","22.899","175.4"
"8/28/2026 3:40:04 AM","32.905582","-97.038132","22.823","175.4"
"8/28/2026 3:40:05 AM","32.905552","-97.038017","21.998","175.4"
"8/28/2026 3:40:06 AM","32.905502","-97.03791","21.988","175.3"
"8/28/2026 3:40:07 AM","32.905449","-97.037811","21.217","175.1"
"8/28/2026 3:40:08 AM","32.90538","-97.037727","20.642","175"
"8/28/2026 3:40:09 AM","32.905312","-97.037666","19.825","174.9"
"8/28/2026 3:40:10 AM","32.905231","-97.037598","19.311","174.8"
"8/28/2026 3:40:11 AM","32.905155","-97.037552","18.782","174.5"
"8/28/2026 3:40:12 AM","32.905075","-97.037498","18.528","174.4"
"8/28/2026 3:40:13 AM","32.904991","-97.037468","18.555","174.3"
"8/28/2026 3:40:14 AM","32.904907","-97.037437","18.356","174.2"
"8/28/2026 3:40:15 AM","32.904823","-97.037422","19.239","174.3"
"8/28/2026 3:40:16 AM","32.904724","-97.037399","19.233","174.6"
"8/28/2026 3:40:17 AM","32.904629","-97.037399","18.696","175.2"
"8/28/2026 3:40:18 AM","32.904541","-97.037422","17.993","175.5"
"8/28/2026 3:40:19 AM","32.904461","-97.037437","15.268","175.7"
"8/28/2026 3:40:20 AM","32.9044","-97.037453","12.034","175.4"
"8/28/2026 3:40:21 AM","32.904343","-97.037453","9.87","175.4"
"8/28/2026 3:40:22 AM","32.904305","-97.037468","7.098","173.4"
"8/28/2026 3:40:23 AM","32.904278","-97.037468","5.734","172.3"
"8/28/2026 3:40:24 AM","32.904251","-97.037453","6.161","171.6"
"8/28/2026 3:40:25 AM","32.904224","-97.037453","6.164","171.2"
"8/28/2026 3:40:26 AM","32.904194","-97.037453","6.842","170.8"
"8/28/2026 3:40:27 AM","32.904163","-97.037422","9.025","170.3"
"8/28/2026 3:40:28 AM","32.904121","-97.037384","10.05","169.7"
"8/28/2026 3:40:29 AM","32.904095","-97.037338","9.98","169.2"
"8/28/2026 3:40:30 AM","32.904064","-97.037285","9.671","168.8"
"8/28/2026 3:40:31 AM","32.904037","-97.037239","9.435","168.5"
"8/28/2026 3:40:32 AM","32.904015","-97.037193","10.121","168.2"
"8/28/2026 3:40:33 AM","32.903992","-97.03714","9.713","167.9"
"8/28/2026 3:40:34 AM","32.903973","-97.037109","9.123","167.5"
"8/28/2026 3:40:35 AM","32.903942","-97.037064","8.22","167.1"
"8/28/2026 3:40:36 AM","32.903919","-97.037025","9.014","166.9"
"8/28/2026 3:40:37 AM","32.903889","-97.03698","10.288","166.7"
"8/28/2026 3:40:38 AM","32.903862","-97.036934","11.273","166.2"
"8/28/2026 3:40:39 AM","32.903831","-97.036896","8.898","165.9"
"8/28/2026 3:40:40 AM","32.903824","-97.03685","7.749","165.6"
"8/28/2026 3:40:41 AM","32.903816","-97.036819","6.558","165.1"
"8/28/2026 3:40:42 AM","32.903801","-97.036781","4.227","164.5"
"8/28/2026 3:40:43 AM","32.903812","-97.036736","3.499","163.8"
"8/28/2026 3:40:44 AM","32.903793","-97.036705","2.864","162.2"
"8/28/2026 3:40:45 AM","32.903774","-97.036667","3.08","163"
"8/28/2026 3:40:46 AM","32.903759","-97.036652","3.422","164.3"
"8/28/2026 3:40:47 AM","32.903725","-97.036552","3.627","173.6"
"8/28/2026 3:40:48 AM","32.903709","-97.036507","5.212","176.7"
"8/28/2026 3:40:49 AM","32.903709","-97.036476","7.528","178.7"
"8/28/2026 3:40:50 AM","32.903725","-97.036423","8.435","179.8"
"8/28/2026 3:40:51 AM","32.903744","-97.036392","8.402","181.1"
"8/28/2026 3:40:52 AM","32.903767","-97.036377","8.367","182"
"8/28/2026 3:40:53 AM","32.903801","-97.036346","8.633","182.1"
"8/28/2026 3:40:54 AM","32.903835","-97.036331","8.829","182.5"
"8/28/2026 3:40:55 AM","32.903873","-97.036308","8.25","182.6"
"8/28/2026 3:40:56 AM","32.903908","-97.036293","6.837","183.1"
"8/28/2026 3:40:57 AM","32.903931","-97.036293","5.409","183.2"
"8/28/2026 3:40:58 AM","32.90395","-97.036293","4.888","183.1"
"8/28/2026 3:40:59 AM","32.903976","-97.036293","5.123","182.7"
"8/28/2026 3:41:00 AM","32.903999","-97.036293","5.153","183.6"
"8/28/2026 3:41:01 AM","32.904018","-97.036293","3.993","182.9"
"8/28/2026 3:41:02 AM","32.904034","-97.036293","2.971","185.6"
"8/28/2026 3:41:03 AM","32.904045","-97.036308","1.875","186.4"
"8/28/2026 3:41:04 AM","32.904053","-97.036293","1.234","186.4"
"8/28/2026 3:41:05 AM","32.904057","-97.036293","1.927","186.5"
"8/28/2026 3:41:06 AM","32.904068","-97.036293","3.489","186.7"
"8/28/2026 3:41:07 AM","32.904091","-97.036293","5.778","187.3"
"8/28/2026 3:41:08 AM","32.904118","-97.036278","7.32","187.9"
"8/28/2026 3:41:09 AM","32.904148","-97.036278","8.452","188.6"
"8/28/2026 3:41:10 AM","32.90419","-97.036263","9.199","189"
"8/28/2026 3:41:11 AM","32.904228","-97.036247","9.208","189.4"
"8/28/2026 3:41:12 AM","32.90427","-97.036232","9.272","189.3"
"8/28/2026 3:41:13 AM","32.904308","-97.036232","9.258","190.2"
"8/28/2026 3:41:14 AM","32.90435","-97.036217","9.076","190.4"
"8/28/2026 3:41:15 AM","32.904392","-97.036217","8.793","190.5"
"8/28/2026 3:41:16 AM","32.90443","-97.036201","8.455","190.7"
"8/28/2026 3:41:17 AM","32.904472","-97.036201","8.293","190.7"
"8/28/2026 3:41:18 AM","32.904507","-97.036201","8.595","190.7"
"8/28/2026 3:41:19 AM","32.904552","-97.036201","8.974","190.9"
"8/28/2026 3:41:20 AM","32.904594","-97.036179","8.947","190.6"
"8/28/2026 3:41:21 AM","32.90464","-97.036179","8.473","190.2"
"8/28/2026 3:41:22 AM","32.904675","-97.036179","7.646","190.2"
"8/28/2026 3:41:23 AM","32.904705","-97.036163","6.769","190.3"
"8/28/2026 3:41:24 AM","32.904732","-97.036163","5.949","190.4"
"8/28/2026 3:41:25 AM","32.904758","-97.036148","4.988","190.4"
"8/28/2026 3:41:26 AM","32.904774","-97.036148","3.73","190.7"
"8/28/2026 3:41:27 AM","32.904785","-97.036163","2.585","191"
"8/28/2026 3:41:28 AM","32.904797","-97.036163","1.759","190.9"
"8/28/2026 3:41:29 AM","32.9048","-97.036163","1.748","190.8"
"8/28/2026 3:41:30 AM","32.904808","-97.036163","1.427","190.6"
"8/28/2026 3:41:31 AM","32.904819","-97.036163","1.602","190.5"
"8/28/2026 3:41:32 AM","32.904823","-97.036163","1.021","190.4"
"8/28/2026 3:41:33 AM","32.904827","-97.036163","0","190.3"
"8/28/2026 3:41:34 AM","32.904827","-97.036163","0","190.1"
"8/28/2026 3:41:35 AM","32.904831","-97.036163","0","190.3"
"8/28/2026 3:41:36 AM","32.904827","-97.036163","0","190.3"
"8/28/2026 3:41:37 AM","32.904827","-97.036163","0","190.3"
"8/28/2026 3:41:38 AM","32.904823","-97.036163","0","190.2"
"8/28/2026 3:41:39 AM","32.904823","-97.036163","0","190.2"
"8/28/2026 3:41:40 AM","32.904827","-97.036163","0","190.3"
"8/28/2026 3:41:41 AM","32.904827","-97.036163","0","190.2"
"8/28/2026 3:41:42 AM","32.904823","-97.036163","0","190.2"
"8/28/2026 3:41:43 AM","32.904827","-97.036163","1.157","190.2"
"8/28/2026 3:41:44 AM","32.904831","-97.036179","1.488","190.1"
"8/28/2026 3:41:45 AM","32.904835","-97.036179","1.696","190.1"
"8/28/2026 3:41:46 AM","32.904842","-97.036179","2.225","190.1"
"8/28/2026 3:41:47 AM","32.904846","-97.036201","2.783","188.9"
"8/28/2026 3:41:48 AM","32.904846","-97.036217","3.595","188.5"
"8/28/2026 3:41:49 AM","32.904854","-97.036232","3.212","188.2"
"8/28/2026 3:41:50 AM","32.904873","-97.036232","3.935","187.6"
"8/28/2026 3:41:51 AM","32.904903","-97.036232","4.685","187.6"
"8/28/2026 3:41:52 AM","32.904945","-97.036232","5.053","188"
"8/28/2026 3:41:53 AM","32.90498","-97.036232","5.497","188.7"
"8/28/2026 3:41:54 AM","32.905014","-97.036232","5.669","189.8"
"8/28/2026 3:41:55 AM","32.905041","-97.036232","5.338","190.7"
"8/28/2026 3:41:56 AM","32.905071","-97.036232","4.83","191.1"
"8/28/2026 3:41:57 AM","32.905098","-97.036247","4.886","191"
"8/28/2026 3:41:58 AM","32.905128","-97.036247","4.724","191.4"
"8/28/2026 3:41:59 AM","32.905148","-97.036247","4.354","192"
"8/28/2026 3:42:00 AM","32.90517","-97.036263","3.712","191.8"
"8/28/2026 3:42:01 AM","32.90519","-97.036263","2.619","191.4"
"8/28/2026 3:42:02 AM","32.905201","-97.036263","1.788","191"
"8/28/2026 3:42:03 AM","32.905209","-97.036263","1.374","190.9"
"8/28/2026 3:42:04 AM","32.905212","-97.036263","0","190.9"
"8/28/2026 3:42:05 AM","32.905216","-97.036263","0","190.8"
"8/28/2026 3:42:06 AM","32.905224","-97.036263","1.101","190.8"
"8/28/2026 3:42:07 AM","32.905228","-97.036263","1.284","190.8"
"8/28/2026 3:42:08 AM","32.905231","-97.036263","0","190.7"
"8/28/2026 3:42:09 AM","32.905235","-97.036263","0","190.5"
"8/28/2026 3:42:10 AM","32.905235","-97.036263","0","190.4"
"8/28/2026 3:42:11 AM","32.905235","-97.036263","0","190.3"
"8/28/2026 3:42:12 AM","32.905235","-97.036263","0","190.2"
"8/28/2026 3:42:13 AM","32.905235","-97.036263","0","190.1"
"8/28/2026 3:42:14 AM","32.905235","-97.036263","0","190.1"
"8/28/2026 3:42:15 AM","32.905247","-97.036263","1.38","190.3"
"8/28/2026 3:42:16 AM","32.905251","-97.036263","0","190.3"
"8/28/2026 3:42:17 AM","32.905254","-97.036263","0","190.2"
"8/28/2026 3:42:18 AM","32.905254","-97.036263","0","190.2"
"8/28/2026 3:42:19 AM","32.905254","-97.036263","0","190.2"
"8/28/2026 3:42:20 AM","32.905254","-97.036263","0","190.2"
"8/28/2026 3:42:21 AM","32.905254","-97.036263","0","190.2"
"8/28/2026 3:42:22 AM","32.905254","-97.036263","0","190.3"
"8/28/2026 3:42:23 AM","32.905254","-97.036263","0","190.4"
"8/28/2026 3:42:24 AM","32.905254","-97.036263","0","190.4"
"8/28/2026 3:42:25 AM","32.905254","-97.036263","0","190.5"
"8/28/2026 3:42:26 AM","32.905254","-97.036263","0","190.6"
"8/28/2026 3:42:27 AM","32.905254","-97.036263","0","190.6"
"8/28/2026 3:42:28 AM","32.905254","-97.036263","0","190.6"
"8/28/2026 3:42:29 AM","32.905254","-97.036263","0","190.6"
"8/28/2026 3:42:30 AM","32.905254","-97.036263","0","190.6"
"8/28/2026 3:42:31 AM","32.905254","-97.036263","0","190.8"
"8/28/2026 3:42:32 AM","32.905254","-97.036263","0","190.8"
"8/28/2026 3:42:33 AM","32.905254","-97.036278","0","190.8"
"8/28/2026 3:42:34 AM","32.905254","-97.036278","0","190.9"
"8/28/2026 3:42:35 AM","32.905254","-97.036278","0","191"
"8/28/2026 3:42:36 AM","32.905254","-97.036278","0","191"
"8/28/2026 3:42:37 AM","32.905254","-97.036278","0","191.1"
"8/28/2026 3:42:38 AM","32.905254","-97.036278","0","191.1"
"8/28/2026 3:42:39 AM","32.905254","-97.036278","0","191.1"
"8/28/2026 3:42:40 AM","32.905254","-97.036278","0","191"
"8/28/2026 3:42:41 AM","32.905254","-97.036278","0","191.1"
"8/28/2026 3:42:42 AM","32.905254","-97.036278","0","191.1"
"8/28/2026 3:42:43 AM","32.905254","-97.036278","0","191.1"
"8/28/2026 3:42:44 AM","32.905254","-97.036278","0","191"
"8/28/2026 3:42:45 AM","32.905254","-97.036278","0","191"
"8/28/2026 3:42:46 AM","32.905254","-97.036278","0","191"
"8/28/2026 3:42:47 AM","32.905254","-97.036278","0","190.9"
"8/28/2026 3:42:48 AM","32.905254","-97.036278","0","190.9"
"8/28/2026 3:42:49 AM","32.905258","-97.036278","0","190.9"
"8/28/2026 3:42:50 AM","32.905258","-97.036278","0","190.9"
"8/28/2026 3:42:51 AM","32.905258","-97.036278","0","190.9"
"8/28/2026 3:42:52 AM","32.905258","-97.036278","0","190.8"
"8/28/2026 3:42:53 AM","32.905258","-97.036278","0","190.8"
"8/28/2026 3:42:54 AM","32.905258","-97.036278","0","190.7"
"8/28/2026 3:42:55 AM","32.905258","-97.036278","0","190.7"
"8/28/2026 3:42:56 AM","32.905258","-97.036278","0","190.7"
"8/28/2026 3:42:57 AM","32.905258","-97.036278","0","190.7"
"8/28/2026 3:42:58 AM","32.905262","-97.036278","0","190.7"
"8/28/2026 3:42:59 AM","32.905262","-97.036293","0","190.7"
"8/28/2026 3:43:00 AM","32.905262","-97.036293","0","190.6"
"8/28/2026 3:43:01 AM","32.905262","-97.036293","0","190.6"
"8/28/2026 3:43:02 AM","32.905262","-97.036293","0","190.6"
"8/28/2026 3:43:03 AM","32.905262","-97.036293","0","190.7"
"8/28/2026 3:43:04 AM","32.905262","-97.036293","0","190.7"
"8/28/2026 3:43:05 AM","32.905262","-97.036293","0","190.7"
"8/28/2026 3:43:06 AM","32.905262","-97.036293","0","190.8"
"8/28/2026 3:43:07 AM","32.905262","-97.036293","0","190.8"
"8/28/2026 3:43:08 AM","32.905262","-97.036293","0","190.8"
"8/28/2026 3:43:09 AM","32.905262","-97.036293","0","190.9"
"8/28/2026 3:43:10 AM","32.905262","-97.036293","0","190.9"
"8/28/2026 3:43:11 AM","32.905262","-97.036293","0","190.9"
"8/28/2026 3:43:12 AM","32.905262","-97.036293","0","190.9"
"8/28/2026 3:43:13 AM","32.905262","-97.036293","0","190.9"
"8/28/2026 3:43:14 AM","32.905262","-97.036293","0","190.9"
"8/28/2026 3:43:15 AM","32.905262","-97.036293","0","191"
"8/28/2026 3:43:16 AM","32.905262","-97.036293","0","191"
"8/28/2026 3:43:17 AM","32.905262","-97.036293","0","191"
"8/28/2026 3:43:18 AM","32.905262","-97.036293","0","191"
"8/28/2026 3:43:19 AM","32.905266","-97.036293","0","191"
"8/28/2026 3:43:20 AM","32.905266","-97.036293","0","191"
"8/28/2026 3:43:21 AM","32.905266","-97.036293","0","191.1"
"8/28/2026 3:43:22 AM","32.905266","-97.036293","0","191.1"
"8/28/2026 3:43:23 AM","32.905266","-97.036293","0","191.1"
"8/28/2026 3:43:24 AM","32.905266","-97.036293","0","191.1"
"8/28/2026 3:43:25 AM","32.905266","-97.036293","0","191.1"
"8/28/2026 3:43:26 AM","32.905266","-97.036293","0","191.1"
"8/28/2026 3:43:27 AM","32.905266","-97.036293","0","191.2"
"8/28/2026 3:43:28 AM","32.905266","-97.036293","0","191.2"
"8/28/2026 3:43:29 AM","32.905266","-97.036293","0","191.2"
"8/28/2026 3:43:30 AM","32.905266","-97.036293","0","191.3"
"8/28/2026 3:43:31 AM","32.905266","-97.036293","0","191.3"
"8/28/2026 3:43:32 AM","32.905266","-97.036293","0","191.3"
"8/28/2026 3:43:33 AM","32.905266","-97.036293","0","191.3"
"8/28/2026 3:43:34 AM","32.905266","-97.036293","0","191.3"
"8/28/2026 3:43:35 AM","32.905266","-97.036293","0","191.3"
"8/28/2026 3:43:36 AM","32.905266","-97.036293","0","191.4"
"8/28/2026 3:43:37 AM","32.905266","-97.036293","0","191.4"
"8/28/2026 3:43:38 AM","32.905266","-97.036293","0","191.4"
"8/28/2026 3:43:39 AM","32.905266","-97.036293","0","191.4"
"8/28/2026 3:43:40 AM","32.905266","-97.036293","0","191.5"
"8/28/2026 3:43:41 AM","32.905266","-97.036293","0","191.5"
"8/28/2026 3:43:42 AM","32.905266","-97.036293","0","191.5"
"8/28/2026 3:43:43 AM","32.905266","-97.036293","0","191.5"
"8/28/2026 3:43:44 AM","32.905266","-97.036293","0","191.6"
"8/28/2026 3:43:45 AM","32.905266","-97.036293","0","191.6"
"8/28/2026 3:43:46 AM","32.905266","-97.036293","0","191.6"
"8/28/2026 3:43:47 AM","32.905266","-97.036293","0","191.7"
"8/28/2026 3:43:48 AM","32.905266","-97.036293","0","191.7"
"8/28/2026 3:43:49 AM","32.905266","-97.036293","0","191.7"
"8/28/2026 3:43:50 AM","32.905266","-97.036308","0","191.8"
"8/28/2026 3:43:51 AM","32.905266","-97.036308","0","191.8"
"8/28/2026 3:43:52 AM","32.905266","-97.036308","0","191.8"
"8/28/2026 3:43:53 AM","32.905266","-97.036308","0","191.9"
"8/28/2026 3:43:54 AM","32.905262","-97.036308","0","191.9"
"8/28/2026 3:43:55 AM","32.905262","-97.036308","0","191.9"
"8/28/2026 3:43:56 AM","32.905262","-97.036308","0","192"
"8/28/2026 3:43:57 AM","32.905262","-97.036308","0","192"
"8/28/2026 3:43:58 AM","32.905262","-97.036308","0","192"
"8/28/2026 3:43:59 AM","32.905262","-97.036308","0","192"
"8/28/2026 3:44:00 AM","32.905262","-97.036308","0","192.1"
"8/28/2026 3:44:01 AM","32.905262","-97.036308","0","192.1"
"8/28/2026 3:44:02 AM","32.905262","-97.036308","0","192.1"
"8/28/2026 3:44:03 AM","32.905262","-97.036308","0","192.1"
"8/28/2026 3:44:04 AM","32.905262","-97.036308","0","192.1"
"8/28/2026 3:44:05 AM","32.905262","-97.036308","0","192.2"
"8/28/2026 3:44:06 AM","32.905262","-97.036308","0","192.3"
"8/28/2026 3:44:07 AM","32.905262","-97.036308","0","192.3"
"8/28/2026 3:44:08 AM","32.905262","-97.036308","0","192.3"
"8/28/2026 3:44:09 AM","32.905262","-97.036308","0","192.3"
"8/28/2026 3:44:10 AM","32.905262","-97.036308","0","192.4"
"8/28/2026 3:44:11 AM","32.905262","-97.036308","0","192.4"
"8/28/2026 3:44:12 AM","32.905262","-97.036308","0","192.4"
"8/28/2026 3:44:13 AM","32.905262","-97.036308","0","192.4"
"8/28/2026 3:44:14 AM","32.905262","-97.036308","0","192.4"
"8/28/2026 3:44:15 AM","32.905262","-97.036308","0","192.4"
"8/28/2026 3:44:16 AM","32.905262","-97.036308","0","192.5"
"8/28/2026 3:44:17 AM","32.905262","-97.036308","0","192.5"
"8/28/2026 3:44:18 AM","32.905262","-97.036308","0","192.5"
"8/28/2026 3:44:19 AM","32.905262","-97.036308","0","192.5"
"8/28/2026 3:44:20 AM","32.905262","-97.036308","0","192.5"
"8/28/2026 3:44:21 AM","32.905262","-97.036308","0","192.5"
"8/28/2026 3:44:22 AM","32.905262","-97.036308","0","192.5"
"8/28/2026 3:44:23 AM","32.905262","-97.036308","0","192.5"
"8/28/2026 3:44:24 AM","32.905262","-97.036308","0","192.5"
"8/28/2026 3:44:25 AM","32.905262","-97.036308","0","192.5"
"8/28/2026 3:44:26 AM","32.905262","-97.036308","0","192.5"
"8/28/2026 3:44:27 AM","32.905262","-97.036308","0","192.5"
"8/28/2026 3:44:28 AM","32.905262","-97.036308","0","192.6"
"8/28/2026 3:44:29 AM","32.905262","-97.036308","0","192.6"
"8/28/2026 3:44:30 AM","32.905262","-97.036308","0","192.6"
"8/28/2026 3:44:31 AM","32.905266","-97.036308","0","192.6"
"8/28/2026 3:44:32 AM","32.905266","-97.036308","0","192.7"
"8/28/2026 3:44:33 AM","32.905266","-97.036308","0","192.7"
"8/28/2026 3:44:34 AM","32.905266","-97.036308","0","192.7"
"8/28/2026 3:44:35 AM","32.905266","-97.036308","0","192.7"
"8/28/2026 3:44:36 AM","32.905266","-97.036308","0","192.8"
"8/28/2026 3:44:37 AM","32.905266","-97.036308","0","192.8"
"8/28/2026 3:44:38 AM","32.905266","-97.036308","0","192.9"
"8/28/2026 3:44:39 AM","32.905266","-97.036308","0","192.9"
"8/28/2026 3:44:40 AM","32.905262","-97.036308","0","192.9"
"8/28/2026 3:44:41 AM","32.905262","-97.036308","0","192.9"
"8/28/2026 3:44:42 AM","32.905258","-97.036308","0","192.9"
"8/28/2026 3:44:43 AM","32.905258","-97.036308","0","192.9"
"8/28/2026 3:44:44 AM","32.905258","-97.036308","0","192.9"
"8/28/2026 3:44:45 AM","32.905262","-97.036308","0","192.9"
"8/28/2026 3:44:46 AM","32.905262","-97.036308","0","192.9"
"8/28/2026 3:44:47 AM","32.905262","-97.036308","0","193"
"8/28/2026 3:44:48 AM","32.905266","-97.036308","0","193"
"8/28/2026 3:44:49 AM","32.905266","-97.036308","0","193"
"8/28/2026 3:44:50 AM","32.905266","-97.036308","0","193"
"8/28/2026 3:44:51 AM","32.905266","-97.036308","1.471","193"
"8/28/2026 3:44:52 AM","32.905273","-97.036308","2.397","192.9"
"8/28/2026 3:44:53 AM","32.905281","-97.036331","2.794","192.6"
"8/28/2026 3:44:54 AM","32.905289","-97.036331","2.812","192.4"
"8/28/2026 3:44:55 AM","32.9053","-97.036331","2.871","192.1"
"8/28/2026 3:44:56 AM","32.905319","-97.036331","3.688","191.7"
"8/28/2026 3:44:57 AM","32.905338","-97.036346","5.664","191.5"
"8/28/2026 3:44:58 AM","32.905369","-97.036362","6.879","191.2"
"8/28/2026 3:44:59 AM","32.905396","-97.036377","7.867","191"
"8/28/2026 3:45:00 AM","32.90543","-97.036392","8.134","190.8"
"8/28/2026 3:45:01 AM","32.905464","-97.036407","8.394","190.6"
"8/28/2026 3:45:02 AM","32.905502","-97.036423","8.755","190.3"
"8/28/2026 3:45:03 AM","32.90554","-97.036446","8.721","190.2"
"8/28/2026 3:45:04 AM","32.905579","-97.036461","8.465","189.8"
"8/28/2026 3:45:05 AM","32.905617","-97.036476","9.052","189.6"
"8/28/2026 3:45:06 AM","32.905655","-97.036507","9.513","189.5"
"8/28/2026 3:45:07 AM","32.905693","-97.036522","9.497","189.5"
"8/28/2026 3:45:08 AM","32.905735","-97.036552","10.059","189.2"
"8/28/2026 3:45:09 AM","32.905777","-97.036591","10.442","189"
"8/28/2026 3:45:10 AM","32.905819","-97.036621","10.77","188.7"
"8/28/2026 3:45:11 AM","32.905857","-97.036636","10.839","188.3"
"8/28/2026 3:45:12 AM","32.905895","-97.03669","10.879","188.1"
"8/28/2026 3:45:13 AM","32.905937","-97.03672","10.628","187.8"
"8/28/2026 3:45:14 AM","32.905972","-97.036751","9.91","187.5"
"8/28/2026 3:45:15 AM","32.906006","-97.036781","9.654","187.2"
"8/28/2026 3:45:16 AM","32.906044","-97.036819","9.581","187"
"8/28/2026 3:45:17 AM","32.906075","-97.03685","9.068","186.6"
"8/28/2026 3:45:18 AM","32.906105","-97.036865","7.989","186.3"
"8/28/2026 3:45:19 AM","32.906124","-97.036896","4.828","186.1"
"8/28/2026 3:45:20 AM","32.906132","-97.036911","2.597","186.1"
"8/28/2026 3:45:21 AM","32.906136","-97.036911","1.512","185.7"
"8/28/2026 3:45:22 AM","32.906139","-97.036934","1.476","185.7"
"8/28/2026 3:45:23 AM","32.906143","-97.036934","2.371","185.7"
"8/28/2026 3:45:24 AM","32.906151","-97.036949","4.544","185.5"
"8/28/2026 3:45:25 AM","32.90617","-97.03698","5.441","185.4"
"8/28/2026 3:45:26 AM","32.906181","-97.036995","6.498","185.4"
"8/28/2026 3:45:27 AM","32.9062","-97.037025","7.365","185.3"
"8/28/2026 3:45:28 AM","32.906223","-97.037064","7.78","185.1"
"8/28/2026 3:45:29 AM","32.906246","-97.037094","8.435","185.1"
"8/28/2026 3:45:30 AM","32.906269","-97.03714","9.038","185.1"
"8/28/2026 3:45:31 AM","32.906296","-97.037178","10.725","185"
"8/28/2026 3:45:32 AM","32.906326","-97.037239","12.09","185.2"
"8/28/2026 3:45:33 AM","32.906357","-97.037285","12.439","185.3"
"8/28/2026 3:45:34 AM","32.906387","-97.037354","12.704","185.4"
"8/28/2026 3:45:35 AM","32.906422","-97.037399","12.911","185.5"
"8/28/2026 3:45:36 AM","32.906452","-97.037468","12.939","185.5"
"8/28/2026 3:45:37 AM","32.906483","-97.037529","12.955","185.5"
"8/28/2026 3:45:38 AM","32.906506","-97.037598","13.38","185.5"
"8/28/2026 3:45:39 AM","32.906536","-97.037666","13.419","185.2"
"8/28/2026 3:45:40 AM","32.906555","-97.037727","13.176","185"
"8/28/2026 3:45:41 AM","32.90657","-97.037796","12.488","184.9"
"8/28/2026 3:45:42 AM","32.90659","-97.037857","11.728","184.9"
"8/28/2026 3:45:43 AM","32.906605","-97.037926","10.771","184.8"
"8/28/2026 3:45:44 AM","32.906616","-97.037956","6.819","184.9"
"8/28/2026 3:45:45 AM","32.90662","-97.037987","4.638","184.9"
"8/28/2026 3:45:46 AM","32.906624","-97.038002","4.593","184.8"
"8/28/2026 3:45:47 AM","32.906628","-97.038017","6.048","184.4"
"8/28/2026 3:45:48 AM","32.906635","-97.038055","7.091","183.7"
"8/28/2026 3:45:49 AM","32.906639","-97.038101","9.113","182.2"
"8/28/2026 3:45:50 AM","32.906643","-97.03817","10.291","181"
"8/28/2026 3:45:51 AM","32.906654","-97.038231","11.499","180.6"
"8/28/2026 3:45:52 AM","32.906654","-97.0383","12.096","180.7"
"8/28/2026 3:45:53 AM","32.906658","-97.038361","12.734","181.5"
"8/28/2026 3:45:54 AM","32.906662","-97.038429","13.638","181.4"
"8/28/2026 3:45:55 AM","32.906666","-97.038506","14.063","181.2"
"8/28/2026 3:45:56 AM","32.906673","-97.038589","14.701","181"
"8/28/2026 3:45:57 AM","32.906673","-97.038673","15.208","180.8"
"8/28/2026 3:45:58 AM","32.90667","-97.038773","15.051","180.8"
"8/28/2026 3:45:59 AM","32.906666","-97.038849","14.359","180.5"
"8/28/2026 3:46:00 AM","32.906651","-97.038918","12.009","180.4"
"8/28/2026 3:46:01 AM","32.906628","-97.038963","10.833","180.5"
"8/28/2026 3:46:02 AM","32.906597","-97.039017","9.394","180.7"
"8/28/2026 3:46:03 AM","32.906563","-97.039032","8.262","180.8"
"8/28/2026 3:46:04 AM","32.906532","-97.039047","7.965","180.8"
"8/28/2026 3:46:05 AM","32.906494","-97.039062","8.35","180.4"
"8/28/2026 3:46:06 AM","32.906452","-97.039062","8.675","180.4"
"8/28/2026 3:46:07 AM","32.906414","-97.039047","8.431","180.2"
"8/28/2026 3:46:08 AM","32.906372","-97.039047","8.853","179.9"
"8/28/2026 3:46:09 AM","32.90633","-97.039047","9.286","179.5"
"8/28/2026 3:46:10 AM","32.906288","-97.039047","9.786","179.1"
"8/28/2026 3:46:11 AM","32.906242","-97.039047","10.598","178.9"
"8/28/2026 3:46:12 AM","32.906189","-97.039032","11.575","178.7"
"8/28/2026 3:46:13 AM","32.906136","-97.039032","12.605","178.3"
"8/28/2026 3:46:14 AM","32.906075","-97.039032","13.468","178"
"8/28/2026 3:46:15 AM","32.90601","-97.039017","13.803","177.6"
"8/28/2026 3:46:16 AM","32.905945","-97.039017","14.638","177.2"
"8/28/2026 3:46:17 AM","32.90588","-97.038994","15.211","176.8"
"8/28/2026 3:46:18 AM","32.905807","-97.038994","16.074","176.5"
"8/28/2026 3:46:19 AM","32.905727","-97.038994","16.538","176.5"
"8/28/2026 3:46:20 AM","32.905655","-97.038994","15.904","175.6"
"8/28/2026 3:46:21 AM","32.905582","-97.038994","14.23","175.4"
"8/28/2026 3:46:22 AM","32.905521","-97.038979","13.02","174.9"
"8/28/2026 3:46:23 AM","32.905468","-97.038963","12.18","174.5"
"8/28/2026 3:46:24 AM","32.905449","-97.038902","10.647","174.1"
"8/28/2026 3:46:25 AM","32.905445","-97.038834","12.279","173.4"
"8/28/2026 3:46:26 AM","32.905445","-97.03875","13.515","172.9"
"8/28/2026 3:46:27 AM","32.905449","-97.038673","14.529","173.5"
"8/28/2026 3:46:28 AM","32.905457","-97.038589","15.745","172.9"
"8/28/2026 3:46:29 AM","32.90546","-97.03849","16.091","173.3"
"8/28/2026 3:46:30 AM","32.905457","-97.038414","17.013","173.3"
"8/28/2026 3:46:31 AM","32.905449","-97.038315","17.638","173.4"
"8/28/2026 3:46:32 AM","32.90543","-97.038216","18.165","173.6"
"8/28/2026 3:46:33 AM","32.905403","-97.038116","18.111","173.4"
"8/28/2026 3:46:34 AM","32.905369","-97.038017","17.674","173.1"
"8/28/2026 3:46:35 AM","32.905319","-97.037941","17.923","173"
"8/28/2026 3:46:36 AM","32.905262","-97.037872","18.283","173"
"8/28/2026 3:46:37 AM","32.905193","-97.037796","18.699","172.9"
"8/28/2026 3:46:38 AM","32.905125","-97.037727","19.311","172.8"
"8/28/2026 3:46:39 AM","32.905041","-97.037682","20.041","172.9"
"8/28/2026 3:46:40 AM","32.904961","-97.037628","20.384","172.8"
"8/28/2026 3:46:41 AM","32.904865","-97.037598","20.617","172.7"
"8/28/2026 3:46:42 AM","32.90477","-97.037567","20.183","172.7"
"8/28/2026 3:46:43 AM","32.904671","-97.037567","20.675","172.7"
"8/28/2026 3:46:44 AM","32.904575","-97.037582","20.656","172.7"
"8/28/2026 3:46:45 AM","32.90448","-97.037598","20.468","173.7"
"8/28/2026 3:46:46 AM","32.904385","-97.037643","19.89","174.1"
"8/28/2026 3:46:47 AM","32.904308","-97.037697","18.986","173.9"
"8/28/2026 3:46:48 AM","32.904232","-97.037758","18.909","173.8"
"8/28/2026 3:46:49 AM","32.904163","-97.037827","18.571","173.9"
"8/28/2026 3:46:50 AM","32.904099","-97.037888","19.023","174.1"
"8/28/2026 3:46:51 AM","32.904037","-97.037971","19.639","174.1"
"8/28/2026 3:46:52 AM","32.903984","-97.038071","19.903","174.3"
"8/28/2026 3:46:53 AM","32.903934","-97.03817","19.828","174.4"
"8/28/2026 3:46:54 AM","32.903904","-97.038261","19.808","174.4"
"8/28/2026 3:46:55 AM","32.903877","-97.038376","19.812","174.6"
"8/28/2026 3:46:56 AM","32.903862","-97.038475","19.754","175.1"
"8/28/2026 3:46:57 AM","32.903847","-97.038589","19.247","175.1"
"8/28/2026 3:46:58 AM","32.903835","-97.038704","18.945","175.2"
"8/28/2026 3:46:59 AM","32.903828","-97.038803","17.829","175.1"
"8/28/2026 3:47:00 AM","32.903816","-97.038902","14.854","175.1"
"8/28/2026 3:47:01 AM","32.903805","-97.038963","12.219","174.8"
"8/28/2026 3:47:02 AM","32.903782","-97.039032","10.273","174.7"
"8/28/2026 3:47:03 AM","32.903748","-97.039062","9.502","174.7"
"8/28/2026 3:47:04 AM","32.903713","-97.039093","9.456","174.9"
"8/28/2026 3:47:05 AM","32.903679","-97.039131","9.636","174.9"
"8/28/2026 3:47:06 AM","32.903648","-97.039177","9.707","174.9"
"8/28/2026 3:47:07 AM","32.903633","-97.039223","9.764","175.6"
"8/28/2026 3:47:08 AM","32.903622","-97.039276","10.239","175.8"
"8/28/2026 3:47:09 AM","32.903629","-97.039322","10.96","175.9"
"8/28/2026 3:47:10 AM","32.903645","-97.039391","10.298","176.1"
"8/28/2026 3:47:11 AM","32.903675","-97.039421","10.372","176.4"
"8/28/2026 3:47:12 AM","32.903709","-97.039467","11.49","176.2"
"8/28/2026 3:47:13 AM","32.903759","-97.039505","12.248","175.4"
"8/28/2026 3:47:14 AM","32.903816","-97.039536","12.548","175.4"
"8/28/2026 3:47:15 AM","32.903881","-97.039536","14.181","176.2"
"8/28/2026 3:47:16 AM","32.903957","-97.039551","15.041","176"
"8/28/2026 3:47:17 AM","32.904037","-97.039551","16.256","176.2"
"8/28/2026 3:47:18 AM","32.904121","-97.039566","16.871","175.8"
"8/28/2026 3:47:19 AM","32.904202","-97.039566","18.009","175.3"
"8/28/2026 3:47:20 AM","32.904297","-97.039581","19.602","175.1"
"8/28/2026 3:47:21 AM","32.904396","-97.039597","21.208","174.7"
"8/28/2026 3:47:22 AM","32.904503","-97.039619","23.142","174.3"
"8/28/2026 3:47:23 AM","32.904617","-97.039635","24.725","173.8"
"8/28/2026 3:47:24 AM","32.904736","-97.03965","26.141","173.3"
"8/28/2026 3:47:25 AM","32.904865","-97.039665","27.437","172.9"
"8/28/2026 3:47:26 AM","32.904995","-97.03968","28.411","172.5"
"8/28/2026 3:47:27 AM","32.905136","-97.039696","29.783","171.8"
"8/28/2026 3:47:28 AM","32.905281","-97.039696","30.999","171.2"
"8/28/2026 3:47:29 AM","32.90543","-97.039711","32.009","170.9"
"8/28/2026 3:47:30 AM","32.905582","-97.039726","33.416","170.6"
"8/28/2026 3:47:31 AM","32.905743","-97.039726","34.139","170"
"8/28/2026 3:47:32 AM","32.905903","-97.039726","35.289","169.9"
"8/28/2026 3:47:33 AM","32.906075","-97.039726","36.363","169.8"
"8/28/2026 3:47:34 AM","32.906246","-97.039749","37.114","170"
"8/28/2026 3:47:35 AM","32.906422","-97.039749","37.112","170.2"
"8/28/2026 3:47:36 AM","32.906597","-97.039749","37.111","170.7"
"8/28/2026 3:47:37 AM","32.906765","-97.039726","37.09","171.1"
"8/28/2026 3:47:38 AM","32.90694","-97.039726","36.503","171.1"
"8/28/2026 3:47:39 AM","32.907108","-97.039726","36.501","171.9"
"8/28/2026 3:47:40 AM","32.90728","-97.039726","36.781","172.2"
"8/28/2026 3:47:41 AM","32.907452","-97.039711","36.849","172.2"
"8/28/2026 3:47:42 AM","32.907627","-97.039711","38.115","172.1"
"8/28/2026 3:47:43 AM","32.907803","-97.039711","38.95","171.7"
"8/28/2026 3:47:44 AM","32.907986","-97.039711","39.522","171.7"
"8/28/2026 3:47:45 AM","32.908169","-97.039711","39.943","170.7"
"8/28/2026 3:47:46 AM","32.90836","-97.039711","40.234","170.1"
"8/28/2026 3:47:47 AM","32.908546","-97.039711","40.417","170.1"
"8/28/2026 3:47:48 AM","32.908737","-97.039711","40.617","168.5"
"8/28/2026 3:47:49 AM","32.908924","-97.039711","40.576","167.6"
"8/28/2026 3:47:50 AM","32.909107","-97.039711","39.414","166.6"
"8/28/2026 3:47:51 AM","32.909298","-97.039726","40.804","165.4"
"8/28/2026 3:47:52 AM","32.909489","-97.039726","40.539","164.9"
"8/28/2026 3:47:53 AM","32.909679","-97.039711","40.474","164.9"
"8/28/2026 3:47:54 AM","32.909863","-97.039726","40.476","164.6"
"8/28/2026 3:47:55 AM","32.910049","-97.039726","40.527","164.5"
"8/28/2026 3:47:56 AM","32.910233","-97.039726","38.564","164.4"
"8/28/2026 3:47:57 AM","32.910408","-97.039726","39.152","163.5"
"8/28/2026 3:47:58 AM","32.910591","-97.039711","39.95","163.2"
"8/28/2026 3:47:59 AM","32.910778","-97.039711","41.018","163.2"
"8/28/2026 3:48:00 AM","32.910969","-97.039711","40.986","163.4"
"8/28/2026 3:48:01 AM","32.911167","-97.039711","41.287","164.3"
"8/28/2026 3:48:02 AM","32.911362","-97.039711","42.155","165.1"
"8/28/2026 3:48:03 AM","32.91156","-97.039711","43.015","166.1"
"8/28/2026 3:48:04 AM","32.911762","-97.039711","43.394","167.2"
"8/28/2026 3:48:05 AM","32.911968","-97.039711","43.883","168.5"
"8/28/2026 3:48:06 AM","32.912174","-97.039711","43.928","169.3"
"8/28/2026 3:48:07 AM","32.91238","-97.039711","44.089","170.2"
"8/28/2026 3:48:08 AM","32.91259","-97.039696","44.479","170.9"
"8/28/2026 3:48:09 AM","32.9128","-97.039696","44.51","171.7"
"8/28/2026 3:48:10 AM","32.913013","-97.039696","45.63","172.2"
"8/28/2026 3:48:11 AM","32.913227","-97.039696","46.497","172.6"
"8/28/2026 3:48:12 AM","32.913448","-97.039696","47.138","172.7"
"8/28/2026 3:48:13 AM","32.913673","-97.039696","47.725","172.7"
"8/28/2026 3:48:14 AM","32.913895","-97.039696","47.91","172.7"
"8/28/2026 3:48:15 AM","32.91412","-97.039696","47.865","172.7"
"8/28/2026 3:48:16 AM","32.914345","-97.039696","47.871","172.7"
"8/28/2026 3:48:17 AM","32.914566","-97.039696","48.174","172.7"
"8/28/2026 3:48:18 AM","32.914795","-97.039696","48.704","172.6"
"8/28/2026 3:48:19 AM","32.915024","-97.03968","49.347","172.6"
"8/28/2026 3:48:20 AM","32.915257","-97.03968","49.89","172.2"
"8/28/2026 3:48:21 AM","32.915485","-97.03968","50.383","171.7"
"8/28/2026 3:48:22 AM","32.915722","-97.03968","51.211","171.7"
"8/28/2026 3:48:23 AM","32.915962","-97.03968","51.458","171.2"
"8/28/2026 3:48:24 AM","32.916203","-97.03968","51.078","171.4"
"8/28/2026 3:48:25 AM","32.916439","-97.039665","51.543","171.9"
"8/28/2026 3:48:26 AM","32.916676","-97.039665","50.185","172.5"
"8/28/2026 3:48:27 AM","32.916908","-97.03965","49.601","173"
"8/28/2026 3:48:28 AM","32.917133","-97.039635","49.012","173.7"
"8/28/2026 3:48:29 AM","32.917358","-97.039635","48.603","174.2"
"8/28/2026 3:48:30 AM","32.917587","-97.039635","48.276","174.6"
"8/28/2026 3:48:31 AM","32.917809","-97.039635","48.204","174.8"
"8/28/2026 3:48:32 AM","32.91803","-97.039635","47.967","174.8"
"8/28/2026 3:48:33 AM","32.918255","-97.039635","47.99","174.5"
"8/28/2026 3:48:34 AM","32.918476","-97.039635","47.668","174.1"
"8/28/2026 3:48:35 AM","32.918694","-97.039635","47.057","173.6"
"8/28/2026 3:48:36 AM","32.918911","-97.039635","46.408","172.8"
"8/28/2026 3:48:37 AM","32.919125","-97.039619","46.038","172"
"8/28/2026 3:48:38 AM","32.919338","-97.039619","45.666","171"
"8/28/2026 3:48:39 AM","32.919548","-97.039619","45.152","170"
"8/28/2026 3:48:40 AM","32.919758","-97.039635","44.896","169.1"
"8/28/2026 3:48:41 AM","32.919968","-97.039619","44.432","168.5"
"8/28/2026 3:48:42 AM","32.92017","-97.039619","43.802","167.9"
"8/28/2026 3:48:43 AM","32.920368","-97.039619","43.261","167.6"
"8/28/2026 3:48:44 AM","32.92057","-97.039619","42.679","167.4"
"8/28/2026 3:48:45 AM","32.920765","-97.039619","41.988","167.4"
"8/28/2026 3:48:46 AM","32.920956","-97.039619","41.168","167.5"
"8/28/2026 3:48:47 AM","32.921143","-97.039619","40.348","167.6"
"8/28/2026 3:48:48 AM","32.921326","-97.039619","39.239","167.6"
"8/28/2026 3:48:49 AM","32.921505","-97.039619","37.887","168.1"
"8/28/2026 3:48:50 AM","32.921677","-97.039619","36.39","168.2"
"8/28/2026 3:48:51 AM","32.921837","-97.039619","34.337","168.2"
"8/28/2026 3:48:52 AM","32.921993","-97.039619","32.664","168.3"
"8/28/2026 3:48:53 AM","32.922134","-97.039597","30.632","168.4"
"8/28/2026 3:48:54 AM","32.922268","-97.039597","28.367","168.4"
"8/28/2026 3:48:55 AM","32.92239","-97.039597","24.095","168.4"
"8/28/2026 3:48:56 AM","32.922493","-97.039597","21.008","168.6"
"8/28/2026 3:48:57 AM","32.922585","-97.039597","18.352","168.6"
"8/28/2026 3:48:58 AM","32.922661","-97.039597","14.814","168.9"
"8/28/2026 3:48:59 AM","32.922718","-97.039597","12.551","169"
"8/28/2026 3:49:00 AM","32.922771","-97.039597","10.312","169.1"
"8/28/2026 3:49:01 AM","32.922806","-97.039597","7.458","169.2"
"8/28/2026 3:49:02 AM","32.922832","-97.039597","4.956","169.4"
"8/28/2026 3:49:03 AM","32.922844","-97.039597","3.507","169.8"
"8/28/2026 3:49:04 AM","32.922855","-97.039597","0","169.9"
"8/28/2026 3:49:05 AM","32.922859","-97.039597","0","169.9"
"8/28/2026 3:49:06 AM","32.922863","-97.039597","0","169.8"
"8/28/2026 3:49:07 AM","32.922867","-97.039597","0","169.7"
"8/28/2026 3:49:08 AM","32.922871","-97.039597","0","169.7"
"8/28/2026 3:49:09 AM","32.922871","-97.039597","0","169.6"
"8/28/2026 3:49:10 AM","32.922871","-97.039597","0","169.6"
"8/28/2026 3:49:11 AM","32.922871","-97.039597","0","169.6"
"8/28/2026 3:49:12 AM","32.922871","-97.039597","0","169.5"
"8/28/2026 3:49:13 AM","32.922871","-97.039619","0","169.5"
"8/28/2026 3:49:14 AM","32.922871","-97.039619","0","169.5"
"8/28/2026 3:49:15 AM","32.922871","-97.039619","0","169.5"
"8/28/2026 3:49:16 AM","32.922867","-97.039619","0","169.5"
"8/28/2026 3:49:17 AM","32.922871","-97.039619","0","169.5"
"8/28/2026 3:49:18 AM","32.922871","-97.039619","0","169.6"
"8/28/2026 3:49:19 AM","32.922871","-97.039619","0","169.6"
"8/28/2026 3:49:20 AM","32.922871","-97.039619","0","169.6"
"8/28/2026 3:49:21 AM","32.922871","-97.039619","0","169.6"
"8/28/2026 3:49:22 AM","32.922871","-97.039619","0","169.6"
"8/28/2026 3:49:23 AM","32.922871","-97.039619","0","169.6"
"8/28/2026 3:49:24 AM","32.922871","-97.039619","0","169.7"
"8/28/2026 3:49:25 AM","32.922871","-97.039619","0","169.7"
"8/28/2026 3:49:26 AM","32.922871","-97.039619","0","169.7"
"8/28/2026 3:49:27 AM","32.922871","-97.039619","0","169.7"
"8/28/2026 3:49:28 AM","32.922871","-97.039619","0","169.7"
"8/28/2026 3:49:29 AM","32.922871","-97.039619","0","169.7"
"8/28/2026 3:49:30 AM","32.922871","-97.039619","0","169.7"
"8/28/2026 3:49:31 AM","32.922871","-97.039635","0","169.7"
"8/28/2026 3:49:32 AM","32.922874","-97.039635","0","169.6"
"8/28/2026 3:49:33 AM","32.922874","-97.039635","0","169.6"
"8/28/2026 3:49:34 AM","32.922874","-97.039635","0","169.6"
"8/28/2026 3:49:35 AM","32.922874","-97.039635","0","169.6"
"8/28/2026 3:49:36 AM","32.922874","-97.039635","0","169.6"
"8/28/2026 3:49:37 AM","32.922874","-97.039635","0","169.6"
"8/28/2026 3:49:38 AM","32.922874","-97.039635","0","169.6"
"8/28/2026 3:49:39 AM","32.922874","-97.039635","0","169.7"
"8/28/2026 3:49:40 AM","32.922878","-97.039635","0","169.7"
"8/28/2026 3:49:41 AM","32.922878","-97.039635","0","169.7"
"8/28/2026 3:49:42 AM","32.922878","-97.039635","0","169.8"
"8/28/2026 3:49:43 AM","32.922878","-97.039635","0","169.9"
"8/28/2026 3:49:44 AM","32.922878","-97.039635","0","170"
"8/28/2026 3:49:45 AM","32.922878","-97.039635","0","170.1"
"8/28/2026 3:49:46 AM","32.922878","-97.039635","0","170.1"
"8/28/2026 3:49:47 AM","32.922878","-97.039635","0","170.2"
"8/28/2026 3:49:48 AM","32.922878","-97.039635","0","170.3"
"8/28/2026 3:49:49 AM","32.922878","-97.039635","0","170.4"
"8/28/2026 3:49:50 AM","32.922878","-97.039635","0","170.5"
"8/28/2026 3:49:51 AM","32.922886","-97.039635","0","170.6"
"8/28/2026 3:49:52 AM","32.922886","-97.039635","0","170.7"
"8/28/2026 3:49:53 AM","32.922886","-97.039635","0","170.7"
"8/28/2026 3:49:54 AM","32.922886","-97.039635","0","170.8"
"8/28/2026 3:49:55 AM","32.922886","-97.039635","0","170.9"
"8/28/2026 3:49:56 AM","32.922886","-97.039635","0","171"
"8/28/2026 3:49:57 AM","32.922886","-97.039635","0","171.1"
"8/28/2026 3:49:58 AM","32.922886","-97.039635","0","171.1"
"8/28/2026 3:49:59 AM","32.922886","-97.039635","0","171.2"
"8/28/2026 3:50:00 AM","32.922886","-97.039635","0","171.2"
"8/28/2026 3:50:01 AM","32.922886","-97.039635","0","171.2"
"8/28/2026 3:50:02 AM","32.922886","-97.039635","0","171.4"
"8/28/2026 3:50:03 AM","32.922886","-97.039635","0","171.4"
"8/28/2026 3:50:04 AM","32.922886","-97.039635","0","171.4"
"8/28/2026 3:50:05 AM","32.922886","-97.039635","0","171.4"
"8/28/2026 3:50:06 AM","32.922878","-97.039635","0","171.4"
"8/28/2026 3:50:07 AM","32.922878","-97.039635","0","171.4"
"8/28/2026 3:50:08 AM","32.922878","-97.039635","0","171.4"
"8/28/2026 3:50:09 AM","32.922878","-97.039635","0","171.4"
"8/28/2026 3:50:10 AM","32.922878","-97.039635","0","171.4"
"8/28/2026 3:50:11 AM","32.922878","-97.039635","0","171.3"
"8/28/2026 3:50:12 AM","32.922878","-97.039635","0","171.3"
"8/28/2026 3:50:13 AM","32.922878","-97.039635","0","171.3"
"8/28/2026 3:50:14 AM","32.922874","-97.039635","0","171.2"
"8/28/2026 3:50:15 AM","32.922874","-97.039635","0","171.2"
"8/28/2026 3:50:16 AM","32.922874","-97.039635","0","171.2"
"8/28/2026 3:50:17 AM","32.922871","-97.039635","0","171.1"
"8/28/2026 3:50:18 AM","32.922871","-97.039635","0","171.1"
"8/28/2026 3:50:19 AM","32.922871","-97.039635","0","171.1"
"8/28/2026 3:50:20 AM","32.922871","-97.039635","0","171"
"8/28/2026 3:50:21 AM","32.922871","-97.039635","0","171"
"8/28/2026 3:50:22 AM","32.922871","-97.039635","0","170.9"
"8/28/2026 3:50:23 AM","32.922871","-97.039635","0","170.9"
"8/28/2026 3:50:24 AM","32.922871","-97.039635","0","170.9"
"8/28/2026 3:50:25 AM","32.922871","-97.039635","0","170.9"
"8/28/2026 3:50:26 AM","32.922871","-97.039635","0","170.9"
"8/28/2026 3:50:27 AM","32.922871","-97.039635","0","170.9"
"8/28/2026 3:50:28 AM","32.922871","-97.039635","0","170.9"
"8/28/2026 3:50:29 AM","32.922871","-97.039635","0","170.9"
"8/28/2026 3:50:30 AM","32.922871","-97.039635","0","170.9"
"8/28/2026 3:50:31 AM","32.922871","-97.039635","0","170.9"
"8/28/2026 3:50:32 AM","32.922871","-97.039635","1.521","171"
"8/28/2026 3:50:33 AM","32.922878","-97.039635","2.996","171"
"8/28/2026 3:50:34 AM","32.922905","-97.039635","5.64","171.7"
"8/28/2026 3:50:35 AM","32.922939","-97.039619","9.565","171.9"
"8/28/2026 3:50:36 AM","32.922997","-97.039619","12.736","171.9"
"8/28/2026 3:50:37 AM","32.923069","-97.039619","16.732","171.7"
"8/28/2026 3:50:38 AM","32.923157","-97.039619","19.931","171.3"
"8/28/2026 3:50:39 AM","32.923256","-97.039619","21.579","171.3"
"8/28/2026 3:50:40 AM","32.923363","-97.039619","24.017","171.6"
"8/28/2026 3:50:41 AM","32.923481","-97.039619","25.874","171.4"
"8/28/2026 3:50:42 AM","32.923607","-97.039619","27.864","171.3"
"8/28/2026 3:50:43 AM","32.923748","-97.039619","29.41","171.2"
"8/28/2026 3:50:44 AM","32.923885","-97.039619","30.739","171"
"8/28/2026 3:50:45 AM","32.924034","-97.039619","32.025","170.9"
"8/28/2026 3:50:46 AM","32.924191","-97.039619","33.362","170.8"
"8/28/2026 3:50:47 AM","32.924351","-97.039619","34.614","170.7"
"8/28/2026 3:50:48 AM","32.924515","-97.039635","36.043","170.7"
"8/28/2026 3:50:49 AM","32.924686","-97.039635","37.241","170.4"
"8/28/2026 3:50:50 AM","32.924866","-97.039635","38.244","170.3"
"8/28/2026 3:50:51 AM","32.925049","-97.039635","39.213","170.3"
"8/28/2026 3:50:52 AM","32.925232","-97.03965","40.217","170"
"8/28/2026 3:50:53 AM","32.925423","-97.03965","41.183","169.8"
"8/28/2026 3:50:54 AM","32.925617","-97.039665","42.113","169.8"
"8/28/2026 3:50:55 AM","32.925819","-97.039665","42.724","169.7"
"8/28/2026 3:50:56 AM","32.926022","-97.039665","43.759","169.6"
"8/28/2026 3:50:57 AM","32.926224","-97.039665","43.785","169.4"
"8/28/2026 3:50:58 AM","32.926434","-97.039665","44.465","169.4"
"8/28/2026 3:50:59 AM","32.926643","-97.039665","45.382","169.5"
"8/28/2026 3:51:00 AM","32.926861","-97.039665","45.737","169.7"
"8/28/2026 3:51:01 AM","32.927074","-97.039665","46.027","170.2"
"8/28/2026 3:51:02 AM","32.927292","-97.039665","46.208","170.2"
"8/28/2026 3:51:03 AM","32.927509","-97.039665","46.283","171.6"
"8/28/2026 3:51:04 AM","32.927731","-97.039665","46.446","172"
"8/28/2026 3:51:05 AM","32.927944","-97.039665","46.457","172"
"8/28/2026 3:51:06 AM","32.928162","-97.039665","46.698","173.3"
"8/28/2026 3:51:07 AM","32.928383","-97.039665","47.197","174"
"8/28/2026 3:51:08 AM","32.9286","-97.03965","47.249","174.5"
"8/28/2026 3:51:09 AM","32.928822","-97.039635","47.492","174.8"
"8/28/2026 3:51:10 AM","32.929039","-97.039597","47.553","174.9"
"8/28/2026 3:51:11 AM","32.929268","-97.039566","48.833","174.9"
"8/28/2026 3:51:12 AM","32.929493","-97.039536","49.516","174.4"
"8/28/2026 3:51:13 AM","32.929722","-97.039482","50.282","173.9"
"8/28/2026 3:51:14 AM","32.929955","-97.039436","51.031","173.9"
"8/28/2026 3:51:15 AM","32.930191","-97.039406","51.635","172.3"
"8/28/2026 3:51:16 AM","32.930431","-97.039375","52.181","171.6"
"8/28/2026 3:51:17 AM","32.930672","-97.039337","52.459","171.1"
"8/28/2026 3:51:18 AM","32.930916","-97.039291","52.65","170.7"
"8/28/2026 3:51:19 AM","32.93116","-97.039261","52.66","170.7"
"8/28/2026 3:51:20 AM","32.9314","-97.039223","52.592","170.9"
"8/28/2026 3:51:21 AM","32.931644","-97.039207","52.543","171.1"
"8/28/2026 3:51:22 AM","32.931885","-97.039192","51.813","171.4"
"8/28/2026 3:51:23 AM","32.932129","-97.039192","52.099","171.4"
"8/28/2026 3:51:24 AM","32.932373","-97.039207","52.151","171.9"
"8/28/2026 3:51:25 AM","32.932613","-97.039223","52.136","172.1"
"8/28/2026 3:51:26 AM","32.932858","-97.039238","52.121","172.1"
"8/28/2026 3:51:27 AM","32.933098","-97.039261","52.06","172.7"
"8/28/2026 3:51:28 AM","32.933342","-97.039276","51.996","173"
"8/28/2026 3:51:29 AM","32.933578","-97.039291","52.006","173.3"
"8/28/2026 3:51:30 AM","32.933819","-97.039322","51.345","173.6"
"8/28/2026 3:51:31 AM","32.934055","-97.039337","51.186","173.6"
"8/28/2026 3:51:32 AM","32.934292","-97.039352","51.624","173.5"
"8/28/2026 3:51:33 AM","32.934532","-97.039375","52.228","173.2"
"8/28/2026 3:51:34 AM","32.934776","-97.039391","52.98","173.2"
"8/28/2026 3:51:35 AM","32.935024","-97.039421","53.488","172.2"
"8/28/2026 3:51:36 AM","32.93528","-97.039436","53.716","171.6"
"8/28/2026 3:51:37 AM","32.935528","-97.039467","53.871","171.6"
"8/28/2026 3:51:38 AM","32.93578","-97.039482","53.923","170.5"
"8/28/2026 3:51:39 AM","32.936031","-97.03952","54.192","170"
"8/28/2026 3:51:40 AM","32.936279","-97.039551","54.368","170"
"8/28/2026 3:51:41 AM","32.936531","-97.039581","54.419","169.7"
"8/28/2026 3:51:42 AM","32.936779","-97.039619","54.403","169.9"
"8/28/2026 3:51:43 AM","32.937027","-97.039665","53.814","169.9"
"8/28/2026 3:51:44 AM","32.937271","-97.039711","53.42","170.6"
"8/28/2026 3:51:45 AM","32.937515","-97.039749","53.39","171.1"
"8/28/2026 3:51:46 AM","32.937759","-97.039795","53.328","171.1"
"8/28/2026 3:51:47 AM","32.938007","-97.039825","53.107","171.6"
"8/28/2026 3:51:48 AM","32.938255","-97.039864","53.434","171.5"
"8/28/2026 3:51:49 AM","32.938503","-97.039894","54.122","171.5"
"8/28/2026 3:51:50 AM","32.938759","-97.039909","54.699","170.6"
"8/28/2026 3:51:51 AM","32.939014","-97.03994","55.098","170.3"
"8/28/2026 3:51:52 AM","32.93927","-97.039955","55.166","170.3"
"8/28/2026 3:51:53 AM","32.939526","-97.039955","55.137","170.4"
"8/28/2026 3:51:54 AM","32.939777","-97.039955","54.546","171"
"8/28/2026 3:51:55 AM","32.940029","-97.039955","54.015","171"
"8/28/2026 3:51:56 AM","32.940281","-97.03994","53.438","172.2"
"8/28/2026 3:51:57 AM","32.940529","-97.039925","52.802","172.5"
"8/28/2026 3:51:58 AM","32.940773","-97.039925","52.597","172.5"
"8/28/2026 3:51:59 AM","32.941017","-97.039909","52.625","172.9"
"8/28/2026 3:52:00 AM","32.941261","-97.039894","51.853","173"
"8/28/2026 3:52:01 AM","32.941494","-97.039894","51.059","173"
"8/28/2026 3:52:02 AM","32.94173","-97.039879","50.384","172.7"
"8/28/2026 3:52:03 AM","32.941967","-97.039879","49.576","172.6"
"8/28/2026 3:52:04 AM","32.942196","-97.039879","49.07","172.6"
"8/28/2026 3:52:05 AM","32.942425","-97.039879","48.69","172.1"
"8/28/2026 3:52:06 AM","32.942646","-97.039879","48.881","172"
"8/28/2026 3:52:07 AM","32.942875","-97.039879","49.116","172"
"8/28/2026 3:52:08 AM","32.9431","-97.039879","49.464","171.4"
"8/28/2026 3:52:09 AM","32.943325","-97.039879","49.891","171.1"
"8/28/2026 3:52:10 AM","32.943558","-97.039879","50.468","170.6"
"8/28/2026 3:52:11 AM","32.943794","-97.039879","51.061","170"
"8/28/2026 3:52:12 AM","32.944035","-97.039879","51.753","169.3"
"8/28/2026 3:52:13 AM","32.944275","-97.039879","52.442","168.5"
"8/28/2026 3:52:14 AM","32.944519","-97.039879","52.738","167.7"
"8/28/2026 3:52:15 AM","32.944763","-97.039879","52.502","166.8"
"8/28/2026 3:52:16 AM","32.945007","-97.039864","52.283","166.1"
"8/28/2026 3:52:17 AM","32.945251","-97.039864","52.335","165.4"
"8/28/2026 3:52:18 AM","32.945496","-97.039864","52.717","164.6"
"8/28/2026 3:52:19 AM","32.94574","-97.039864","53.348","163.8"
"8/28/2026 3:52:20 AM","32.945992","-97.039864","53.832","163"
"8/28/2026 3:52:21 AM","32.946239","-97.039864","54.031","162.2"
"8/28/2026 3:52:22 AM","32.946491","-97.039864","54.119","161.5"
"8/28/2026 3:52:23 AM","32.946743","-97.039864","54.34","161"
"8/28/2026 3:52:24 AM","32.946999","-97.039864","54.477","161"
"8/28/2026 3:52:25 AM","32.947247","-97.039864","53.452","160.2"
"8/28/2026 3:52:26 AM","32.947495","-97.039864","53.92","159.9"
"8/28/2026 3:52:27 AM","32.947735","-97.039841","51.316","159.8"
"8/28/2026 3:52:28 AM","32.947975","-97.039841","50.44","159.7"
"8/28/2026 3:52:29 AM","32.9482","-97.039841","49.54","159.7"
"8/28/2026 3:52:30 AM","32.948429","-97.039841","48.556","159.7"
"8/28/2026 3:52:31 AM","32.94865","-97.039825","46.56","159.8"
"8/28/2026 3:52:32 AM","32.948864","-97.03981","45.905","159.7"
"8/28/2026 3:52:33 AM","32.949074","-97.039795","44.843","159.7"
"8/28/2026 3:52:34 AM","32.949276","-97.03978","43.771","159.9"
"8/28/2026 3:52:35 AM","32.949474","-97.039749","42.497","159.8"
"8/28/2026 3:52:36 AM","32.949665","-97.039726","41.48","159.8"
"8/28/2026 3:52:37 AM","32.949852","-97.039711","40.67","159.8"
"8/28/2026 3:52:38 AM","32.950039","-97.039711","39.736","159.8"
"8/28/2026 3:52:39 AM","32.950218","-97.039696","38.838","159.8"
"8/28/2026 3:52:40 AM","32.950394","-97.039696","37.536","160"
"8/28/2026 3:52:41 AM","32.950569","-97.03968","36.972","159.9"
"8/28/2026 3:52:42 AM","32.950737","-97.03968","35.704","159.9"
"8/28/2026 3:52:43 AM","32.950893","-97.03968","34.96","160.2"
"8/28/2026 3:52:44 AM","32.951054","-97.039665","34.408","160.2"
"8/28/2026 3:52:45 AM","32.95121","-97.039635","33.701","160.2"
"8/28/2026 3:52:46 AM","32.951355","-97.039597","33.354","159.6"
"8/28/2026 3:52:47 AM","32.9515","-97.039536","32.962","159.6"
"8/28/2026 3:52:48 AM","32.951641","-97.039467","32.784","159.6"
"8/28/2026 3:52:49 AM","32.951778","-97.039391","33.147","159.6"
"8/28/2026 3:52:50 AM","32.951912","-97.039307","33.611","159.3"
"8/28/2026 3:52:51 AM","32.952045","-97.039207","33.782","159"
"8/28/2026 3:52:52 AM","32.952183","-97.039108","33.644","158.7"
"8/28/2026 3:52:53 AM","32.952316","-97.039017","34.771","158.4"
"8/28/2026 3:52:54 AM","32.95245","-97.038918","35.126","158.2"
"8/28/2026 3:52:55 AM","32.952587","-97.038803","34.938","158.1"
"8/28/2026 3:52:56 AM","32.952724","-97.038704","34.976","158"
"8/28/2026 3:52:57 AM","32.952862","-97.038605","34.792","158"
"8/28/2026 3:52:58 AM","32.952999","-97.038506","34.057","158.2"
"8/28/2026 3:52:59 AM","32.953133","-97.038414","33.486","158.2"
"8/28/2026 3:53:00 AM","32.953262","-97.038315","32.836","158.7"
"8/28/2026 3:53:01 AM","32.953403","-97.038246","32.42","158.9"
"8/28/2026 3:53:02 AM","32.953541","-97.038185","30.608","158.9"
"8/28/2026 3:53:03 AM","32.953674","-97.038132","30.37","159.1"
"8/28/2026 3:53:04 AM","32.953808","-97.038101","28.919","159.1"
"8/28/2026 3:53:05 AM","32.953934","-97.038086","27.144","159"
"8/28/2026 3:53:06 AM","32.954056","-97.038071","24.413","158.9"
"8/28/2026 3:53:07 AM","32.954166","-97.038071","23.337","158.8"
"8/28/2026 3:53:08 AM","32.954269","-97.038086","21.375","158.8"
"8/28/2026 3:53:09 AM","32.954361","-97.038086","18.551","158.8"
"8/28/2026 3:53:10 AM","32.954445","-97.038086","17.647","159"
"8/28/2026 3:53:11 AM","32.954521","-97.038086","16.131","159"
"8/28/2026 3:53:12 AM","32.95459","-97.038086","13.872","159"
"8/28/2026 3:53:13 AM","32.954647","-97.038086","12.107","159"
"8/28/2026 3:53:14 AM","32.9547","-97.038086","10.593","159"
"8/28/2026 3:53:15 AM","32.954746","-97.038086","9.828","159"
"8/28/2026 3:53:16 AM","32.954784","-97.038086","8.998","159"
"8/28/2026 3:53:17 AM","32.954823","-97.038086","7.351","159"
"8/28/2026 3:53:18 AM","32.954845","-97.038086","3.951","158.8"
"8/28/2026 3:53:19 AM","32.954857","-97.038086","2.344","158.8"
"8/28/2026 3:53:20 AM","32.954868","-97.038086","0","158.6"
"8/28/2026 3:53:21 AM","32.954868","-97.038086","0","158.6"
"8/28/2026 3:53:22 AM","32.954868","-97.038086","0","158.6"
"8/28/2026 3:53:23 AM","32.954872","-97.038086","0","158.6"
"8/28/2026 3:53:24 AM","32.954891","-97.038086","6.595","158.5"
"8/28/2026 3:53:25 AM","32.954922","-97.038086","9.384","158.4"
"8/28/2026 3:53:26 AM","32.954971","-97.038101","10.67","158.4"
"8/28/2026 3:53:27 AM","32.955021","-97.038116","12.369","158"
"8/28/2026 3:53:28 AM","32.95507","-97.038155","12.419","158.2"
"8/28/2026 3:53:29 AM","32.955116","-97.0382","12.922","158.3"
"8/28/2026 3:53:30 AM","32.955143","-97.038284","14.109","158.5"
"8/28/2026 3:53:31 AM","32.955162","-97.038361","15.104","158.5"
"8/28/2026 3:53:32 AM","32.955173","-97.038445","16.461","159.2"
"8/28/2026 3:53:33 AM","32.955177","-97.038544","17.79","159.7"
"8/28/2026 3:53:34 AM","32.955181","-97.038643","18.417","160.4"
"8/28/2026 3:53:35 AM","32.955181","-97.038734","19.111","161"
"8/28/2026 3:53:36 AM","32.955181","-97.038849","19.791","161.8"
"8/28/2026 3:53:37 AM","32.955185","-97.038963","20.615","161.8"
"8/28/2026 3:53:38 AM","32.955185","-97.039078","21.511","163.5"
"8/28/2026 3:53:39 AM","32.955185","-97.039192","22.363","164.5"
"8/28/2026 3:53:40 AM","32.955189","-97.039322","23.189","164.5"
"8/28/2026 3:53:41 AM","32.955189","-97.039452","24.009","166.6"
"8/28/2026 3:53:42 AM","32.955189","-97.039597","24.98","167.4"
"8/28/2026 3:53:43 AM","32.955189","-97.039726","25.955","167.4"
"8/28/2026 3:53:44 AM","32.955193","-97.039879","27.003","168.7"
"8/28/2026 3:53:45 AM","32.955193","-97.040039","27.914","169"
"8/28/2026 3:53:46 AM","32.9552","-97.040199","28.658","169"
"8/28/2026 3:53:47 AM","32.9552","-97.040367","28.969","169.1"
"8/28/2026 3:53:48 AM","32.955204","-97.040512","28.955","168.8"
"8/28/2026 3:53:49 AM","32.955208","-97.040672","28.666","168.8"
"8/28/2026 3:53:50 AM","32.955208","-97.04084","28.081","167.8"
"8/28/2026 3:53:51 AM","32.955212","-97.041","28.053","167.1"
"8/28/2026 3:53:52 AM","32.955215","-97.041145","28.322","167.1"
"8/28/2026 3:53:53 AM","32.955219","-97.041306","28.585","165.4"
"8/28/2026 3:53:54 AM","32.955223","-97.041473","28.856","164.6"
"8/28/2026 3:53:55 AM","32.955223","-97.041634","29.128","164.6"
"8/28/2026 3:53:56 AM","32.955227","-97.041794","29.423","163.6"
"8/28/2026 3:53:57 AM","32.955227","-97.041962","29.722","163.4"
"8/28/2026 3:53:58 AM","32.955227","-97.042122","30.173","163.4"
"8/28/2026 3:53:59 AM","32.955235","-97.042282","30.79","163"
"8/28/2026 3:54:00 AM","32.955238","-97.042465","31.452","163.1"
"8/28/2026 3:54:01 AM","32.955238","-97.042641","31.78","163.4"
"8/28/2026 3:54:02 AM","32.955242","-97.042809","31.497","163.8"
"8/28/2026 3:54:03 AM","32.955246","-97.042984","30.552","164.2"
"8/28/2026 3:54:04 AM","32.955254","-97.043144","29.766","164.7"
"8/28/2026 3:54:05 AM","32.955261","-97.043312","29.254","165.1"
"8/28/2026 3:54:06 AM","32.955273","-97.043472","28.078","165.1"
"8/28/2026 3:54:07 AM","32.955284","-97.043617","25.69","166"
"8/28/2026 3:54:08 AM","32.955296","-97.043747","24.087","166.4"
"8/28/2026 3:54:09 AM","32.955299","-97.043877","23.366","166.7"
"8/28/2026 3:54:10 AM","32.955299","-97.044014","22.53","167"
"8/28/2026 3:54:11 AM","32.955299","-97.044121","21.551","167.1"
"8/28/2026 3:54:12 AM","32.955299","-97.044235","19.958","167.2"
"8/28/2026 3:54:13 AM","32.955299","-97.044334","17.571","167.3"
"8/28/2026 3:54:14 AM","32.955299","-97.044418","14.378","167.2"
"8/28/2026 3:54:15 AM","32.955303","-97.044479","10.961","167.2"
"8/28/2026 3:54:16 AM","32.955311","-97.044533","6.963","166.8"
"8/28/2026 3:54:17 AM","32.955326","-97.044563","6.652","166.6"
"8/28/2026 3:54:18 AM","32.955341","-97.044579","5.107","166.4"
"8/28/2026 3:54:19 AM","32.95536","-97.044594","4.603","166.3"
"8/28/2026 3:54:20 AM","32.955376","-97.044609","4.904","166.1"
"8/28/2026 3:54:21 AM","32.955399","-97.044609","5.492","165.9"
"8/28/2026 3:54:22 AM","32.955429","-97.044632","6.807","165.7"
"8/28/2026 3:54:23 AM","32.95546","-97.044632","7.89","165.5"
"8/28/2026 3:54:24 AM","32.955498","-97.044632","8.885","165.5"
"8/28/2026 3:54:25 AM","32.955544","-97.044632","9.248","165.1"
"8/28/2026 3:54:26 AM","32.955582","-97.044594","10.324","164.9"
"8/28/2026 3:54:27 AM","32.955627","-97.044579","11.287","164.7"
"8/28/2026 3:54:28 AM","32.955673","-97.044533","11.328","164.5"
"8/28/2026 3:54:29 AM","32.955708","-97.044502","11.101","164.4"
"8/28/2026 3:54:30 AM","32.955742","-97.044449","10.278","164.4"
"8/28/2026 3:54:31 AM","32.955769","-97.044403","8.968","164.5"
"8/28/2026 3:54:32 AM","32.955795","-97.044365","8.14","164.5"
"8/28/2026 3:54:33 AM","32.955826","-97.044334","8.071","164.5"
"8/28/2026 3:54:34 AM","32.95586","-97.044334","7.714","164.3"
"8/28/2026 3:54:35 AM","32.955891","-97.044334","6.98","164.5"
"8/28/2026 3:54:36 AM","32.955921","-97.044334","6.493","164.5"
"8/28/2026 3:54:37 AM","32.955944","-97.044365","7.303","165"
"8/28/2026 3:54:38 AM","32.955971","-97.044403","8.212","165.1"
"8/28/2026 3:54:39 AM","32.955994","-97.044434","8.862","165.1"
"8/28/2026 3:54:40 AM","32.956013","-97.044479","10.039","165.1"
"8/28/2026 3:54:41 AM","32.956036","-97.044533","9.012","165.1"
"8/28/2026 3:54:42 AM","32.956047","-97.044579","7.807","165.1"
"8/28/2026 3:54:43 AM","32.956055","-97.044609","5.637","164.8"
"8/28/2026 3:54:44 AM","32.956055","-97.044632","4.039","164.8"
"8/28/2026 3:54:45 AM","32.956055","-97.044647","2.084","164.6"
"8/28/2026 3:54:46 AM","32.956051","-97.044647","0","165.2"
"8/28/2026 3:54:47 AM","32.956051","-97.044647","0","165.4"
"8/28/2026 3:54:48 AM","32.956055","-97.044647","0","165.4"
"8/28/2026 3:54:49 AM","32.956055","-97.044647","0","165.4"
"8/28/2026 3:54:50 AM","32.956055","-97.044647","0","165.4"
"8/28/2026 3:54:51 AM","32.956055","-97.044647","0","165.3"
"8/28/2026 3:54:52 AM","32.956055","-97.044647","0","165.3"
"8/28/2026 3:54:53 AM","32.956055","-97.044647","0","165.3"
"8/28/2026 3:54:54 AM","32.956051","-97.044647","0","165.2"
"8/28/2026 3:54:55 AM","32.956051","-97.044647","0","165.1"
"8/28/2026 3:54:56 AM","32.956055","-97.044647","0","165.2"
"8/28/2026 3:54:57 AM","32.956055","-97.044647","0","165.1"
"8/28/2026 3:54:58 AM","32.956055","-97.044647","0","165.2"
"8/28/2026 3:54:59 AM","32.956055","-97.044647","0","165.1"
"8/28/2026 3:55:00 AM","32.956055","-97.044647","0","165"
"8/28/2026 3:55:01 AM","32.956055","-97.044647","0","164.8"
"8/28/2026 3:55:02 AM","32.956055","-97.044647","0","164.8"
"8/28/2026 3:55:03 AM","32.956055","-97.044647","0","164.7"
"8/28/2026 3:55:04 AM","32.956055","-97.044647","0","164.6"
"8/28/2026 3:55:05 AM","32.956055","-97.044647","0","164.5"
"8/28/2026 3:55:06 AM","32.956055","-97.044647","0","164.5"
"8/28/2026 3:55:07 AM","32.956055","-97.044647","0","164.7"
"8/28/2026 3:55:08 AM","32.956055","-97.044647","0","164.6"
"8/28/2026 3:55:09 AM","32.956055","-97.044647","0","164.6"
"8/28/2026 3:55:10 AM","32.956055","-97.044647","0","164.7"
"8/28/2026 3:55:11 AM","32.956051","-97.044647","0","164.7"
"8/28/2026 3:55:12 AM","32.956051","-97.044647","0","164.8"
"8/28/2026 3:55:13 AM","32.956051","-97.044647","0","164.9"
"8/28/2026 3:55:14 AM","32.956047","-97.044647","0","164.9"
"8/28/2026 3:55:15 AM","32.956047","-97.044647","0","165.1"
"8/28/2026 3:55:16 AM","32.956047","-97.044647","0","165.2"
"8/28/2026 3:55:17 AM","32.956047","-97.044647","0","165.2"
"8/28/2026 3:55:18 AM","32.956043","-97.044647","0","165.1"
"8/28/2026 3:55:19 AM","32.956043","-97.044662","0","165.2"
"8/28/2026 3:55:20 AM","32.956043","-97.044662","0","165.2"
"8/28/2026 3:55:21 AM","32.956039","-97.044662","0","165.2"
"8/28/2026 3:55:22 AM","32.956039","-97.044662","0","165.1"
"8/28/2026 3:55:23 AM","32.956039","-97.044662","0","165.1"
"8/28/2026 3:55:24 AM","32.956036","-97.044662","0","164.9"
"8/28/2026 3:55:25 AM","32.956036","-97.044662","0","164.8"
"8/28/2026 3:55:26 AM","32.956032","-97.044662","0","164.8"
"8/28/2026 3:55:27 AM","32.956032","-97.044662","0","164.5"
"8/28/2026 3:55:28 AM","32.956032","-97.044662","0","164.3"
"8/28/2026 3:55:29 AM","32.956028","-97.044662","0","164.3"
"8/28/2026 3:55:30 AM","32.956028","-97.044662","0","164"
"8/28/2026 3:55:31 AM","32.956028","-97.044662","0","164"
"8/28/2026 3:55:32 AM","32.95602","-97.044662","0","163.9"
"8/28/2026 3:55:33 AM","32.95602","-97.044662","0","163.8"
"8/28/2026 3:55:34 AM","32.95602","-97.044662","0","163.6"
"8/28/2026 3:55:35 AM","32.956017","-97.044662","0","163.6"
"8/28/2026 3:55:36 AM","32.956017","-97.044662","0","163.4"
"8/28/2026 3:55:37 AM","32.956017","-97.044662","0","163.4"
"8/28/2026 3:55:38 AM","32.956017","-97.044662","0","163.3"
"8/28/2026 3:55:39 AM","32.956017","-97.044662","0","163.1"
"8/28/2026 3:55:40 AM","32.956013","-97.044662","0","163"
"8/28/2026 3:55:41 AM","32.956013","-97.044662","0","162.8"
"8/28/2026 3:55:42 AM","32.956013","-97.044662","0","162.7"
"8/28/2026 3:55:43 AM","32.956013","-97.044662","0","162.6"
"8/28/2026 3:55:44 AM","32.956013","-97.044662","0","162.6"
"8/28/2026 3:55:45 AM","32.956013","-97.044662","0","162.5"
"8/28/2026 3:55:46 AM","32.956013","-97.044662","0","162.4"
"8/28/2026 3:55:47 AM","32.956013","-97.044662","0","162.3"
"8/28/2026 3:55:48 AM","32.956013","-97.044662","0","162.2"
"8/28/2026 3:55:49 AM","32.956009","-97.044662","0","162.1"
"8/28/2026 3:55:50 AM","32.956009","-97.044662","0","162"
"8/28/2026 3:55:51 AM","32.956009","-97.044662","0","161.8"
"8/28/2026 3:55:52 AM","32.956009","-97.044662","0","161.7"
"8/28/2026 3:55:53 AM","32.956009","-97.044662","0","161.7"
"8/28/2026 3:55:54 AM","32.956005","-97.044662","0","161.6"
"8/28/2026 3:55:55 AM","32.956005","-97.044662","0","161.6"
"8/28/2026 3:55:56 AM","32.956001","-97.044678","0","161.2"
"8/28/2026 3:55:57 AM","32.956001","-97.044678","0","160.9"
"8/28/2026 3:55:58 AM","32.956001","-97.044678","0","160.9"
"8/28/2026 3:55:59 AM","32.955997","-97.044678","0","160.9"
"8/28/2026 3:56:00 AM","32.955997","-97.044678","0","160.8"
"8/28/2026 3:56:01 AM","32.955994","-97.044678","0","160.8"
"8/28/2026 3:56:02 AM","32.955994","-97.044678","0","160.5"
"8/28/2026 3:56:03 AM","32.955994","-97.044678","0","160.4"
"8/28/2026 3:56:04 AM","32.95599","-97.044678","0","160.1"
"8/28/2026 3:56:05 AM","32.95599","-97.044678","0","159.9"
"8/28/2026 3:56:06 AM","32.95599","-97.044678","0","159.9"
"8/28/2026 3:56:07 AM","32.95599","-97.044678","0","159.8"
"8/28/2026 3:56:08 AM","32.95599","-97.044678","0","159.8"
"8/28/2026 3:56:09 AM","32.955986","-97.044678","0","159.7"
"8/28/2026 3:56:10 AM","32.955986","-97.044693","0","159.6"
"8/28/2026 3:56:11 AM","32.955986","-97.044693","0","159.6"
"8/28/2026 3:56:12 AM","32.955986","-97.044693","0","159.4"
"8/28/2026 3:56:13 AM","32.955986","-97.044693","0","159.3"
"8/28/2026 3:56:14 AM","32.955986","-97.044693","0","159.2"
"8/28/2026 3:56:15 AM","32.955986","-97.044693","0","159.2"
"8/28/2026 3:56:16 AM","32.955986","-97.044693","0","159.1"
"8/28/2026 3:56:17 AM","32.955986","-97.044693","0","159.1"
"8/28/2026 3:56:18 AM","32.955986","-97.044693","0","159.1"
"8/28/2026 3:56:19 AM","32.955986","-97.044693","0","159.1"
"8/28/2026 3:56:20 AM","32.955986","-97.044693","0","159.2"
"8/28/2026 3:56:21 AM","32.955986","-97.044693","0","159.2"
"8/28/2026 3:56:22 AM","32.955986","-97.044693","0","159.1"
"8/28/2026 3:56:23 AM","32.955986","-97.044693","0","159.1"
"8/28/2026 3:56:24 AM","32.955986","-97.044693","0","159"
"8/28/2026 3:56:25 AM","32.955986","-97.044693","0","159"
"8/28/2026 3:56:26 AM","32.955986","-97.044693","0","158.9"
"8/28/2026 3:56:27 AM","32.955986","-97.044693","0","159"
"8/28/2026 3:56:28 AM","32.955986","-97.044693","0","158.9"
"8/28/2026 3:56:29 AM","32.955982","-97.044693","0","158.8"
"8/28/2026 3:56:30 AM","32.955982","-97.044693","0","158.8"
"8/28/2026 3:56:31 AM","32.955982","-97.044693","0","158.8"
"8/28/2026 3:56:32 AM","32.955982","-97.044693","0","158.7"
"8/28/2026 3:56:33 AM","32.955982","-97.044693","0","158.6"
"8/28/2026 3:56:34 AM","32.955982","-97.044693","0","158.5"
"8/28/2026 3:56:35 AM","32.955982","-97.044693","0","158.4"
"8/28/2026 3:56:36 AM","32.955982","-97.044693","0","158.2"
"8/28/2026 3:56:37 AM","32.955982","-97.044693","0","158.1"
"8/28/2026 3:56:38 AM","32.955982","-97.044693","0","158"
"8/28/2026 3:56:39 AM","32.955982","-97.044693","0","157.8"
"8/28/2026 3:56:40 AM","32.955982","-97.044678","0","157.4"
"8/28/2026 3:56:41 AM","32.955982","-97.044678","0","157.4"
"8/28/2026 3:56:42 AM","32.955982","-97.044678","0","157.1"
"8/28/2026 3:56:43 AM","32.955982","-97.044678","0","156.9"
"8/28/2026 3:56:44 AM","32.955982","-97.044678","0","156.7"
"8/28/2026 3:56:45 AM","32.955982","-97.044678","0","156.3"
"8/28/2026 3:56:46 AM","32.955982","-97.044678","0","156.2"
"8/28/2026 3:56:47 AM","32.955982","-97.044678","0","156.1"
"8/28/2026 3:56:48 AM","32.955982","-97.044678","0","155.7"
"8/28/2026 3:56:49 AM","32.955986","-97.044678","0","155.5"
"8/28/2026 3:56:50 AM","32.955986","-97.044678","0","155.1"
"8/28/2026 3:56:51 AM","32.955986","-97.044678","0","154.8"
"8/28/2026 3:56:52 AM","32.955986","-97.044678","1.167","154.3"
"8/28/2026 3:56:53 AM","32.955986","-97.044693","1.204","154.1"
"8/28/2026 3:56:54 AM","32.955986","-97.044693","1.203","153.7"
"8/28/2026 3:56:55 AM","32.955986","-97.044708","0.978","153.6"
"8/28/2026 3:56:56 AM","32.955986","-97.044708","1.334","153.6"
"8/28/2026 3:56:57 AM","32.95599","-97.044724","2.436","153.3"
"8/28/2026 3:56:58 AM","32.956009","-97.044777","3.351","152.9"
"8/28/2026 3:56:59 AM","32.956009","-97.044823","4.052","153.5"
"8/28/2026 3:57:00 AM","32.956009","-97.044838","4.448","154.7"
"8/28/2026 3:57:01 AM","32.956001","-97.044853","4.488","157.1"
"8/28/2026 3:57:02 AM","32.955994","-97.044891","4.857","157.1"
"8/28/2026 3:57:03 AM","32.955978","-97.044907","5.464","160.6"
"8/28/2026 3:57:04 AM","32.955967","-97.044937","5.863","161.1"
"8/28/2026 3:57:05 AM","32.955944","-97.044952","5.425","161.1"
"8/28/2026 3:57:06 AM","32.955925","-97.044968","4.545","162.9"
"8/28/2026 3:57:07 AM","32.955906","-97.044991","3.513","163.9"
"8/28/2026 3:57:08 AM","32.955891","-97.044991","3.16","164.7"
"8/28/2026 3:57:09 AM","32.955875","-97.044991","3.186","165.1"
"8/28/2026 3:57:10 AM","32.95586","-97.044991","4.523","165.2"
"8/28/2026 3:57:11 AM","32.955837","-97.044968","5.197","165.4"
"8/28/2026 3:57:12 AM","32.955818","-97.044952","5.534","165.8"
"8/28/2026 3:57:13 AM","32.955799","-97.044937","5.774","166"
"8/28/2026 3:57:14 AM","32.955776","-97.044907","6.037","166"
"8/28/2026 3:57:15 AM","32.955757","-97.044891","6.102","166.1"
"8/28/2026 3:57:16 AM","32.955738","-97.044876","6.3","166.2"
"8/28/2026 3:57:17 AM","32.955715","-97.044838","7.438","166.4"
"8/28/2026 3:57:18 AM","32.955692","-97.044807","8.477","166.5"
"8/28/2026 3:57:19 AM","32.955666","-97.044777","7.928","166.6"
"8/28/2026 3:57:20 AM","32.955635","-97.044762","6.015","166.7"
"8/28/2026 3:57:21 AM","32.955616","-97.044746","4.54","166.9"
"8/28/2026 3:57:22 AM","32.955601","-97.044724","4.497","167.1"
"8/28/2026 3:57:23 AM","32.955574","-97.044724","5.511","167.4"
"8/28/2026 3:57:24 AM","32.955551","-97.044708","5.913","167.7"
"8/28/2026 3:57:25 AM","32.955517","-97.044708","6.93","167.7"
"8/28/2026 3:57:26 AM","32.955486","-97.044708","7.758","168.2"
"8/28/2026 3:57:27 AM","32.955448","-97.044708","7.563","168.6"
"8/28/2026 3:57:28 AM","32.95541","-97.044708","6.821","168.6"
"8/28/2026 3:57:29 AM","32.955383","-97.044708","5.864","169"
"8/28/2026 3:57:30 AM","32.95536","-97.044708","4.502","169.2"
"8/28/2026 3:57:31 AM","32.955341","-97.044708","3.337","169.2"
"8/28/2026 3:57:32 AM","32.955326","-97.044708","2.178","169.4"
"8/28/2026 3:57:33 AM","32.955322","-97.044708","0","169.5"
"8/28/2026 3:57:34 AM","32.955318","-97.044708","0","169.5"
"8/28/2026 3:57:35 AM","32.955318","-97.044708","0","169.5"
"8/28/2026 3:57:36 AM","32.955318","-97.044708","0","169.5"
"8/28/2026 3:57:37 AM","32.955318","-97.044708","0","169.6"
"8/28/2026 3:57:38 AM","32.955318","-97.044708","0","169.6"
"8/28/2026 3:57:39 AM","32.955318","-97.044708","0","169.6"
"8/28/2026 3:57:40 AM","32.955318","-97.044708","0","169.6"
"8/28/2026 3:57:41 AM","32.955322","-97.044708","0","169.6"
"8/28/2026 3:57:42 AM","32.955322","-97.044708","0","169.6"
"8/28/2026 3:57:43 AM","32.955322","-97.044708","0","169.6"
"8/28/2026 3:57:44 AM","32.955322","-97.044708","0","169.6"
"8/28/2026 3:57:45 AM","32.955322","-97.044708","0","169.7"
"8/28/2026 3:57:46 AM","32.955322","-97.044708","0","169.7"
"8/28/2026 3:57:47 AM","32.955322","-97.044708","0","169.7"
"8/28/2026 3:57:48 AM","32.955322","-97.044708","0","169.7"
"8/28/2026 3:57:49 AM","32.955322","-97.044708","0","169.7"
"8/28/2026 3:57:50 AM","32.955322","-97.044708","0","169.8"
"8/28/2026 3:57:51 AM","32.955322","-97.044708","0","169.8"
"8/28/2026 3:57:52 AM","32.955322","-97.044708","0","169.8"
"8/28/2026 3:57:53 AM","32.955322","-97.044708","0","169.8"
"8/28/2026 3:57:54 AM","32.955326","-97.044708","0","169.8"
"8/28/2026 3:57:55 AM","32.955326","-97.044708","0","169.8"
"8/28/2026 3:57:56 AM","32.955326","-97.044708","0","169.8"
"8/28/2026 3:57:57 AM","32.955326","-97.044708","0","169.8"
"8/28/2026 3:57:58 AM","32.955326","-97.044708","0","169.8"
"8/28/2026 3:57:59 AM","32.955318","-97.044708","2.766","169.8"
"8/28/2026 3:58:00 AM","32.955303","-97.044708","4.917","169.7"
"8/28/2026 3:58:01 AM","32.955273","-97.044708","6.63","169.7"
"8/28/2026 3:58:02 AM","32.955238","-97.044693","8.029","169.7"
"8/28/2026 3:58:03 AM","32.9552","-97.044662","9.039","170"
"8/28/2026 3:58:04 AM","32.955166","-97.044632","10.729","170.1"
"8/28/2026 3:58:05 AM","32.955143","-97.044563","12.161","170.4"
"8/28/2026 3:58:06 AM","32.955124","-97.044502","13.494","170.4"
"8/28/2026 3:58:07 AM","32.955105","-97.044418","16.414","170.6"
"8/28/2026 3:58:08 AM","32.95509","-97.044319","18.168","170.6"
"8/28/2026 3:58:09 AM","32.955078","-97.04422","19.952","170.6"
"8/28/2026 3:58:10 AM","32.95507","-97.044106","21.869","170.2"
"8/28/2026 3:58:11 AM","32.955067","-97.043976","23.809","169.9"
"8/28/2026 3:58:12 AM","32.955059","-97.043831","25.656","169.7"
"8/28/2026 3:58:13 AM","32.955051","-97.043686","26.922","169.3"
"8/28/2026 3:58:14 AM","32.95504","-97.043541","27.359","168.8"
"8/28/2026 3:58:15 AM","32.955032","-97.043373","27.295","168.4"
"8/28/2026 3:58:16 AM","32.955013","-97.043228","27.25","167.9"
"8/28/2026 3:58:17 AM","32.954998","-97.043083","27.027","167.6"
"8/28/2026 3:58:18 AM","32.954979","-97.042938","26.816","167.2"
"8/28/2026 3:58:19 AM","32.954967","-97.042793","26.253","166.7"
"8/28/2026 3:58:20 AM","32.95496","-97.042641","25.184","166.3"
"8/28/2026 3:58:21 AM","32.954952","-97.042511","24.078","166.3"
"8/28/2026 3:58:22 AM","32.954948","-97.042381","22.629","165.6"
"8/28/2026 3:58:23 AM","32.954945","-97.042267","21.095","165.6"
"8/28/2026 3:58:24 AM","32.954937","-97.042152","18.601","165.7"
"8/28/2026 3:58:25 AM","32.954914","-97.042061","15.372","165.6"
"8/28/2026 3:58:26 AM","32.954891","-97.041992","11.862","165.7"
"8/28/2026 3:58:27 AM","32.954857","-97.041962","10.553","165.7"
"8/28/2026 3:58:28 AM","32.954819","-97.041924","10.575","166.3"
"8/28/2026 3:58:29 AM","32.954765","-97.041893","13.374","166.5"
"8/28/2026 3:58:30 AM","32.954704","-97.041878","15.689","165.4"
"8/28/2026 3:58:31 AM","32.954628","-97.041878","18.556","165.3"
"8/28/2026 3:58:32 AM","32.954533","-97.041878","20.741","165.2"
"8/28/2026 3:58:33 AM","32.95443","-97.041893","22.063","165.2"
"8/28/2026 3:58:34 AM","32.954323","-97.041893","24.375","165.3"
"8/28/2026 3:58:35 AM","32.954201","-97.041908","26.662","165.3"
"8/28/2026 3:58:36 AM","32.954063","-97.041908","28.796","165.3"
"8/28/2026 3:58:37 AM","32.953926","-97.041924","30.431","165.1"
"8/28/2026 3:58:38 AM","32.953777","-97.041924","31.775","165"
"8/28/2026 3:58:39 AM","32.953621","-97.041946","33.219","165"
"8/28/2026 3:58:40 AM","32.953465","-97.041946","34.215","165"
"8/28/2026 3:58:41 AM","32.9533","-97.041962","34.924","165.2"
"8/28/2026 3:58:42 AM","32.953133","-97.041962","35.57","165.6"
"8/28/2026 3:58:43 AM","32.952961","-97.041962","36.489","165.9"
"8/28/2026 3:58:44 AM","32.952793","-97.041962","37.314","166.1"
"8/28/2026 3:58:45 AM","32.952614","-97.041977","38.428","166.1"
"8/28/2026 3:58:46 AM","32.952431","-97.041977","39.485","165.5"
"8/28/2026 3:58:47 AM","32.952244","-97.041992","40.103","165"
"8/28/2026 3:58:48 AM","32.952053","-97.041992","40.097","165"
"8/28/2026 3:58:49 AM","32.951862","-97.041992","40.069","164.4"
"8/28/2026 3:58:50 AM","32.951675","-97.041992","40.382","164.3"
"8/28/2026 3:58:51 AM","32.951485","-97.041977","40.749","164.3"
"8/28/2026 3:58:52 AM","32.951298","-97.041962","41.139","164.6"
"8/28/2026 3:58:53 AM","32.951107","-97.041924","41.55","164.6"
"8/28/2026 3:58:54 AM","32.950912","-97.041893","42.113","165.1"
"8/28/2026 3:58:55 AM","32.950722","-97.041862","43.016","165.2"
"8/28/2026 3:58:56 AM","32.950516","-97.041817","43.88","165.2"
"8/28/2026 3:58:57 AM","32.950314","-97.041779","44.788","165"
"8/28/2026 3:58:58 AM","32.950108","-97.041733","45.736","164.6"
"8/28/2026 3:58:59 AM","32.949894","-97.041679","46.684","164"
"8/28/2026 3:59:00 AM","32.94968","-97.041649","47.374","163.3"
"8/28/2026 3:59:01 AM","32.949459","-97.041603","47.759","162.8"
"8/28/2026 3:59:02 AM","32.949238","-97.04155","48.044","162.8"
"8/28/2026 3:59:03 AM","32.94902","-97.041519","47.765","162.4"
"8/28/2026 3:59:04 AM","32.948799","-97.041473","48.233","162.5"
"8/28/2026 3:59:05 AM","32.948586","-97.041435","47.281","162.5"
"8/28/2026 3:59:06 AM","32.948364","-97.04142","48.059","162.6"
"8/28/2026 3:59:07 AM","32.948135","-97.041389","48.546","162.5"
"8/28/2026 3:59:08 AM","32.947914","-97.041374","49.239","162.5"
"8/28/2026 3:59:09 AM","32.947681","-97.041359","49.742","163.5"
"8/28/2026 3:59:10 AM","32.947449","-97.041344","50.225","164.2"
"8/28/2026 3:59:11 AM","32.947216","-97.041306","50.638","164.2"
"8/28/2026 3:59:12 AM","32.946976","-97.04129","51.026","165.4"
"8/28/2026 3:59:13 AM","32.946739","-97.04129","50.971","165.7"
"8/28/2026 3:59:14 AM","32.946507","-97.041275","50.11","166.1"
"8/28/2026 3:59:15 AM","32.946274","-97.041275","49.373","166.7"
"8/28/2026 3:59:16 AM","32.946041","-97.04129","49.304","167.3"
"8/28/2026 3:59:17 AM","32.945812","-97.04129","49.256","168.2"
"8/28/2026 3:59:18 AM","32.945583","-97.04129","49.224","169.1"
"8/28/2026 3:59:19 AM","32.945358","-97.04129","49.154","170"
"8/28/2026 3:59:20 AM","32.945129","-97.04129","48.967","170"
"8/28/2026 3:59:21 AM","32.944901","-97.04129","48.932","171.8"
"8/28/2026 3:59:22 AM","32.944675","-97.04129","48.855","172.7"
"8/28/2026 3:59:23 AM","32.944447","-97.04129","48.815","172.7"
"8/28/2026 3:59:24 AM","32.944218","-97.04129","49.127","173.8"
"8/28/2026 3:59:25 AM","32.943989","-97.041306","48.969","174"
"8/28/2026 3:59:26 AM","32.94376","-97.041306","50.285","174"
"8/28/2026 3:59:27 AM","32.943523","-97.041306","50.739","174.4"
"8/28/2026 3:59:28 AM","32.943287","-97.04129","51.276","174.5"
"8/28/2026 3:59:29 AM","32.943047","-97.04129","51.98","174.5"
"8/28/2026 3:59:30 AM","32.942802","-97.04129","52.429","175"
"8/28/2026 3:59:31 AM","32.942562","-97.04129","52.023","175.2"
"8/28/2026 3:59:32 AM","32.942318","-97.041306","51.559","175.2"
"8/28/2026 3:59:33 AM","32.942078","-97.041306","51.935","175.2"
"8/28/2026 3:59:34 AM","32.941837","-97.041306","52.23","175"
"8/28/2026 3:59:35 AM","32.941593","-97.041306","52.646","175"
"8/28/2026 3:59:36 AM","32.941345","-97.041306","53.147","174.2"
"8/28/2026 3:59:37 AM","32.941097","-97.041306","53.464","174.2"
"8/28/2026 3:59:38 AM","32.940849","-97.041328","53.816","173.4"
"8/28/2026 3:59:39 AM","32.940598","-97.041328","54.271","172.9"
"8/28/2026 3:59:40 AM","32.940342","-97.041328","54.526","172.9"
"8/28/2026 3:59:41 AM","32.940086","-97.041328","54.769","172.1"
"8/28/2026 3:59:42 AM","32.939831","-97.041344","55.067","171.6"
"8/28/2026 3:59:43 AM","32.939575","-97.041344","55.304","171.1"
"8/28/2026 3:59:44 AM","32.939316","-97.041344","55.345","170.7"
"8/28/2026 3:59:45 AM","32.93906","-97.041359","55.349","170.2"
"8/28/2026 3:59:46 AM","32.938801","-97.041359","55.336","169.7"
"8/28/2026 3:59:47 AM","32.938541","-97.041359","55.341","169.3"
"8/28/2026 3:59:48 AM","32.938286","-97.041359","55.304","169"
"8/28/2026 3:59:49 AM","32.93803","-97.041359","55.047","168.8"
"8/28/2026 3:59:50 AM","32.937778","-97.041359","54.636","168.9"
"8/28/2026 3:59:51 AM","32.937523","-97.041359","54.14","169.1"
"8/28/2026 3:59:52 AM","32.937275","-97.041359","53.662","169.3"
"8/28/2026 3:59:53 AM","32.937027","-97.041374","53.323","169.7"
"8/28/2026 3:59:54 AM","32.936779","-97.041374","53.077","170"
"8/28/2026 3:59:55 AM","32.936535","-97.041374","53.019","170"
"8/28/2026 3:59:56 AM","32.936291","-97.041374","52.66","170.3"
"8/28/2026 3:59:57 AM","32.936047","-97.041374","52.64","170.6"
"8/28/2026 3:59:58 AM","32.935802","-97.041374","52.807","170.6"
"8/28/2026 3:59:59 AM","32.935555","-97.041374","52.878","171.2"
"8/28/2026 4:00:00 AM","32.93531","-97.041389","52.554","171.3"
"8/28/2026 4:00:01 AM","32.935066","-97.041389","52.529","171.3"
"8/28/2026 4:00:02 AM","32.934822","-97.041389","52.219","172.4"
"8/28/2026 4:00:03 AM","32.934582","-97.041389","51.958","172.8"
"8/28/2026 4:00:04 AM","32.934341","-97.041389","51.558","172.8"
"8/28/2026 4:00:05 AM","32.934105","-97.041389","51.321","173.8"
"8/28/2026 4:00:06 AM","32.933865","-97.041389","50.626","174.7"
"8/28/2026 4:00:07 AM","32.933632","-97.041405","51.052","174.7"
"8/28/2026 4:00:08 AM","32.933399","-97.041405","50.769","175.5"
"8/28/2026 4:00:09 AM","32.933163","-97.041405","51.213","176.2"
"8/28/2026 4:00:10 AM","32.932926","-97.041405","50.792","176.8"
"8/28/2026 4:00:11 AM","32.93269","-97.041405","51.075","176.8"
"8/28/2026 4:00:12 AM","32.932453","-97.041405","51.33","176.8"
"8/28/2026 4:00:13 AM","32.932217","-97.041405","51.611","176.5"
"8/28/2026 4:00:14 AM","32.93198","-97.041405","51.895","176.4"
"8/28/2026 4:00:15 AM","32.93174","-97.041405","52.179","176.2"
"8/28/2026 4:00:16 AM","32.931496","-97.041405","52.204","176"
"8/28/2026 4:00:17 AM","32.931255","-97.041405","52.445","175.9"
"8/28/2026 4:00:18 AM","32.931011","-97.041405","52.465","175.9"
"8/28/2026 4:00:19 AM","32.930767","-97.041405","52.081","175.2"
"8/28/2026 4:00:20 AM","32.930527","-97.041389","52.138","174.6"
"8/28/2026 4:00:21 AM","32.930283","-97.041374","52.575","173.7"
"8/28/2026 4:00:22 AM","32.930042","-97.041344","52.857","172.8"
"8/28/2026 4:00:23 AM","32.929798","-97.04129","53.247","172.1"
"8/28/2026 4:00:24 AM","32.929554","-97.04126","53.607","172.1"
"8/28/2026 4:00:25 AM","32.929306","-97.041214","54.037","170.5"
"8/28/2026 4:00:26 AM","32.929058","-97.041161","54.376","169.5"
"8/28/2026 4:00:27 AM","32.928806","-97.04113","54.885","169.5"
"8/28/2026 4:00:28 AM","32.928551","-97.041084","55.091","167.9"
"8/28/2026 4:00:29 AM","32.928299","-97.041031","55.134","167.3"
"8/28/2026 4:00:30 AM","32.928043","-97.041","54.891","167.3"
"8/28/2026 4:00:31 AM","32.927792","-97.040947","55.178","166.4"
"8/28/2026 4:00:32 AM","32.927544","-97.040916","53.832","166.1"
"8/28/2026 4:00:33 AM","32.927299","-97.040886","54.349","166.1"
"8/28/2026 4:00:34 AM","32.927055","-97.040886","52.365","166.5"
"8/28/2026 4:00:35 AM","32.926815","-97.040871","51.523","166.6"
"8/28/2026 4:00:36 AM","32.926575","-97.040871","50.756","166.7"
"8/28/2026 4:00:37 AM","32.926342","-97.040871","50.305","166.9"
"8/28/2026 4:00:38 AM","32.926113","-97.040871","48.922","167.2"
"8/28/2026 4:00:39 AM","32.925892","-97.040871","48.866","167.2"
"8/28/2026 4:00:40 AM","32.925671","-97.040871","47.297","167.5"
"8/28/2026 4:00:41 AM","32.925457","-97.040886","46.608","167.5"
"8/28/2026 4:00:42 AM","32.925243","-97.040886","45.816","167.7"
"8/28/2026 4:00:43 AM","32.925034","-97.040886","45.024","167.8"
"8/28/2026 4:00:44 AM","32.924824","-97.040871","44.188","167.8"
"8/28/2026 4:00:45 AM","32.924625","-97.040871","43.376","168.2"
"8/28/2026 4:00:46 AM","32.924431","-97.040855","42.486","168.5"
"8/28/2026 4:00:47 AM","32.924236","-97.040855","41.239","168.7"
"8/28/2026 4:00:48 AM","32.924049","-97.04084","40.258","168.8"
"8/28/2026 4:00:49 AM","32.923866","-97.04084","39.325","169"
"8/28/2026 4:00:50 AM","32.923683","-97.04084","38.188","169.2"
"8/28/2026 4:00:51 AM","32.923512","-97.040855","36.829","169.4"
"8/28/2026 4:00:52 AM","32.923344","-97.040855","35.118","169.7"
"8/28/2026 4:00:53 AM","32.923191","-97.040855","33.087","169.7"
"8/28/2026 4:00:54 AM","32.923042","-97.040855","30.46","170"
"8/28/2026 4:00:55 AM","32.922909","-97.040855","28.829","170.2"
"8/28/2026 4:00:56 AM","32.922783","-97.040855","26.321","170.3"
"8/28/2026 4:00:57 AM","32.922668","-97.040855","23.016","170.4"
"8/28/2026 4:00:58 AM","32.922569","-97.040855","20.511","170.5"
"8/28/2026 4:00:59 AM","32.922485","-97.040855","17.719","170.5"
"8/28/2026 4:01:00 AM","32.922413","-97.040855","14.648","170.6"
"8/28/2026 4:01:01 AM","32.922356","-97.040855","12.511","170.6"
"8/28/2026 4:01:02 AM","32.922306","-97.040855","9.624","170.7"
"8/28/2026 4:01:03 AM","32.922268","-97.040855","6.687","170.6"
"8/28/2026 4:01:04 AM","32.922249","-97.040855","4.427","170.6"
"8/28/2026 4:01:05 AM","32.922245","-97.040855","0","170.6"
"8/28/2026 4:01:06 AM","32.922237","-97.040855","0","170.7"
"8/28/2026 4:01:07 AM","32.922234","-97.040855","0","170.7"
"8/28/2026 4:01:08 AM","32.922234","-97.040855","0","170.7"
"8/28/2026 4:01:09 AM","32.922234","-97.040855","0","170.9"
"8/28/2026 4:01:10 AM","32.922234","-97.040855","0","170.9"
"8/28/2026 4:01:11 AM","32.922234","-97.040855","0","170.9"
"8/28/2026 4:01:12 AM","32.922234","-97.040855","0","170.9"
"8/28/2026 4:01:13 AM","32.922234","-97.040855","0","170.9"
"8/28/2026 4:01:14 AM","32.922234","-97.040855","0","170.9"
"8/28/2026 4:01:15 AM","32.922234","-97.040855","0","171"
"8/28/2026 4:01:16 AM","32.922234","-97.040855","0","171"
"8/28/2026 4:01:17 AM","32.922237","-97.040855","0","171"
"8/28/2026 4:01:18 AM","32.922237","-97.040855","0","171"
"8/28/2026 4:01:19 AM","32.922237","-97.040855","0","171.1"
"8/28/2026 4:01:20 AM","32.922237","-97.040855","0","171.1"
"8/28/2026 4:01:21 AM","32.922237","-97.040855","0","171.1"
"8/28/2026 4:01:22 AM","32.922237","-97.040855","0","171.2"
"8/28/2026 4:01:23 AM","32.922237","-97.040855","0","171.2"
"8/28/2026 4:01:24 AM","32.922237","-97.040855","0","171.2"
"8/28/2026 4:01:25 AM","32.922237","-97.040855","0","171.2"
"8/28/2026 4:01:26 AM","32.922237","-97.040855","0","171.3"
"8/28/2026 4:01:27 AM","32.922237","-97.040855","0","171.4"
"8/28/2026 4:01:28 AM","32.922237","-97.040855","0","171.4"
"8/28/2026 4:01:29 AM","32.922237","-97.040855","0","171.5"
"8/28/2026 4:01:30 AM","32.922237","-97.040855","0","171.5"
"8/28/2026 4:01:31 AM","32.922234","-97.040855","1.611","171.5"
"8/28/2026 4:01:32 AM","32.922226","-97.040855","2.755","171.6"
"8/28/2026 4:01:33 AM","32.922215","-97.040855","2.79","171.8"
"8/28/2026 4:01:34 AM","32.922195","-97.040855","4.197","171.8"
"8/28/2026 4:01:35 AM","32.922169","-97.04084","7.999","171.9"
"8/28/2026 4:01:36 AM","32.922115","-97.04084","11.952","171.8"
"8/28/2026 4:01:37 AM","32.922043","-97.04084","15.833","171.8"
"8/28/2026 4:01:38 AM","32.921955","-97.04084","18.652","172.5"
"8/28/2026 4:01:39 AM","32.921867","-97.040855","20.026","172.1"
"8/28/2026 4:01:40 AM","32.921764","-97.040855","22.139","172"
"8/28/2026 4:01:41 AM","32.921654","-97.040855","23.955","171.9"
"8/28/2026 4:01:42 AM","32.921535","-97.040855","25.953","171.9"
"8/28/2026 4:01:43 AM","32.92141","-97.040855","28.001","171.7"
"8/28/2026 4:01:44 AM","32.921272","-97.040855","29.47","171.6"
"8/28/2026 4:01:45 AM","32.921131","-97.040871","30.531","171.6"
"8/28/2026 4:01:46 AM","32.920982","-97.040871","31.746","171.4"
"8/28/2026 4:01:47 AM","32.920834","-97.040886","33.114","171.2"
"8/28/2026 4:01:48 AM","32.920673","-97.040886","34.263","171.2"
"8/28/2026 4:01:49 AM","32.920509","-97.040886","35.177","171.1"
"8/28/2026 4:01:50 AM","32.920341","-97.040901","35.891","171"
"8/28/2026 4:01:51 AM","32.92017","-97.040901","36.225","171"
"8/28/2026 4:01:52 AM","32.919998","-97.040901","36.571","171.4"
"8/28/2026 4:01:53 AM","32.919827","-97.040901","37.188","171.8"
"8/28/2026 4:01:54 AM","32.919655","-97.040901","37.766","171.8"
"8/28/2026 4:01:55 AM","32.919476","-97.040901","38.382","173.1"
"8/28/2026 4:01:56 AM","32.919296","-97.040901","38.984","173.9"
"8/28/2026 4:01:57 AM","32.919109","-97.040901","39.542","173.9"
"8/28/2026 4:01:58 AM","32.918926","-97.040901","40.048","175.4"
"8/28/2026 4:01:59 AM","32.918739","-97.040901","40.643","176.1"
"8/28/2026 4:02:00 AM","32.918545","-97.040916","41.217","176.1"
"8/28/2026 4:02:01 AM","32.91835","-97.040916","41.572","177.3"
"8/28/2026 4:02:02 AM","32.918156","-97.040916","41.742","177.9"
"8/28/2026 4:02:03 AM","32.917965","-97.040916","41.792","177.9"
"8/28/2026 4:02:04 AM","32.917767","-97.040916","41.841","178.6"
"8/28/2026 4:02:05 AM","32.917576","-97.040916","41.549","178.9"
"8/28/2026 4:02:06 AM","32.917377","-97.040916","41.299","178.9"
"8/28/2026 4:02:07 AM","32.917187","-97.040916","41.527","179.1"
"8/28/2026 4:02:08 AM","32.916992","-97.040916","41.864","179.1"
"8/28/2026 4:02:09 AM","32.916798","-97.040916","42.252","179.1"
"8/28/2026 4:02:10 AM","32.916599","-97.040916","42.626","179"
"8/28/2026 4:02:11 AM","32.916397","-97.040916","42.895","178.9"
"8/28/2026 4:02:12 AM","32.916199","-97.040916","42.946","178.9"
"8/28/2026 4:02:13 AM","32.915997","-97.040916","43.642","178.7"
"8/28/2026 4:02:14 AM","32.915791","-97.040916","43.908","178.6"
"8/28/2026 4:02:15 AM","32.915588","-97.040932","44.245","178.6"
"8/28/2026 4:02:16 AM","32.915382","-97.040932","44.257","178.3"
"8/28/2026 4:02:17 AM","32.915173","-97.040932","44.763","178.2"
"8/28/2026 4:02:18 AM","32.914967","-97.040932","44.924","178.2"
"8/28/2026 4:02:19 AM","32.914753","-97.040932","45.11","178"
"8/28/2026 4:02:20 AM","32.914547","-97.040932","45.297","177.9"
"8/28/2026 4:02:21 AM","32.914333","-97.040932","45.533","177.9"
"8/28/2026 4:02:22 AM","32.91412","-97.040932","45.811","177.8"
"8/28/2026 4:02:23 AM","32.913902","-97.040932","46.061","177.7"
"8/28/2026 4:02:24 AM","32.913689","-97.040947","46.366","177.4"
"8/28/2026 4:02:25 AM","32.913471","-97.040947","46.787","177"
"8/28/2026 4:02:26 AM","32.913254","-97.040947","47.12","177"
"8/28/2026 4:02:27 AM","32.913033","-97.040947","47.183","176.6"
"8/28/2026 4:02:28 AM","32.912815","-97.040947","46.819","176.8"
"8/28/2026 4:02:29 AM","32.912601","-97.040947","46.126","177.1"
"8/28/2026 4:02:30 AM","32.912388","-97.040947","46.156","177.2"
"8/28/2026 4:02:31 AM","32.91217","-97.040947","46.4","177.2"
"8/28/2026 4:02:32 AM","32.911953","-97.040947","46.91","176.9"
"8/28/2026 4:02:33 AM","32.911736","-97.040947","47.64","176.5"
"8/28/2026 4:02:34 AM","32.91151","-97.040947","48.294","175.8"
"8/28/2026 4:02:35 AM","32.911282","-97.040932","48.877","174.9"
"8/28/2026 4:02:36 AM","32.911057","-97.040932","49.488","173.9"
"8/28/2026 4:02:37 AM","32.910824","-97.040916","50.046","172.9"
"8/28/2026 4:02:38 AM","32.910587","-97.040916","50.687","171.9"
"8/28/2026 4:02:39 AM","32.910351","-97.040916","51.544","170.8"
"8/28/2026 4:02:40 AM","32.91011","-97.040916","52.541","169.6"
"8/28/2026 4:02:41 AM","32.909866","-97.040916","52.282","168.4"
"8/28/2026 4:02:42 AM","32.909615","-97.040932","51.688","168.2"
"8/28/2026 4:02:43 AM","32.909378","-97.040932","52.363","168.1"
"8/28/2026 4:02:44 AM","32.909142","-97.040947","52.299","168"
"8/28/2026 4:02:45 AM","32.908913","-97.040947","50.324","167.9"
"8/28/2026 4:02:46 AM","32.908672","-97.040947","48.985","168.4"
"8/28/2026 4:02:47 AM","32.908443","-97.040947","48.465","168.8"
"8/28/2026 4:02:48 AM","32.908222","-97.040947","47.971","169.5"
"8/28/2026 4:02:49 AM","32.908001","-97.040947","47.713","170.7"
"8/28/2026 4:02:50 AM","32.90778","-97.040947","47.643","171.9"
"8/28/2026 4:02:51 AM","32.907558","-97.040947","47.594","172.9"
"8/28/2026 4:02:52 AM","32.907345","-97.040947","47.334","173.5"
"8/28/2026 4:02:53 AM","32.907124","-97.040947","47.152","173.7"
"8/28/2026 4:02:54 AM","32.906906","-97.040947","47.736","174.4"
"8/28/2026 4:02:55 AM","32.906681","-97.040947","48.267","175.5"
"8/28/2026 4:02:56 AM","32.906452","-97.040947","49.039","176.1"
"8/28/2026 4:02:57 AM","32.906227","-97.040947","49.382","176.4"
"8/28/2026 4:02:58 AM","32.905994","-97.040947","49.856","176.7"
"8/28/2026 4:02:59 AM","32.905762","-97.040947","49.566","176.8"
"8/28/2026 4:03:00 AM","32.905529","-97.040947","49.965","176.9"
"8/28/2026 4:03:01 AM","32.9053","-97.040947","49.519","177"
"8/28/2026 4:03:02 AM","32.905075","-97.040947","49.561","177.1"
"8/28/2026 4:03:03 AM","32.904842","-97.040947","49.752","177.1"
"8/28/2026 4:03:04 AM","32.90461","-97.040947","49.78","177.1"
"8/28/2026 4:03:05 AM","32.904381","-97.040947","49.82","176.9"
"8/28/2026 4:03:06 AM","32.904152","-97.04097","50.111","176.8"
"8/28/2026 4:03:07 AM","32.903919","-97.04097","50.337","176.5"
"8/28/2026 4:03:08 AM","32.903683","-97.04097","50.272","176"
"8/28/2026 4:03:09 AM","32.90345","-97.04097","50.058","175.5"
"8/28/2026 4:03:10 AM","32.903221","-97.04097","49.423","175.2"
"8/28/2026 4:03:11 AM","32.902996","-97.04097","48.717","175.2"
"8/28/2026 4:03:12 AM","32.902771","-97.04097","48.411","175.3"
"8/28/2026 4:03:13 AM","32.902542","-97.04097","48.337","175.6"
"8/28/2026 4:03:14 AM","32.902321","-97.04097","48.116","175.6"
"8/28/2026 4:03:15 AM","32.902096","-97.040985","48.163","176.5"
"8/28/2026 4:03:16 AM","32.901867","-97.04097","47.881","177"
"8/28/2026 4:03:17 AM","32.901649","-97.04097","47.335","177.3"
"8/28/2026 4:03:18 AM","32.901428","-97.04097","46.392","178.6"
"8/28/2026 4:03:19 AM","32.901218","-97.04097","45.839","179.4"
"8/28/2026 4:03:20 AM","32.901005","-97.04097","45.539","179.4"
"8/28/2026 4:03:21 AM","32.900795","-97.04097","45.328","179.9"
"8/28/2026 4:03:22 AM","32.900581","-97.04097","45.524","179.4"
"8/28/2026 4:03:23 AM","32.900372","-97.04097","45.792","179.4"
"8/28/2026 4:03:24 AM","32.900158","-97.04097","45.829","179.2"
"8/28/2026 4:03:25 AM","32.899944","-97.04097","45.879","179"
"8/28/2026 4:03:26 AM","32.899731","-97.04097","45.841","179"
"8/28/2026 4:03:27 AM","32.899521","-97.04097","45.545","178.8"
"8/28/2026 4:03:28 AM","32.899307","-97.040985","46.32","178.5"
"8/28/2026 4:03:29 AM","32.899094","-97.040985","46.621","178.5"
"8/28/2026 4:03:30 AM","32.898872","-97.040985","47.203","178.5"
"8/28/2026 4:03:31 AM","32.898655","-97.040985","47.771","178.3"
"8/28/2026 4:03:32 AM","32.89843","-97.040985","47.803","178.1"
"8/28/2026 4:03:33 AM","32.898209","-97.040985","47.338","177.6"
"8/28/2026 4:03:34 AM","32.897991","-97.040985","47.779","177.3"
"8/28/2026 4:03:35 AM","32.897778","-97.040985","46.281","177"
"8/28/2026 4:03:36 AM","32.89756","-97.040985","46.699","176.9"
"8/28/2026 4:03:37 AM","32.897343","-97.041","46.649","176.5"
"8/28/2026 4:03:38 AM","32.897129","-97.041","46.923","176.2"
"8/28/2026 4:03:39 AM","32.896908","-97.041","46.644","175.9"
"8/28/2026 4:03:40 AM","32.896683","-97.041","47.699","175.5"
"8/28/2026 4:03:41 AM","32.896461","-97.041","48.332","174.9"
"8/28/2026 4:03:42 AM","32.896236","-97.041","48.979","174.6"
"8/28/2026 4:03:43 AM","32.896008","-97.041","49.208","174.7"
"8/28/2026 4:03:44 AM","32.895775","-97.041","49.167","175.1"
"8/28/2026 4:03:45 AM","32.89555","-97.041","48.929","175.3"
"8/28/2026 4:03:46 AM","32.895325","-97.041","48.45","175.6"
"8/28/2026 4:03:47 AM","32.8951","-97.041","47.693","175.9"
"8/28/2026 4:03:48 AM","32.894882","-97.041","46.83","176.2"
"8/28/2026 4:03:49 AM","32.894665","-97.041016","45.981","176.4"
"8/28/2026 4:03:50 AM","32.894455","-97.041016","45.455","176.9"
"8/28/2026 4:03:51 AM","32.894245","-97.041","44.944","177.1"
"8/28/2026 4:03:52 AM","32.894039","-97.041","44.263","177.3"
"8/28/2026 4:03:53 AM","32.893841","-97.040985","43.581","177.6"
"8/28/2026 4:03:54 AM","32.893639","-97.04097","42.796","177.6"
"8/28/2026 4:03:55 AM","32.893444","-97.040947","41.788","177.5"
"8/28/2026 4:03:56 AM","32.893257","-97.040932","39.059","177.4"
"8/28/2026 4:03:57 AM","32.893085","-97.040932","37.328","177.1"
"8/28/2026 4:03:58 AM","32.89291","-97.040916","37.136","176.8"
"8/28/2026 4:03:59 AM","32.892746","-97.040901","36.41","176.6"
"8/28/2026 4:04:00 AM","32.892578","-97.040886","35.455","176.4"
"8/28/2026 4:04:01 AM","32.892418","-97.040886","33.804","176.4"
"8/28/2026 4:04:02 AM","32.892265","-97.040886","32.385","176.3"
"8/28/2026 4:04:03 AM","32.892117","-97.040886","31.215","176.6"
"8/28/2026 4:04:04 AM","32.891979","-97.040871","28.99","176.6"
"8/28/2026 4:04:05 AM","32.891853","-97.040855","26.768","177.9"
"8/28/2026 4:04:06 AM","32.891743","-97.040802","24.267","178.6"
"8/28/2026 4:04:07 AM","32.891655","-97.040726","23.78","179.5"
"8/28/2026 4:04:08 AM","32.891586","-97.040627","22.92","179.9"
"8/28/2026 4:04:09 AM","32.891541","-97.040512","22.053","180.2"
"8/28/2026 4:04:10 AM","32.891514","-97.040398","22.59","180.4"
"8/28/2026 4:04:11 AM","32.891506","-97.040283","22.557","180"
"8/28/2026 4:04:12 AM","32.891506","-97.040154","23.803","179.9"
"8/28/2026 4:04:13 AM","32.891514","-97.040024","24.731","179.9"
"8/28/2026 4:04:14 AM","32.891521","-97.039879","26.181","179.3"
"8/28/2026 4:04:15 AM","32.891521","-97.039726","27.458","179.2"
"8/28/2026 4:04:16 AM","32.891521","-97.039566","28.138","179.2"
"8/28/2026 4:04:17 AM","32.891521","-97.039421","28.346","178.2"
"8/28/2026 4:04:18 AM","32.891518","-97.039261","28.326","177.8"
"8/28/2026 4:04:19 AM","32.891518","-97.039093","28.286","177.8"
"8/28/2026 4:04:20 AM","32.891518","-97.038948","27.428","176.6"
"8/28/2026 4:04:21 AM","32.891518","-97.038803","25.773","176"
"8/28/2026 4:04:22 AM","32.891518","-97.038673","24.002","176"
"8/28/2026 4:04:23 AM","32.891514","-97.038544","22.19","174.9"
"8/28/2026 4:04:24 AM","32.891502","-97.038429","20.848","174.5"
"8/28/2026 4:04:25 AM","32.891487","-97.038315","19.046","174.5"
"8/28/2026 4:04:26 AM","32.891464","-97.038216","17.75","173.9"
"8/28/2026 4:04:27 AM","32.891426","-97.038132","17.25","173.8"
"8/28/2026 4:04:28 AM","32.891373","-97.038071","18.059","173.8"
"8/28/2026 4:04:29 AM","32.891312","-97.038002","18.312","174.2"
"8/28/2026 4:04:30 AM","32.891239","-97.037941","19.357","174.3"
"8/28/2026 4:04:31 AM","32.891163","-97.037872","20.102","174.3"
"8/28/2026 4:04:32 AM","32.891087","-97.037811","20.738","174.4"
"8/28/2026 4:04:33 AM","32.891003","-97.037758","20.937","174.6"
"8/28/2026 4:04:34 AM","32.890923","-97.037697","20.96","174.8"
"8/28/2026 4:04:35 AM","32.890842","-97.037628","20.415","175.1"
"8/28/2026 4:04:36 AM","32.890755","-97.037582","21.085","175.2"
"8/28/2026 4:04:37 AM","32.890663","-97.037552","20.688","175.3"
"8/28/2026 4:04:38 AM","32.890568","-97.037514","20.268","175.5"
"8/28/2026 4:04:39 AM","32.890476","-97.037498","19.877","175.7"
"8/28/2026 4:04:40 AM","32.890381","-97.037498","19.92","176"
"8/28/2026 4:04:41 AM","32.890285","-97.037514","19.736","175.6"
"8/28/2026 4:04:42 AM","32.890198","-97.037529","19.935","175.4"
"8/28/2026 4:04:43 AM","32.89011","-97.037567","20.125","175.3"
"8/28/2026 4:04:44 AM","32.890015","-97.037613","20.173","175.2"
"8/28/2026 4:04:45 AM","32.889931","-97.037666","20.337","175"
"8/28/2026 4:04:46 AM","32.889847","-97.037712","20.414","174.8"
"8/28/2026 4:04:47 AM","32.889771","-97.037796","20.656","175.2"
"8/28/2026 4:04:48 AM","32.889702","-97.037872","20.822","175.5"
"8/28/2026 4:04:49 AM","32.889641","-97.037956","20.853","175.4"
"8/28/2026 4:04:50 AM","32.889591","-97.038071","20.819","175.7"
"8/28/2026 4:04:51 AM","32.889553","-97.03817","20.744","175.5"
"8/28/2026 4:04:52 AM","32.889538","-97.038284","20.51","174.9"
"8/28/2026 4:04:53 AM","32.889526","-97.038414","20.523","174.9"
"8/28/2026 4:04:54 AM","32.889523","-97.038528","20.562","174.7"
"8/28/2026 4:04:55 AM","32.889519","-97.038643","19.444","174.6"
"8/28/2026 4:04:56 AM","32.889503","-97.038734","18.899","174.3"
"8/28/2026 4:04:57 AM","32.889473","-97.038834","18.319","174.1"
"8/28/2026 4:04:58 AM","32.889423","-97.038933","18.242","173.9"
"8/28/2026 4:04:59 AM","32.88937","-97.038994","17.897","174"
"8/28/2026 4:05:00 AM","32.889305","-97.039062","17.532","174"
"8/28/2026 4:05:01 AM","32.889229","-97.039093","17.913","175.4"
"8/28/2026 4:05:02 AM","32.889156","-97.039108","17.012","175.5"
"8/28/2026 4:05:03 AM","32.889076","-97.039131","17.656","175.5"
"8/28/2026 4:05:04 AM","32.888992","-97.039131","18.054","175.9"
"8/28/2026 4:05:05 AM","32.888912","-97.039131","18.107","175.9"
"8/28/2026 4:05:06 AM","32.888832","-97.039131","17.362","177.1"
"8/28/2026 4:05:07 AM","32.888752","-97.039131","16.128","177.3"
"8/28/2026 4:05:08 AM","32.88868","-97.039131","15.69","177.3"
"8/28/2026 4:05:09 AM","32.888615","-97.039131","14.616","177.3"
"8/28/2026 4:05:10 AM","32.88855","-97.039108","13.33","177.5"
"8/28/2026 4:05:11 AM","32.888496","-97.039078","12.596","177.3"
"8/28/2026 4:05:12 AM","32.888454","-97.039032","12.994","177.5"
"8/28/2026 4:05:13 AM","32.888428","-97.038963","11.747","177"
"8/28/2026 4:05:14 AM","32.888416","-97.038902","11.71","177"
"8/28/2026 4:05:15 AM","32.888416","-97.038834","12.266","176.8"
"8/28/2026 4:05:16 AM","32.88842","-97.038773","13.337","176.6"
"8/28/2026 4:05:17 AM","32.888428","-97.038704","14.007","176.7"
"8/28/2026 4:05:18 AM","32.888435","-97.03862","14.343","176.6"
"8/28/2026 4:05:19 AM","32.888439","-97.038544","14.573","176.5"
"8/28/2026 4:05:20 AM","32.888447","-97.03846","14.558","176.4"
"8/28/2026 4:05:21 AM","32.888462","-97.038376","14.586","176.4"
"8/28/2026 4:05:22 AM","32.88847","-97.0383","14.352","176.2"
"8/28/2026 4:05:23 AM","32.888477","-97.038231","13.648","176.2"
"8/28/2026 4:05:24 AM","32.888493","-97.038155","12.694","176.1"
"8/28/2026 4:05:25 AM","32.888504","-97.038086","11.78","176"
"8/28/2026 4:05:26 AM","32.888523","-97.03804","10.684","175.9"
"8/28/2026 4:05:27 AM","32.888535","-97.037971","9.721","175.8"
"8/28/2026 4:05:28 AM","32.888546","-97.037941","6.852","175.5"
"8/28/2026 4:05:29 AM","32.888554","-97.03791","4.021","175.5"
"8/28/2026 4:05:30 AM","32.888557","-97.037888","0","175.8"
"8/28/2026 4:05:31 AM","32.888557","-97.037888","0","175.7"
"8/28/2026 4:05:32 AM","32.888561","-97.037872","0","175.7"
"8/28/2026 4:05:33 AM","32.888565","-97.037872","3.677","175.8"
"8/28/2026 4:05:34 AM","32.888569","-97.037842","6.048","175.6"
"8/28/2026 4:05:35 AM","32.888577","-97.037811","7.597","174.8"
"8/28/2026 4:05:36 AM","32.888599","-97.037758","9.224","174.5"
"8/28/2026 4:05:37 AM","32.888615","-97.037712","11.365","174.3"
"8/28/2026 4:05:38 AM","32.888653","-97.037643","12.797","174.3"
"8/28/2026 4:05:39 AM","32.88868","-97.037582","13.153","174.9"
"8/28/2026 4:05:40 AM","32.88871","-97.037514","13.486","175.1"
"8/28/2026 4:05:41 AM","32.888737","-97.037453","13.824","175"
"8/28/2026 4:05:42 AM","32.888771","-97.037384","13.827","175.7"
"8/28/2026 4:05:43 AM","32.888809","-97.037323","13.501","175.9"
"8/28/2026 4:05:44 AM","32.888844","-97.037254","13.169","176.1"
"8/28/2026 4:05:45 AM","32.888874","-97.037209","12.201","176.2"
"8/28/2026 4:05:46 AM","32.888908","-97.037155","10.108","176.3"
"8/28/2026 4:05:47 AM","32.888931","-97.037125","8.027","176.3"
"8/28/2026 4:05:48 AM","32.88895","-97.037094","5.124","176.2"
"8/28/2026 4:05:49 AM","32.888966","-97.037079","3.743","176.3"
"8/28/2026 4:05:50 AM","32.888977","-97.037064","3.961","176.3"
"8/28/2026 4:05:51 AM","32.888992","-97.037041","5.216","176.1"
"8/28/2026 4:05:52 AM","32.889015","-97.037025","7.058","175.6"
"8/28/2026 4:05:53 AM","32.889038","-97.036995","8.298","176.1"
"8/28/2026 4:05:54 AM","32.889065","-97.036964","9.806","176.7"
"8/28/2026 4:05:55 AM","32.889099","-97.036911","10.653","176.5"
"8/28/2026 4:05:56 AM","32.889137","-97.036865","10.973","176.5"
"8/28/2026 4:05:57 AM","32.889168","-97.036835","10.75","176"
"8/28/2026 4:05:58 AM","32.889206","-97.036797","9.817","175.5"
"8/28/2026 4:05:59 AM","32.889233","-97.036766","8.921","175.2"
"8/28/2026 4:06:00 AM","32.889256","-97.036736","7.038","175"
"8/28/2026 4:06:01 AM","32.889271","-97.036705","6.354","175"
"8/28/2026 4:06:02 AM","32.889278","-97.036667","5.062","175"
"8/28/2026 4:06:03 AM","32.88929","-97.036652","4.179","175"
"8/28/2026 4:06:04 AM","32.889297","-97.036636","0","175.6"
"8/28/2026 4:06:05 AM","32.889297","-97.036636","0","175.7"
"8/28/2026 4:06:06 AM","32.889297","-97.036636","0","175.9"
"8/28/2026 4:06:07 AM","32.889297","-97.036636","0","176"
"8/28/2026 4:06:08 AM","32.889297","-97.036636","0","176.2"
"8/28/2026 4:06:09 AM","32.889297","-97.036636","0","176.4"
"8/28/2026 4:06:10 AM","32.889297","-97.036636","0","176.6"
"8/28/2026 4:06:11 AM","32.889297","-97.036636","0","176.8"
"8/28/2026 4:06:12 AM","32.889301","-97.036636","0","177"
"8/28/2026 4:06:13 AM","32.889301","-97.036636","0","177"
"8/28/2026 4:06:14 AM","32.889301","-97.036636","0","177.3"
"8/28/2026 4:06:15 AM","32.889305","-97.036636","0","177.4"
"8/28/2026 4:06:16 AM","32.889305","-97.036636","0","177.4"
"8/28/2026 4:06:17 AM","32.889305","-97.036636","0","177.7"
"8/28/2026 4:06:18 AM","32.889305","-97.036652","0","177.8"
"8/28/2026 4:06:19 AM","32.889305","-97.036652","0","177.9"
"8/28/2026 4:06:20 AM","32.889305","-97.036652","0","178.1"
"8/28/2026 4:06:21 AM","32.889309","-97.036652","0","178.2"
"8/28/2026 4:06:22 AM","32.889309","-97.036652","0","178.2"
"8/28/2026 4:06:23 AM","32.889309","-97.036652","0","178.5"
"8/28/2026 4:06:24 AM","32.889309","-97.036652","0","178.5"
"8/28/2026 4:06:25 AM","32.889317","-97.036652","0","178.6"
"8/28/2026 4:06:26 AM","32.889317","-97.036652","0","178.9"
"8/28/2026 4:06:27 AM","32.889317","-97.036652","0","179.1"
"8/28/2026 4:06:28 AM","32.88932","-97.036652","0","179.1"
"8/28/2026 4:06:29 AM","32.88932","-97.036652","0","179.4"
"8/28/2026 4:06:30 AM","32.88932","-97.036652","0","179.4"
"8/28/2026 4:06:31 AM","32.889324","-97.036652","0","179.6"
"8/28/2026 4:06:32 AM","32.889324","-97.036652","0","179.7"
"8/28/2026 4:06:33 AM","32.889324","-97.036652","0","179.8"
"8/28/2026 4:06:34 AM","32.889324","-97.036652","0","179.9"
"8/28/2026 4:06:35 AM","32.889324","-97.036652","0","179.9"
"8/28/2026 4:06:36 AM","32.889328","-97.036652","0","179.9"
"8/28/2026 4:06:37 AM","32.889328","-97.036652","0","180.1"
"8/28/2026 4:06:38 AM","32.889328","-97.036652","0","180.2"
"8/28/2026 4:06:39 AM","32.889328","-97.036652","0","180.2"
"8/28/2026 4:06:40 AM","32.889328","-97.036652","0","180.4"
"8/28/2026 4:06:41 AM","32.889328","-97.036652","0","180.4"
"8/28/2026 4:06:42 AM","32.889328","-97.036652","0","180.5"
"8/28/2026 4:06:43 AM","32.889332","-97.036652","0","180.6"
"8/28/2026 4:06:44 AM","32.889332","-97.036652","0","180.7"
"8/28/2026 4:06:45 AM","32.889332","-97.036652","0","180.8"
"8/28/2026 4:06:46 AM","32.889332","-97.036652","0","180.9"
"8/28/2026 4:06:47 AM","32.889332","-97.036652","0","181"
"8/28/2026 4:06:48 AM","32.889336","-97.036652","0","181"
"8/28/2026 4:06:49 AM","32.889336","-97.036652","0","181.2"
"8/28/2026 4:06:50 AM","32.889336","-97.036652","0","181.3"
"8/28/2026 4:06:51 AM","32.889336","-97.036652","0","181.3"
"8/28/2026 4:06:52 AM","32.889336","-97.036652","0","181.5"
"8/28/2026 4:06:53 AM","32.889336","-97.036652","0","181.6"
"8/28/2026 4:06:54 AM","32.889336","-97.036652","0","181.7"
"8/28/2026 4:06:55 AM","32.889336","-97.036652","0","181.8"
"8/28/2026 4:06:56 AM","32.889336","-97.036652","0","181.9"
"8/28/2026 4:06:57 AM","32.889339","-97.036652","0","181.9"
"8/28/2026 4:06:58 AM","32.889339","-97.036652","0","182.2"
"8/28/2026 4:06:59 AM","32.889339","-97.036652","0","182.3"
"8/28/2026 4:07:00 AM","32.889339","-97.036652","0","182.4"
"8/28/2026 4:07:01 AM","32.889339","-97.036652","0","182.6"
"8/28/2026 4:07:02 AM","32.889339","-97.036652","0","182.6"
"8/28/2026 4:07:03 AM","32.889343","-97.036652","0","182.7"
"8/28/2026 4:07:04 AM","32.889343","-97.036652","0","182.9"
"8/28/2026 4:07:05 AM","32.889343","-97.036652","0","182.9"
"8/28/2026 4:07:06 AM","32.889343","-97.036652","0","183"
"8/28/2026 4:07:07 AM","32.889343","-97.036652","0","183.1"
"8/28/2026 4:07:08 AM","32.889343","-97.036652","0","183.2"
"8/28/2026 4:07:09 AM","32.889343","-97.036652","0","183.3"
"8/28/2026 4:07:10 AM","32.889347","-97.036636","0","183.4"
"8/28/2026 4:07:11 AM","32.889351","-97.036636","0","183.4"
"8/28/2026 4:07:12 AM","32.889351","-97.036636","0","183.8"
"8/28/2026 4:07:13 AM","32.889355","-97.036636","0.988","183.7"
"8/28/2026 4:07:14 AM","32.889359","-97.036636","1.761","183.7"
"8/28/2026 4:07:15 AM","32.889366","-97.036621","2.074","183.7"
"8/28/2026 4:07:16 AM","32.88937","-97.036621","3.154","183.7"
"8/28/2026 4:07:17 AM","32.88937","-97.036621","3.351","183.6"
"8/28/2026 4:07:18 AM","32.889385","-97.036606","2.944","183.5"
"8/28/2026 4:07:19 AM","32.889393","-97.036606","3.209","183.7"
"8/28/2026 4:07:20 AM","32.889397","-97.036606","2.216","183.7"
"8/28/2026 4:07:21 AM","32.889404","-97.036606","2.268","184.4"
"8/28/2026 4:07:22 AM","32.889412","-97.036591","2.933","184.4"
"8/28/2026 4:07:23 AM","32.889427","-97.036591","3.53","184.2"
"8/28/2026 4:07:24 AM","32.889446","-97.036591","5.01","184"
"8/28/2026 4:07:25 AM","32.889473","-97.036552","6.139","182.7"
"8/28/2026 4:07:26 AM","32.889503","-97.036537","7.388","182.7"
"8/28/2026 4:07:27 AM","32.889534","-97.036507","8.154","182.4"
"8/28/2026 4:07:28 AM","32.889576","-97.036491","8.771","182.7"
"8/28/2026 4:07:29 AM","32.88961","-97.036461","9.009","182.7"
"8/28/2026 4:07:30 AM","32.889652","-97.036446","8.845","182.6"
"8/28/2026 4:07:31 AM","32.889687","-97.036407","8.633","182.3"
"8/28/2026 4:07:32 AM","32.889721","-97.036392","8.123","182.3"
"8/28/2026 4:07:33 AM","32.889751","-97.036377","6.875","182.3"
"8/28/2026 4:07:34 AM","32.889778","-97.036362","6.904","182.4"
"8/28/2026 4:07:35 AM","32.889809","-97.036362","7.987","182.4"
"8/28/2026 4:07:36 AM","32.889847","-97.036346","9.309","184.1"
"8/28/2026 4:07:37 AM","32.889889","-97.036331","9.92","184.4"
"8/28/2026 4:07:38 AM","32.889938","-97.036331","10.313","184.4"
"8/28/2026 4:07:39 AM","32.88998","-97.036308","9.984","182.9"
"8/28/2026 4:07:40 AM","32.890026","-97.036308","9.986","182.8"
"8/28/2026 4:07:41 AM","32.890072","-97.036308","9.345","182.8"
"8/28/2026 4:07:42 AM","32.890114","-97.036293","7.815","182.7"
"8/28/2026 4:07:43 AM","32.890141","-97.036293","4.97","182.5"
"8/28/2026 4:07:44 AM","32.890156","-97.036293","3.71","182.3"
"8/28/2026 4:07:45 AM","32.890171","-97.036293","2.707","182.3"
"8/28/2026 4:07:46 AM","32.890175","-97.036278","2.077","182.8"
"8/28/2026 4:07:47 AM","32.890179","-97.036293","2.661","182.4"
"8/28/2026 4:07:48 AM","32.890186","-97.036293","4.915","181.8"
"8/28/2026 4:07:49 AM","32.890205","-97.036278","6.568","180.5"
"8/28/2026 4:07:50 AM","32.89024","-97.036278","7.393","180.5"
"8/28/2026 4:07:51 AM","32.890278","-97.036278","9.216","179.9"
"8/28/2026 4:07:52 AM","32.890331","-97.036278","11.086","180.4"
"8/28/2026 4:07:53 AM","32.890388","-97.036278","12.036","180.9"
"8/28/2026 4:07:54 AM","32.89045","-97.036278","12.075","180.9"
"8/28/2026 4:07:55 AM","32.890507","-97.036278","12.13","180.7"
"8/28/2026 4:07:56 AM","32.890568","-97.036278","11.808","180.3"
"8/28/2026 4:07:57 AM","32.890629","-97.036278","11.87","180.3"
"8/28/2026 4:07:58 AM","32.89069","-97.036293","12.053","180.2"
"8/28/2026 4:07:59 AM","32.890747","-97.036293","11.404","180.1"
"8/28/2026 4:08:00 AM","32.8908","-97.036308","10.39","180.1"
"8/28/2026 4:08:01 AM","32.89085","-97.036331","9.106","180.2"
"8/28/2026 4:08:02 AM","32.890888","-97.036331","8.572","180.6"
"8/28/2026 4:08:03 AM","32.890923","-97.036346","6.386","180.7"
"8/28/2026 4:08:04 AM","32.890942","-97.036362","3.726","180.8"
"8/28/2026 4:08:05 AM","32.890957","-97.036377","3.08","180.2"
"8/28/2026 4:08:06 AM","32.890972","-97.036377","3.454","180.5"
"8/28/2026 4:08:07 AM","32.890991","-97.036392","4.882","180.6"
"8/28/2026 4:08:08 AM","32.891018","-97.036407","6.985","180.7"
"8/28/2026 4:08:09 AM","32.891056","-97.036423","8.707","180.5"
"8/28/2026 4:08:10 AM","32.891098","-97.036446","9.745","180.5"
"8/28/2026 4:08:11 AM","32.891148","-97.036461","10.243","180.4"
"8/28/2026 4:08:12 AM","32.891193","-97.036476","10.196","180.3"
"8/28/2026 4:08:13 AM","32.891243","-97.036491","10.574","180.4"
"8/28/2026 4:08:14 AM","32.891296","-97.036507","11.233","180.1"
"8/28/2026 4:08:15 AM","32.891342","-97.036537","11.573","179.4"
"8/28/2026 4:08:16 AM","32.891392","-97.036552","11.403","179.4"
"8/28/2026 4:08:17 AM","32.891434","-97.036591","11.029","178.5"
"8/28/2026 4:08:18 AM","32.891479","-97.036621","11.023","178.1"
"8/28/2026 4:08:19 AM","32.891525","-97.036652","11.813","178.1"
"8/28/2026 4:08:20 AM","32.891567","-97.03669","12.512","178"
"8/28/2026 4:08:21 AM","32.891617","-97.036736","12.816","178.1"
"8/28/2026 4:08:22 AM","32.891663","-97.036781","12.626","178.1"
"8/28/2026 4:08:23 AM","32.891705","-97.036819","12.053","178.3"
"8/28/2026 4:08:24 AM","32.891747","-97.036865","11.344","178.4"
"8/28/2026 4:08:25 AM","32.891785","-97.036896","10.636","178.4"
"8/28/2026 4:08:26 AM","32.891819","-97.036949","9.913","178.1"
"8/28/2026 4:08:27 AM","32.891846","-97.03698","9.26","177.9"
"8/28/2026 4:08:28 AM","32.891872","-97.03701","8.637","177.9"
"8/28/2026 4:08:29 AM","32.891903","-97.037041","7.781","177.4"
"8/28/2026 4:08:30 AM","32.891922","-97.037079","7.019","177.2"
"8/28/2026 4:08:31 AM","32.891949","-97.037109","6.238","177.2"
"8/28/2026 4:08:32 AM","32.891972","-97.037125","5.687","177"
"8/28/2026 4:08:33 AM","32.891987","-97.03714","4.881","177.2"
"8/28/2026 4:08:34 AM","32.892006","-97.037155","4.431","177.4"
"8/28/2026 4:08:35 AM","32.892017","-97.037178","4.388","177.5"
"8/28/2026 4:08:36 AM","32.892033","-97.037193","4.432","177.6"
"8/28/2026 4:08:37 AM","32.892044","-97.037209","4.5","177.7"
"8/28/2026 4:08:38 AM","32.892052","-97.037224","4.182","177.8"
"8/28/2026 4:08:39 AM","32.892063","-97.037239","2.758","177.8"
"8/28/2026 4:08:40 AM","32.892067","-97.037254","0","178"
"8/28/2026 4:08:41 AM","32.892067","-97.037254","0","177.9"
"8/28/2026 4:08:42 AM","32.892067","-97.037254","0","177.9"
"8/28/2026 4:08:43 AM","32.892067","-97.037254","0","178"
"8/28/2026 4:08:44 AM","32.892067","-97.037254","0","178"
"8/28/2026 4:08:45 AM","32.892067","-97.037254","0","178"
"8/28/2026 4:08:46 AM","32.892067","-97.037254","0","178"
"8/28/2026 4:08:47 AM","32.892067","-97.037254","0","178.1"
"8/28/2026 4:08:48 AM","32.892067","-97.037254","0","178.1"
"8/28/2026 4:08:49 AM","32.892067","-97.037254","0","178.2"
"8/28/2026 4:08:50 AM","32.892067","-97.037254","0","178.2"
"8/28/2026 4:08:51 AM","32.892067","-97.037254","0","178.2"
"8/28/2026 4:08:52 AM","32.892067","-97.03727","0","178.4"
"8/28/2026 4:08:53 AM","32.892063","-97.03727","0","178.5"
"8/28/2026 4:08:54 AM","32.892063","-97.03727","0","178.6"
"8/28/2026 4:08:55 AM","32.892063","-97.03727","0","178.7"
"8/28/2026 4:08:56 AM","32.892063","-97.03727","0","178.8"
"8/28/2026 4:08:57 AM","32.892063","-97.03727","0","178.9"
"8/28/2026 4:08:58 AM","32.892063","-97.03727","0","179"
"8/28/2026 4:08:59 AM","32.892063","-97.03727","0","179.1"
"8/28/2026 4:09:00 AM","32.892063","-97.03727","0","179.1"
"8/28/2026 4:09:01 AM","32.892056","-97.03727","0","179.4"
"8/28/2026 4:09:02 AM","32.892056","-97.03727","0","179.5"
"8/28/2026 4:09:03 AM","32.892056","-97.03727","0","179.5"
"8/28/2026 4:09:04 AM","32.892056","-97.03727","0","179.7"
"8/28/2026 4:09:05 AM","32.892056","-97.03727","0","179.8"
"8/28/2026 4:09:06 AM","32.892056","-97.03727","0","179.8"
"8/28/2026 4:09:07 AM","32.892056","-97.03727","0","180"
"8/28/2026 4:09:08 AM","32.892056","-97.03727","0","180.1"
"8/28/2026 4:09:09 AM","32.892056","-97.03727","0","180.2"
"8/28/2026 4:09:10 AM","32.892056","-97.03727","0","180.3"
"8/28/2026 4:09:11 AM","32.892056","-97.03727","0","180.3"
"8/28/2026 4:09:12 AM","32.892056","-97.03727","0","180.4"
"8/28/2026 4:09:13 AM","32.892056","-97.03727","0","180.5"
"8/28/2026 4:09:14 AM","32.892056","-97.03727","0","180.6"
"8/28/2026 4:09:15 AM","32.892056","-97.03727","0","180.6"
"8/28/2026 4:09:16 AM","32.892056","-97.03727","0","180.7"
"8/28/2026 4:09:17 AM","32.892056","-97.03727","0","180.8"
"8/28/2026 4:09:18 AM","32.892056","-97.03727","0","180.8"
"8/28/2026 4:09:19 AM","32.892056","-97.03727","0","180.9"
"8/28/2026 4:09:20 AM","32.892056","-97.03727","0","181"
"8/28/2026 4:09:21 AM","32.892056","-97.03727","0","181.2"
"8/28/2026 4:09:22 AM","32.892056","-97.03727","0","181.2"
"8/28/2026 4:09:23 AM","32.892056","-97.03727","0","181.2"
"8/28/2026 4:09:24 AM","32.892056","-97.03727","0","181.3"
"8/28/2026 4:09:25 AM","32.892056","-97.03727","0","181.3"
"8/28/2026 4:09:26 AM","32.892056","-97.03727","0","181.3"
"8/28/2026 4:09:27 AM","32.892056","-97.03727","0","181.4"
"8/28/2026 4:09:28 AM","32.892063","-97.03727","0","181.4"
"8/28/2026 4:09:29 AM","32.892063","-97.03727","0","181.5"
"8/28/2026 4:09:30 AM","32.892063","-97.03727","0","181.5"
"8/28/2026 4:09:31 AM","32.892063","-97.03727","0","181.6"
"8/28/2026 4:09:32 AM","32.892063","-97.03727","0","181.6"
"8/28/2026 4:09:33 AM","32.892063","-97.03727","0","181.6"
"8/28/2026 4:09:34 AM","32.892063","-97.03727","0","181.7"
"8/28/2026 4:09:35 AM","32.892063","-97.03727","0","181.7"
"8/28/2026 4:09:36 AM","32.892063","-97.03727","0","181.7"
"8/28/2026 4:09:37 AM","32.892063","-97.03727","0","181.8"
"8/28/2026 4:09:38 AM","32.892063","-97.03727","0","181.8"
"8/28/2026 4:09:39 AM","32.892063","-97.03727","0","181.9"
"8/28/2026 4:09:40 AM","32.892063","-97.03727","0","181.8"
"8/28/2026 4:09:41 AM","32.892063","-97.03727","0","181.7"
"8/28/2026 4:09:42 AM","32.892063","-97.03727","0","181.8"
"8/28/2026 4:09:43 AM","32.892063","-97.03727","0","181.6"
"8/28/2026 4:09:44 AM","32.892063","-97.03727","0","181.7"
"8/28/2026 4:09:45 AM","32.892063","-97.03727","0","181.8"
"8/28/2026 4:09:46 AM","32.892063","-97.03727","0","181.8"
"8/28/2026 4:09:47 AM","32.892063","-97.03727","0","181.8"
"8/28/2026 4:09:48 AM","32.892063","-97.03727","0","181.8"
"8/28/2026 4:09:49 AM","32.892063","-97.037254","0","181.6"
"8/28/2026 4:09:50 AM","32.892063","-97.037254","0","181.5"
"8/28/2026 4:09:51 AM","32.892063","-97.037254","0","181.5"
"8/28/2026 4:09:52 AM","32.892063","-97.037254","0","181.5"
"8/28/2026 4:09:53 AM","32.892063","-97.037254","0","181.5"
"8/28/2026 4:09:54 AM","32.892063","-97.037254","0","181.5"
"8/28/2026 4:09:55 AM","32.892063","-97.037254","0","181.7"
"8/28/2026 4:09:56 AM","32.892063","-97.037254","0","181.9"
"8/28/2026 4:09:57 AM","32.892063","-97.037254","0","182.1"
"8/28/2026 4:09:58 AM","32.892067","-97.037254","0","182.1"
"8/28/2026 4:09:59 AM","32.892067","-97.037254","0","182.1"
"8/28/2026 4:10:00 AM","32.892067","-97.037254","0","182.1"
"8/28/2026 4:10:01 AM","32.892067","-97.037254","0","182.2"
"8/28/2026 4:10:02 AM","32.892067","-97.037254","0","182.2"
"8/28/2026 4:10:03 AM","32.892067","-97.037239","0","182.2"
"8/28/2026 4:10:04 AM","32.892067","-97.037239","0","181.9"
"8/28/2026 4:10:05 AM","32.892067","-97.037239","0","181.6"
"8/28/2026 4:10:06 AM","32.892067","-97.037239","0","181.7"
"8/28/2026 4:10:07 AM","32.892067","-97.037239","0","181.5"
"8/28/2026 4:10:08 AM","32.892067","-97.037239","0","181.7"
"8/28/2026 4:10:09 AM","32.892063","-97.037239","0","181.7"
"8/28/2026 4:10:10 AM","32.892063","-97.037239","0","181.7"
"8/28/2026 4:10:11 AM","32.892063","-97.037239","0","181.9"
"8/28/2026 4:10:12 AM","32.892063","-97.037239","1.098","181.9"
"8/28/2026 4:10:13 AM","32.892067","-97.037254","2.127","181.9"
"8/28/2026 4:10:14 AM","32.892071","-97.037254","2.239","182.4"
"8/28/2026 4:10:15 AM","32.892075","-97.03727","2.732","184.3"
"8/28/2026 4:10:16 AM","32.892078","-97.03727","2.678","184.4"
"8/28/2026 4:10:17 AM","32.892082","-97.037308","2.72","184.3"
"8/28/2026 4:10:18 AM","32.892086","-97.037323","3.236","184.1"
"8/28/2026 4:10:19 AM","32.89209","-97.037338","3.828","184.1"
"8/28/2026 4:10:20 AM","32.892097","-97.037354","4.393","183.4"
"8/28/2026 4:10:21 AM","32.892105","-97.037384","5.288","182.8"
"8/28/2026 4:10:22 AM","32.892113","-97.037399","6.124","182.3"
"8/28/2026 4:10:23 AM","32.892128","-97.037437","6.191","181.8"
"8/28/2026 4:10:24 AM","32.892136","-97.037468","5.253","181.2"
"8/28/2026 4:10:25 AM","32.892143","-97.037483","4.431","180.6"
"8/28/2026 4:10:26 AM","32.892147","-97.037514","4.037","180.4"
"8/28/2026 4:10:27 AM","32.892155","-97.037529","3.722","180.3"
"8/28/2026 4:10:28 AM","32.892155","-97.037552","2.841","180.4"
"8/28/2026 4:10:29 AM","32.892162","-97.037567","2.836","180.5"
"8/28/2026 4:10:30 AM","32.892166","-97.037582","2.805","180.6"
"8/28/2026 4:10:31 AM","32.89217","-97.037582","3.035","180.4"
"8/28/2026 4:10:32 AM","32.892174","-97.037598","3.912","180.2"
"8/28/2026 4:10:33 AM","32.892185","-97.037628","5.189","179.9"
"8/28/2026 4:10:34 AM","32.892193","-97.037643","5.357","179"
"8/28/2026 4:10:35 AM","32.892204","-97.037682","6.231","178.2"
"8/28/2026 4:10:36 AM","32.892216","-97.037712","7.12","177.4"
"8/28/2026 4:10:37 AM","32.892227","-97.037743","6.75","176.8"
"8/28/2026 4:10:38 AM","32.892239","-97.037796","6.381","176"
"8/28/2026 4:10:39 AM","32.89225","-97.037827","6.199","175.3"
"8/28/2026 4:10:40 AM","32.892258","-97.037857","6.673","174.9"
"8/28/2026 4:10:41 AM","32.892265","-97.037888","6.62","174.4"
"8/28/2026 4:10:42 AM","32.892277","-97.037941","6.456","173.5"
"8/28/2026 4:10:43 AM","32.892292","-97.037971","6.21","173.7"
"8/28/2026 4:10:44 AM","32.8923","-97.038002","5.259","173.7"
"8/28/2026 4:10:45 AM","32.892307","-97.038017","3.393","174"
"8/28/2026 4:10:46 AM","32.892315","-97.03804","2.06","174.8"
"8/28/2026 4:10:47 AM","32.892315","-97.038055","1.828","175.4"
"8/28/2026 4:10:48 AM","32.892319","-97.038071","2.041","175.5"
"8/28/2026 4:10:49 AM","32.892323","-97.038086","4.921","175.5"
"8/28/2026 4:10:50 AM","32.892326","-97.038116","6.81","175.8"
"8/28/2026 4:10:51 AM","32.89233","-97.038155","7.426","175.3"
"8/28/2026 4:10:52 AM","32.892342","-97.0382","7.91","175.8"
"8/28/2026 4:10:53 AM","32.892349","-97.038246","8.236","176"
"8/28/2026 4:10:54 AM","32.892349","-97.0383","8.458","175.8"
"8/28/2026 4:10:55 AM","32.892353","-97.038345","7.999","175.8"
"8/28/2026 4:10:56 AM","32.892357","-97.038376","7.029","176.3"
"8/28/2026 4:10:57 AM","32.892357","-97.038414","5.979","176.6"
"8/28/2026 4:10:58 AM","32.892357","-97.038445","5.739","176.9"
"8/28/2026 4:10:59 AM","32.892361","-97.038475","6.128","177.1"
"8/28/2026 4:11:00 AM","32.892361","-97.038506","4.101","177.4"
"8/28/2026 4:11:01 AM","32.892361","-97.038528","2.319","177.5"
"8/28/2026 4:11:02 AM","32.892361","-97.038544","2.488","177.7"
"8/28/2026 4:11:03 AM","32.892361","-97.038544","2.682","177.5"
"8/28/2026 4:11:04 AM","32.892357","-97.038559","3.667","177.3"
"8/28/2026 4:11:05 AM","32.892361","-97.038589","5.404","177.3"
"8/28/2026 4:11:06 AM","32.892361","-97.03862","6.434","177.3"
"8/28/2026 4:11:07 AM","32.892361","-97.038658","7.301","177.8"
"8/28/2026 4:11:08 AM","32.892368","-97.038704","8.426","177.8"
"8/28/2026 4:11:09 AM","32.892368","-97.03875","8.499","177.9"
"8/28/2026 4:11:10 AM","32.892376","-97.038803","9.141","178.7"
"8/28/2026 4:11:11 AM","32.892376","-97.038849","9.116","178.9"
"8/28/2026 4:11:12 AM","32.89238","-97.038902","8.63","178.9"
"8/28/2026 4:11:13 AM","32.89238","-97.038933","7.934","179.1"
"8/28/2026 4:11:14 AM","32.892376","-97.038979","7.508","178.9"
"8/28/2026 4:11:15 AM","32.892357","-97.039032","8.492","178.9"
"8/28/2026 4:11:16 AM","32.89233","-97.039062","8.432","178.4"
"8/28/2026 4:11:17 AM","32.892296","-97.039093","9.014","178"
"8/28/2026 4:11:18 AM","32.892254","-97.039108","9.509","178"
"8/28/2026 4:11:19 AM","32.892208","-97.039108","10.101","177.2"
"8/28/2026 4:11:20 AM","32.892159","-97.039131","10.552","176.8"
"8/28/2026 4:11:21 AM","32.892109","-97.039131","11.155","176.2"
"8/28/2026 4:11:22 AM","32.892052","-97.039131","11.781","175.4"
"8/28/2026 4:11:23 AM","32.891994","-97.039131","12.97","174.9"
"8/28/2026 4:11:24 AM","32.89193","-97.039131","14.261","174.9"
"8/28/2026 4:11:25 AM","32.891861","-97.039131","14.573","173.8"
"8/28/2026 4:11:26 AM","32.891792","-97.039131","15.593","173.2"
"8/28/2026 4:11:27 AM","32.891716","-97.039108","16.691","173.2"
"8/28/2026 4:11:28 AM","32.891644","-97.039108","16.262","171.8"
"8/28/2026 4:11:29 AM","32.891567","-97.039078","16.254","171.1"
"8/28/2026 4:11:30 AM","32.891499","-97.039032","16.312","171.1"
"8/28/2026 4:11:31 AM","32.891438","-97.038963","17.045","169.8"
"8/28/2026 4:11:32 AM","32.891392","-97.038887","16.343","169.8"
"8/28/2026 4:11:33 AM","32.891361","-97.038803","14.772","168.9"
"8/28/2026 4:11:34 AM","32.891346","-97.038734","14.278","169"
"8/28/2026 4:11:35 AM","32.891346","-97.038658","14.465","169"
"8/28/2026 4:11:36 AM","32.891346","-97.038574","14.721","169.5"
"8/28/2026 4:11:37 AM","32.891346","-97.03849","14.153","170"
"8/28/2026 4:11:38 AM","32.891335","-97.038414","14.568","170"
"8/28/2026 4:11:39 AM","32.891308","-97.03833","15.563","169.8"
"8/28/2026 4:11:40 AM","32.891273","-97.038246","16.591","169.9"
"8/28/2026 4:11:41 AM","32.891224","-97.03817","17.988","169.8"
"8/28/2026 4:11:42 AM","32.891159","-97.038101","19.173","169.8"
"8/28/2026 4:11:43 AM","32.891087","-97.03804","19.8","170.1"
"8/28/2026 4:11:44 AM","32.891006","-97.037971","20.569","170.1"
"8/28/2026 4:11:45 AM","32.890926","-97.03791","21.214","170.5"
"8/28/2026 4:11:46 AM","32.890842","-97.037842","20.715","170.2"
"8/28/2026 4:11:47 AM","32.890759","-97.037796","20.012","170.2"
"8/28/2026 4:11:48 AM","32.890675","-97.037743","19.363","170.4"
"8/28/2026 4:11:49 AM","32.890587","-97.037712","19.134","171.1"
"8/28/2026 4:11:50 AM","32.890503","-97.037697","18.032","171.1"
"8/28/2026 4:11:51 AM","32.890423","-97.037682","17.56","171"
"8/28/2026 4:11:52 AM","32.890339","-97.037682","17.29","171"
"8/28/2026 4:11:53 AM","32.890259","-97.037697","16.9","171"
"8/28/2026 4:11:54 AM","32.890186","-97.037727","16.336","170.6"
"8/28/2026 4:11:55 AM","32.890114","-97.037743","16.328","170.6"
"8/28/2026 4:11:56 AM","32.890041","-97.037796","16.33","170.6"
"8/28/2026 4:11:57 AM","32.889977","-97.037842","15.928","170.4"
"8/28/2026 4:11:58 AM","32.889915","-97.037888","15.587","170.3"
"8/28/2026 4:11:59 AM","32.889858","-97.037956","17.015","170.3"
"8/28/2026 4:12:00 AM","32.889809","-97.038017","17.043","170.7"
"8/28/2026 4:12:01 AM","32.889759","-97.038086","15.905","170.8"
"8/28/2026 4:12:02 AM","32.889721","-97.03817","14.878","170.8"
"8/28/2026 4:12:03 AM","32.88969","-97.038231","14.908","171.3"
"8/28/2026 4:12:04 AM","32.889664","-97.038315","15.248","171.4"
"8/28/2026 4:12:05 AM","32.889641","-97.038399","15.042","171.7"
"8/28/2026 4:12:06 AM","32.889622","-97.038475","15.955","172"
"8/28/2026 4:12:07 AM","32.889606","-97.038574","17.76","172"
"8/28/2026 4:12:08 AM","32.889595","-97.038673","18.363","171.9"
"8/28/2026 4:12:09 AM","32.88958","-97.038773","18.949","172"
"8/28/2026 4:12:10 AM","32.889549","-97.038887","18.744","172.1"
"8/28/2026 4:12:11 AM","32.889511","-97.038963","17.736","172.1"
"8/28/2026 4:12:12 AM","32.889465","-97.039047","17.022","172"
"8/28/2026 4:12:13 AM","32.889412","-97.039108","16.06","172"
"8/28/2026 4:12:14 AM","32.88937","-97.039192","14.594","172.3"
"8/28/2026 4:12:15 AM","32.889351","-97.039261","14.831","172.6"
"8/28/2026 4:12:16 AM","32.889343","-97.039337","14.442","172.6"
"8/28/2026 4:12:17 AM","32.889343","-97.039421","13.9","173"
"8/28/2026 4:12:18 AM","32.889362","-97.039505","14.777","173.7"
"8/28/2026 4:12:19 AM","32.889412","-97.039566","15.77","174.6"
"8/28/2026 4:12:20 AM","32.889477","-97.039619","16.238","175.1"
"8/28/2026 4:12:21 AM","32.889553","-97.03965","16.442","175.7"
"8/28/2026 4:12:22 AM","32.889637","-97.039665","17.769","176.1"
"8/28/2026 4:12:23 AM","32.889725","-97.039665","19.1","176.4"
"8/28/2026 4:12:24 AM","32.88982","-97.039665","20.47","176.7"
"8/28/2026 4:12:25 AM","32.889919","-97.039665","21.518","176.5"
"8/28/2026 4:12:26 AM","32.89003","-97.03968","23.099","175.9"
"8/28/2026 4:12:27 AM","32.890144","-97.039696","25.722","175.6"
"8/28/2026 4:12:28 AM","32.89027","-97.039711","27.893","175.6"
"8/28/2026 4:12:29 AM","32.890408","-97.039726","29.876","175.2"
"8/28/2026 4:12:30 AM","32.890553","-97.039749","30.995","174.8"
"8/28/2026 4:12:31 AM","32.890701","-97.039764","31.993","174.8"
"8/28/2026 4:12:32 AM","32.890854","-97.03978","33.018","174.2"
"8/28/2026 4:12:33 AM","32.89101","-97.03978","34.035","173.8"
"8/28/2026 4:12:34 AM","32.891171","-97.03978","34.756","173.8"
"8/28/2026 4:12:35 AM","32.891335","-97.03978","35.77","173.2"
"8/28/2026 4:12:36 AM","32.891499","-97.039795","36.418","172.7"
"8/28/2026 4:12:37 AM","32.891674","-97.039795","36.92","172.7"
"8/28/2026 4:12:38 AM","32.891846","-97.039795","38.001","172.9"
"8/28/2026 4:12:39 AM","32.892025","-97.039795","38.885","172.9"
"8/28/2026 4:12:40 AM","32.892208","-97.03981","39.58","172.9"
"8/28/2026 4:12:41 AM","32.892395","-97.03981","39.896","172.4"
"8/28/2026 4:12:42 AM","32.892582","-97.03981","40.213","172.8"
"8/28/2026 4:12:43 AM","32.892769","-97.03981","40.702","173.5"
"8/28/2026 4:12:44 AM","32.89296","-97.03981","41.231","174.5"
"8/28/2026 4:12:45 AM","32.893154","-97.03981","41.74","175.1"
"8/28/2026 4:12:46 AM","32.893353","-97.039795","41.976","175.5"
"8/28/2026 4:12:47 AM","32.893547","-97.039795","41.719","175.9"
"8/28/2026 4:12:48 AM","32.893742","-97.03981","41.158","176.1"
"8/28/2026 4:12:49 AM","32.893929","-97.03981","40.649","176.1"
"8/28/2026 4:12:50 AM","32.894119","-97.03981","40.592","176.5"
"8/28/2026 4:12:51 AM","32.894306","-97.039795","40.4","176.8"
"8/28/2026 4:12:52 AM","32.894497","-97.039795","40.961","177.4"
"8/28/2026 4:12:53 AM","32.894691","-97.039795","40.889","177.5"
"8/28/2026 4:12:54 AM","32.894878","-97.039795","40.886","177.5"
"8/28/2026 4:12:55 AM","32.895069","-97.039795","41.111","177.2"
"8/28/2026 4:12:56 AM","32.89526","-97.039795","41.548","176.7"
"8/28/2026 4:12:57 AM","32.895454","-97.039795","42.073","176.4"
"8/28/2026 4:12:58 AM","32.895649","-97.039795","42.517","176.4"
"8/28/2026 4:12:59 AM","32.895851","-97.039795","42.972","176.5"
"8/28/2026 4:13:00 AM","32.896053","-97.039795","43.54","176.5"
"8/28/2026 4:13:01 AM","32.896255","-97.039795","43.991","176.5"
"8/28/2026 4:13:02 AM","32.896461","-97.039795","44.361","176.5"
"8/28/2026 4:13:03 AM","32.896664","-97.03978","44.283","176.3"
"8/28/2026 4:13:04 AM","32.89687","-97.03978","43.757","176.1"
"8/28/2026 4:13:05 AM","32.897076","-97.03978","43.785","176"
"8/28/2026 4:13:06 AM","32.897278","-97.03978","44.158","175.8"
"8/28/2026 4:13:07 AM","32.897484","-97.03978","45.318","175.8"
"8/28/2026 4:13:08 AM","32.897694","-97.03978","45.268","175.8"
"8/28/2026 4:13:09 AM","32.897903","-97.03978","45.481","175.8"
"8/28/2026 4:13:10 AM","32.898117","-97.039764","45.248","175.5"
"8/28/2026 4:13:11 AM","32.898323","-97.039764","45.438","174.8"
"8/28/2026 4:13:12 AM","32.89854","-97.039764","45.662","174.5"
"8/28/2026 4:13:13 AM","32.89875","-97.039764","45.995","174.5"
"8/28/2026 4:13:14 AM","32.898968","-97.039764","46.036","174.6"
"8/28/2026 4:13:15 AM","32.899178","-97.039764","45.976","174.6"
"8/28/2026 4:13:16 AM","32.899391","-97.039764","45.731","174.8"
"8/28/2026 4:13:17 AM","32.899605","-97.039764","45.678","174.9"
"8/28/2026 4:13:18 AM","32.899815","-97.039764","45.715","175"
"8/28/2026 4:13:19 AM","32.900021","-97.03978","45.597","175.3"
"8/28/2026 4:13:20 AM","32.900234","-97.039764","45.886","175.7"
"8/28/2026 4:13:21 AM","32.900452","-97.039764","45.81","176.1"
"8/28/2026 4:13:22 AM","32.900661","-97.039764","45.97","176.7"
"8/28/2026 4:13:23 AM","32.900875","-97.039764","45.698","177"
"8/28/2026 4:13:24 AM","32.901085","-97.039764","44.861","177.2"
"8/28/2026 4:13:25 AM","32.901295","-97.039764","44.805","177.2"
"8/28/2026 4:13:26 AM","32.901501","-97.039764","44.621","177.5"
"8/28/2026 4:13:27 AM","32.901714","-97.039764","44.6","177.6"
"8/28/2026 4:13:28 AM","32.90192","-97.039764","44.66","177.5"
"8/28/2026 4:13:29 AM","32.902134","-97.039764","44.716","177.7"
"8/28/2026 4:13:30 AM","32.90234","-97.039764","45.076","177.7"
"8/28/2026 4:13:31 AM","32.90255","-97.039764","45.153","178.3"
"8/28/2026 4:13:32 AM","32.90276","-97.039764","45.227","178.5"
"8/28/2026 4:13:33 AM","32.902966","-97.039764","45.196","178.5"
"8/28/2026 4:13:34 AM","32.903179","-97.039764","45.513","178.4"
"8/28/2026 4:13:35 AM","32.903389","-97.039749","45.768","178.3"
"8/28/2026 4:13:36 AM","32.903603","-97.039764","45.786","178.3"
"8/28/2026 4:13:37 AM","32.903812","-97.039764","46.001","178"
"8/28/2026 4:13:38 AM","32.90403","-97.039764","46.221","177.6"
"8/28/2026 4:13:39 AM","32.90424","-97.039764","46.231","177.5"
"8/28/2026 4:13:40 AM","32.904461","-97.039749","46.471","177.3"
"8/28/2026 4:13:41 AM","32.904675","-97.039749","47.009","177.2"
"8/28/2026 4:13:42 AM","32.904896","-97.039749","47.042","177.2"
"8/28/2026 4:13:43 AM","32.905113","-97.039749","47.239","177"
"8/28/2026 4:13:44 AM","32.905338","-97.039749","47.417","176.6"
"8/28/2026 4:13:45 AM","32.90556","-97.039749","47.454","176.2"
"8/28/2026 4:13:46 AM","32.905777","-97.039749","47.615","175.9"
"8/28/2026 4:13:47 AM","32.906002","-97.039726","47.577","175.7"
"8/28/2026 4:13:48 AM","32.906223","-97.039726","47.299","175.6"
"8/28/2026 4:13:49 AM","32.906441","-97.039749","46.703","175.6"
"8/28/2026 4:13:50 AM","32.906658","-97.039749","46.047","175.9"
"8/28/2026 4:13:51 AM","32.906868","-97.039749","45.72","176.4"
"8/28/2026 4:13:52 AM","32.907082","-97.039764","45.196","177"
"8/28/2026 4:13:53 AM","32.907288","-97.039764","45.269","177.4"
"8/28/2026 4:13:54 AM","32.907497","-97.039764","45.201","177.6"
"8/28/2026 4:13:55 AM","32.907707","-97.039764","45.47","177.5"
"8/28/2026 4:13:56 AM","32.907921","-97.039764","46.268","176.8"
"8/28/2026 4:13:57 AM","32.908138","-97.039764","46.733","175.9"
"8/28/2026 4:13:58 AM","32.908352","-97.039764","46.708","175.3"
"8/28/2026 4:13:59 AM","32.908573","-97.039764","46.745","174.2"
"8/28/2026 4:14:00 AM","32.908791","-97.039764","46.812","173.1"
"8/28/2026 4:14:01 AM","32.909008","-97.039749","47.098","172"
"8/28/2026 4:14:02 AM","32.909229","-97.039749","47.113","170.9"
"8/28/2026 4:14:03 AM","32.909462","-97.039749","46.957","170.2"
"8/28/2026 4:14:04 AM","32.909679","-97.039749","47.312","170.2"
"8/28/2026 4:14:05 AM","32.909901","-97.039749","47.224","169.8"
"8/28/2026 4:14:06 AM","32.91011","-97.039749","47.127","169.3"
"8/28/2026 4:14:07 AM","32.910324","-97.039726","44.956","168.7"
"8/28/2026 4:14:08 AM","32.910534","-97.039726","44.584","169.2"
"8/28/2026 4:14:09 AM","32.91074","-97.039749","44.339","170.6"
"8/28/2026 4:14:10 AM","32.910934","-97.039749","43.28","171.6"
"8/28/2026 4:14:11 AM","32.911133","-97.039749","42.362","172.6"
"8/28/2026 4:14:12 AM","32.911324","-97.039749","41.541","173.1"
"8/28/2026 4:14:13 AM","32.911514","-97.039749","41.475","173.7"
"8/28/2026 4:14:14 AM","32.911701","-97.039749","41.265","174.6"
"8/28/2026 4:14:15 AM","32.911892","-97.039749","41.212","175.3"
"8/28/2026 4:14:16 AM","32.912086","-97.039749","40.93","175.9"
"8/28/2026 4:14:17 AM","32.912273","-97.039749","40.607","176.8"
"8/28/2026 4:14:18 AM","32.912464","-97.039749","40.589","176.6"
"8/28/2026 4:14:19 AM","32.912651","-97.039749","40.607","176.9"
"8/28/2026 4:14:20 AM","32.912838","-97.039749","40.793","177.3"
"8/28/2026 4:14:21 AM","32.913025","-97.039749","40.809","177.5"
"8/28/2026 4:14:22 AM","32.913216","-97.039749","41.253","177.3"
"8/28/2026 4:14:23 AM","32.91341","-97.039749","41.325","176.9"
"8/28/2026 4:14:24 AM","32.913601","-97.039749","41.799","176.8"
"8/28/2026 4:14:25 AM","32.913799","-97.039749","42.065","176.8"
"8/28/2026 4:14:26 AM","32.913994","-97.039726","42.049","176.6"
"8/28/2026 4:14:27 AM","32.914188","-97.039726","42.118","176.3"
"8/28/2026 4:14:28 AM","32.914387","-97.039726","42.7","176.3"
"8/28/2026 4:14:29 AM","32.914589","-97.039726","43.176","176.2"
"8/28/2026 4:14:30 AM","32.914787","-97.039726","43.418","176.2"
"8/28/2026 4:14:31 AM","32.914989","-97.039726","44.114","176.2"
"8/28/2026 4:14:32 AM","32.915195","-97.039726","44.074","175.8"
"8/28/2026 4:14:33 AM","32.915398","-97.039726","44.524","175.6"
"8/28/2026 4:14:34 AM","32.915604","-97.039726","44.761","175.6"
"8/28/2026 4:14:35 AM","32.915813","-97.039726","45.023","175.2"
"8/28/2026 4:14:36 AM","32.916023","-97.039726","45.099","175.4"
"8/28/2026 4:14:37 AM","32.916237","-97.039726","45.107","175.4"
"8/28/2026 4:14:38 AM","32.916443","-97.039711","44.717","176.3"
"8/28/2026 4:14:39 AM","32.916645","-97.039711","44.28","176.8"
"8/28/2026 4:14:40 AM","32.916855","-97.039696","43.892","176.8"
"8/28/2026 4:14:41 AM","32.917053","-97.03968","43.47","177.4"
"8/28/2026 4:14:42 AM","32.917255","-97.03968","42.965","177.7"
"8/28/2026 4:14:43 AM","32.917454","-97.03968","42.685","177.7"
"8/28/2026 4:14:44 AM","32.917652","-97.03968","42.68","178.4"
"8/28/2026 4:14:45 AM","32.917847","-97.03968","42.75","178.5"
"8/28/2026 4:14:46 AM","32.918045","-97.03968","42.507","178.5"
"8/28/2026 4:14:47 AM","32.918247","-97.03968","43.129","178.1"
"8/28/2026 4:14:48 AM","32.918449","-97.03968","43.424","177.8"
"8/28/2026 4:14:49 AM","32.918652","-97.03968","43.818","177.8"
"8/28/2026 4:14:50 AM","32.918858","-97.039665","44.324","176.5"
"8/28/2026 4:14:51 AM","32.919064","-97.039665","44.758","175.8"
"8/28/2026 4:14:52 AM","32.919273","-97.039665","45.133","175"
"8/28/2026 4:14:53 AM","32.919483","-97.039665","45.364","174.3"
"8/28/2026 4:14:54 AM","32.919693","-97.039665","45.372","174.3"
"8/28/2026 4:14:55 AM","32.919903","-97.039665","45.345","172.9"
"8/28/2026 4:14:56 AM","32.920113","-97.039665","45.185","172.3"
"8/28/2026 4:14:57 AM","32.920326","-97.039665","44.814","172.3"
"8/28/2026 4:14:58 AM","32.920528","-97.039665","43.946","171.6"
"8/28/2026 4:14:59 AM","32.920731","-97.039665","44.262","171.5"
"8/28/2026 4:15:00 AM","32.920925","-97.03965","41.801","171.5"
"8/28/2026 4:15:01 AM","32.92112","-97.03965","40.95","171.7"
"8/28/2026 4:15:02 AM","32.921307","-97.03965","40.019","171.8"
"8/28/2026 4:15:03 AM","32.92149","-97.03965","38.945","171.8"
"8/28/2026 4:15:04 AM","32.921665","-97.03965","37.49","171.9"
"8/28/2026 4:15:05 AM","32.921829","-97.03965","34.865","172.1"
"8/28/2026 4:15:06 AM","32.921989","-97.03965","33.565","172.1"
"8/28/2026 4:15:07 AM","32.922134","-97.039665","31.332","172.2"
"8/28/2026 4:15:08 AM","32.922276","-97.039665","27.874","172.4"
"8/28/2026 4:15:09 AM","32.92239","-97.039665","24.379","172.4"
"8/28/2026 4:15:10 AM","32.922493","-97.039665","20.884","173.2"
"8/28/2026 4:15:11 AM","32.922585","-97.039665","18.99","173"
"8/28/2026 4:15:12 AM","32.922661","-97.03965","15.027","173"
"8/28/2026 4:15:13 AM","32.922722","-97.03965","12.461","173.6"
"8/28/2026 4:15:14 AM","32.922768","-97.03965","9.268","173.8"
"8/28/2026 4:15:15 AM","32.922798","-97.03965","6.617","173.8"
"8/28/2026 4:15:16 AM","32.922825","-97.03965","4.057","174.7"
"8/28/2026 4:15:17 AM","32.922836","-97.03965","3.198","175"
"8/28/2026 4:15:18 AM","32.922844","-97.039665","0","175.4"
"8/28/2026 4:15:19 AM","32.922848","-97.039665","0","175.7"
"8/28/2026 4:15:20 AM","32.922852","-97.039665","0","175.9"
"8/28/2026 4:15:21 AM","32.922855","-97.039665","0","175.9"
"8/28/2026 4:15:22 AM","32.922859","-97.039665","0","176.1"
"8/28/2026 4:15:23 AM","32.922859","-97.039665","0","176.1"
"8/28/2026 4:15:24 AM","32.922859","-97.039665","0","176"
"8/28/2026 4:15:25 AM","32.922859","-97.039665","0","176"
"8/28/2026 4:15:26 AM","32.922859","-97.039665","0","175.9"
"8/28/2026 4:15:27 AM","32.922859","-97.039665","0","175.9"
"8/28/2026 4:15:28 AM","32.922859","-97.039665","0","175.8"
"8/28/2026 4:15:29 AM","32.922855","-97.039665","0","175.7"
"8/28/2026 4:15:30 AM","32.922855","-97.039665","0","175.7"
"8/28/2026 4:15:31 AM","32.922855","-97.039665","0","175.5"
"8/28/2026 4:15:32 AM","32.922855","-97.039665","0","175.4"
"8/28/2026 4:15:33 AM","32.922855","-97.039665","0","175.4"
"8/28/2026 4:15:34 AM","32.922852","-97.039665","0","175.2"
"8/28/2026 4:15:35 AM","32.922852","-97.039665","0","175.2"
"8/28/2026 4:15:36 AM","32.922852","-97.039665","0","175"
"8/28/2026 4:15:37 AM","32.922852","-97.039665","0","174.9"
"8/28/2026 4:15:38 AM","32.922848","-97.039665","0","174.8"
"8/28/2026 4:15:39 AM","32.922848","-97.039665","0","174.7"
"8/28/2026 4:15:40 AM","32.922848","-97.039665","0","174.6"
"8/28/2026 4:15:41 AM","32.922844","-97.039665","0","174.5"
"8/28/2026 4:15:42 AM","32.922844","-97.039665","0","174.5"
"8/28/2026 4:15:43 AM","32.922844","-97.039665","0","174.3"
"8/28/2026 4:15:44 AM","32.922844","-97.03968","0","174.2"
"8/28/2026 4:15:45 AM","32.922844","-97.03968","0","174.2"
"8/28/2026 4:15:46 AM","32.922844","-97.03968","0","174"
"8/28/2026 4:15:47 AM","32.922844","-97.03968","0","174"
"8/28/2026 4:15:48 AM","32.922844","-97.03968","0","173.8"
"8/28/2026 4:15:49 AM","32.922844","-97.03968","0","173.8"
"8/28/2026 4:15:50 AM","32.922844","-97.03968","0","173.7"
"8/28/2026 4:15:51 AM","32.922844","-97.03968","0","173.6"
"8/28/2026 4:15:52 AM","32.922844","-97.03968","0","173.6"
"8/28/2026 4:15:53 AM","32.922844","-97.03968","0","173.5"
"8/28/2026 4:15:54 AM","32.922844","-97.03968","0","173.5"
"8/28/2026 4:15:55 AM","32.922848","-97.03968","0.972","173.5"
"8/28/2026 4:15:56 AM","32.922852","-97.03968","1.884","173.4"
"8/28/2026 4:15:57 AM","32.922859","-97.03968","2.417","173.2"
"8/28/2026 4:15:58 AM","32.922874","-97.03968","3.081","173"
"8/28/2026 4:15:59 AM","32.922897","-97.039696","6.208","172.8"
"8/28/2026 4:16:00 AM","32.922935","-97.039696","8.94","172.5"
"8/28/2026 4:16:01 AM","32.922985","-97.039696","11.639","172.1"
"8/28/2026 4:16:02 AM","32.923046","-97.039696","14.034","171.6"
"8/28/2026 4:16:03 AM","32.923119","-97.039696","17.417","171.1"
"8/28/2026 4:16:04 AM","32.923206","-97.039696","18.994","171.5"
"8/28/2026 4:16:05 AM","32.923302","-97.039696","21.61","171.4"
"8/28/2026 4:16:06 AM","32.923409","-97.039696","22.808","171.5"
"8/28/2026 4:16:07 AM","32.923527","-97.039696","25.281","171.4"
"8/28/2026 4:16:08 AM","32.923645","-97.039696","26.214","171.4"
"8/28/2026 4:16:09 AM","32.923775","-97.039696","27.377","171.3"
"8/28/2026 4:16:10 AM","32.923908","-97.039696","28.585","171.1"
"8/28/2026 4:16:11 AM","32.924049","-97.039696","29.594","170.9"
"8/28/2026 4:16:12 AM","32.924191","-97.039696","30.381","170.9"
"8/28/2026 4:16:13 AM","32.924335","-97.03968","31.148","170.7"
"8/28/2026 4:16:14 AM","32.924484","-97.03968","32.085","170.6"
"8/28/2026 4:16:15 AM","32.924637","-97.03968","33.12","170.4"
"8/28/2026 4:16:16 AM","32.924797","-97.03968","34.065","170.2"
"8/28/2026 4:16:17 AM","32.924961","-97.03968","34.96","170"
"8/28/2026 4:16:18 AM","32.925125","-97.03968","35.792","169.9"
"8/28/2026 4:16:19 AM","32.925293","-97.03968","36.489","169.8"
"8/28/2026 4:16:20 AM","32.925468","-97.03968","36.557","169.6"
"8/28/2026 4:16:21 AM","32.925644","-97.03968","37.46","169.5"
"8/28/2026 4:16:22 AM","32.925819","-97.039665","37.941","169.4"
"8/28/2026 4:16:23 AM","32.925999","-97.039665","38.436","169.4"
"8/28/2026 4:16:24 AM","32.926182","-97.039665","38.99","169.4"
"8/28/2026 4:16:25 AM","32.926365","-97.039665","39.061","169.4"
"8/28/2026 4:16:26 AM","32.926552","-97.039665","40.078","169.8"
"8/28/2026 4:16:27 AM","32.926739","-97.039665","40.635","170.3"
"8/28/2026 4:16:28 AM","32.926926","-97.039665","40.6","170.8"
"8/28/2026 4:16:29 AM","32.927116","-97.039665","40.857","171.2"
"8/28/2026 4:16:30 AM","32.927307","-97.039665","40.92","171.6"
"8/28/2026 4:16:31 AM","32.927498","-97.039665","40.636","172.3"
"8/28/2026 4:16:32 AM","32.927689","-97.039665","40.435","172.8"
"8/28/2026 4:16:33 AM","32.927876","-97.039665","40.088","173.5"
"8/28/2026 4:16:34 AM","32.928062","-97.039665","40.042","174.3"
"8/28/2026 4:16:35 AM","32.928246","-97.03965","39.687","174.5"
"8/28/2026 4:16:36 AM","32.928432","-97.039635","39.733","174.7"
"8/28/2026 4:16:37 AM","32.928623","-97.039619","40.592","175.2"
"8/28/2026 4:16:38 AM","32.92881","-97.039597","40.608","175.6"
"8/28/2026 4:16:39 AM","32.929001","-97.039566","40.583","175.7"
"8/28/2026 4:16:40 AM","32.929188","-97.039536","40.654","175.8"
"8/28/2026 4:16:41 AM","32.929375","-97.039505","41.669","175.2"
"8/28/2026 4:16:42 AM","32.929569","-97.039467","41.412","174.6"
"8/28/2026 4:16:43 AM","32.929768","-97.039436","43.801","173.9"
"8/28/2026 4:16:44 AM","32.929974","-97.039406","44.377","173.3"
"8/28/2026 4:16:45 AM","32.93018","-97.039375","45.017","172.6"
"8/28/2026 4:16:46 AM","32.930386","-97.039337","45.235","172.1"
"8/28/2026 4:16:47 AM","32.930595","-97.039307","45.745","171.6"
"8/28/2026 4:16:48 AM","32.930809","-97.039276","46.686","171.5"
"8/28/2026 4:16:49 AM","32.931026","-97.039238","47.446","171.5"
"8/28/2026 4:16:50 AM","32.931248","-97.039192","47.695","171.6"
"8/28/2026 4:16:51 AM","32.931465","-97.039177","47.633","172.1"
"8/28/2026 4:16:52 AM","32.931686","-97.039162","47.562","172.6"
"8/28/2026 4:16:53 AM","32.931904","-97.039162","46.698","173.1"
"8/28/2026 4:16:54 AM","32.932125","-97.039162","47.222","173.7"
"8/28/2026 4:16:55 AM","32.932346","-97.039162","47.222","174.2"
"8/28/2026 4:16:56 AM","32.932564","-97.039177","47.671","174.8"
"8/28/2026 4:16:57 AM","32.932789","-97.039192","47.915","175.1"
"8/28/2026 4:16:58 AM","32.93301","-97.039207","48.281","175.7"
"8/28/2026 4:16:59 AM","32.933235","-97.039223","48.288","176.1"
"8/28/2026 4:17:00 AM","32.933464","-97.039261","49.045","176.4"
"8/28/2026 4:17:01 AM","32.933693","-97.039276","49.036","176.8"
"8/28/2026 4:17:02 AM","32.933914","-97.039291","48.968","177.1"
"8/28/2026 4:17:03 AM","32.934143","-97.039307","48.981","177.2"
"8/28/2026 4:17:04 AM","32.934372","-97.039322","49.024","177.1"
"8/28/2026 4:17:05 AM","32.934597","-97.039337","50.403","176.8"
"8/28/2026 4:17:06 AM","32.934834","-97.039352","52.008","176.4"
"8/28/2026 4:17:07 AM","32.935081","-97.039391","54.031","176"
"8/28/2026 4:17:08 AM","32.935337","-97.039406","55.423","175.7"
"8/28/2026 4:17:09 AM","32.935596","-97.039421","56.016","175.4"
"8/28/2026 4:17:10 AM","32.93586","-97.039452","56.865","175"
"8/28/2026 4:17:11 AM","32.936123","-97.039482","57.441","174.5"
"8/28/2026 4:17:12 AM","32.93639","-97.03952","57.481","174.2"
"8/28/2026 4:17:13 AM","32.936653","-97.039566","57.443","174.3"
"8/28/2026 4:17:14 AM","32.936916","-97.039619","57.16","174.5"
"8/28/2026 4:17:15 AM","32.93718","-97.039665","57.434","174.8"
"8/28/2026 4:17:16 AM","32.937439","-97.039711","56.81","175.2"
"8/28/2026 4:17:17 AM","32.937698","-97.039764","55.701","175.2"
"8/28/2026 4:17:18 AM","32.93795","-97.03981","55.651","174.7"
"8/28/2026 4:17:19 AM","32.938213","-97.039841","55.817","174.8"
"8/28/2026 4:17:20 AM","32.938469","-97.039894","56.15","174.2"
"8/28/2026 4:17:21 AM","32.938728","-97.039925","56.842","173.5"
"8/28/2026 4:17:22 AM","32.938999","-97.03994","57.313","173.3"
"8/28/2026 4:17:23 AM","32.939262","-97.039955","57.86","173.2"
"8/28/2026 4:17:24 AM","32.939533","-97.039955","58.236","173.3"
"8/28/2026 4:17:25 AM","32.939804","-97.039955","58.589","173.7"
"8/28/2026 4:17:26 AM","32.940079","-97.039955","58.738","174.1"
"8/28/2026 4:17:27 AM","32.940353","-97.039955","59.133","174.4"
"8/28/2026 4:17:28 AM","32.940628","-97.03994","59.154","174.7"
"8/28/2026 4:17:29 AM","32.940903","-97.03994","59.116","174.9"
"8/28/2026 4:17:30 AM","32.941177","-97.03994","58.921","175.1"
"8/28/2026 4:17:31 AM","32.941452","-97.039925","58.622","175.4"
"8/28/2026 4:17:32 AM","32.941723","-97.039925","58.23","175.5"
"8/28/2026 4:17:33 AM","32.941994","-97.039925","57.859","175.4"
"8/28/2026 4:17:34 AM","32.942261","-97.039925","57.805","175.3"
"8/28/2026 4:17:35 AM","32.942528","-97.039925","57.461","175"
"8/28/2026 4:17:36 AM","32.942795","-97.039925","57.282","174.5"
"8/28/2026 4:17:37 AM","32.943058","-97.039925","57.206","174.1"
"8/28/2026 4:17:38 AM","32.943321","-97.039925","56.896","173.6"
"8/28/2026 4:17:39 AM","32.943588","-97.039925","56.496","173"
"8/28/2026 4:17:40 AM","32.943848","-97.039925","56.149","172.4"
"8/28/2026 4:17:41 AM","32.944107","-97.039909","56.087","171.6"
"8/28/2026 4:17:42 AM","32.94437","-97.039909","56.106","170.7"
"8/28/2026 4:17:43 AM","32.94463","-97.039909","56.325","169.9"
"8/28/2026 4:17:44 AM","32.944893","-97.039909","56.607","169"
"8/28/2026 4:17:45 AM","32.945152","-97.039909","56.939","168.2"
"8/28/2026 4:17:46 AM","32.945419","-97.039909","56.817","167.3"
"8/28/2026 4:17:47 AM","32.945686","-97.039909","57.413","166.4"
"8/28/2026 4:17:48 AM","32.945957","-97.039909","57.927","165.6"
"8/28/2026 4:17:49 AM","32.946224","-97.039909","57.955","164.9"
"8/28/2026 4:17:50 AM","32.946491","-97.039909","58.111","164.1"
"8/28/2026 4:17:51 AM","32.946762","-97.039909","58.053","163.6"
"8/28/2026 4:17:52 AM","32.947029","-97.039894","57.989","163"
"8/28/2026 4:17:53 AM","32.9473","-97.039894","58.118","162.7"
"8/28/2026 4:17:54 AM","32.947567","-97.039909","57.35","162.5"
"8/28/2026 4:17:55 AM","32.94783","-97.039909","56.97","162.3"
"8/28/2026 4:17:56 AM","32.948093","-97.039909","56.299","162.1"
"8/28/2026 4:17:57 AM","32.948353","-97.039894","55.639","162.2"
"8/28/2026 4:17:58 AM","32.948608","-97.039894","54.919","162.2"
"8/28/2026 4:17:59 AM","32.94886","-97.039894","54.095","162.3"
"8/28/2026 4:18:00 AM","32.949108","-97.039894","53.241","162.4"
"8/28/2026 4:18:01 AM","32.949352","-97.039879","52.403","162.5"
"8/28/2026 4:18:02 AM","32.949596","-97.039879","51.561","162.6"
"8/28/2026 4:18:03 AM","32.949833","-97.039864","50.718","162.6"
"8/28/2026 4:18:04 AM","32.950066","-97.039864","48.424","162.7"
"8/28/2026 4:18:05 AM","32.950283","-97.039864","47.118","162.7"
"8/28/2026 4:18:06 AM","32.9505","-97.039864","46.634","162.9"
"8/28/2026 4:18:07 AM","32.950718","-97.039864","46.665","163"
"8/28/2026 4:18:08 AM","32.950928","-97.039864","45.321","163.2"
"8/28/2026 4:18:09 AM","32.951134","-97.039841","45.098","163.5"
"8/28/2026 4:18:10 AM","32.95134","-97.039841","44.295","163.6"
"8/28/2026 4:18:11 AM","32.951542","-97.039825","44.05","163.5"
"8/28/2026 4:18:12 AM","32.95174","-97.03981","43.476","163.9"
"8/28/2026 4:18:13 AM","32.951942","-97.039795","42.915","164.1"
"8/28/2026 4:18:14 AM","32.952137","-97.039764","42.464","164"
"8/28/2026 4:18:15 AM","32.952332","-97.039726","42.497","164"
"8/28/2026 4:18:16 AM","32.952526","-97.039696","42.899","164.3"
"8/28/2026 4:18:17 AM","32.952724","-97.039665","43.245","164.4"
"8/28/2026 4:18:18 AM","32.952927","-97.039635","42.886","164.4"
"8/28/2026 4:18:19 AM","32.953125","-97.039597","43.069","164"
"8/28/2026 4:18:20 AM","32.953323","-97.039566","43.029","163.9"
"8/28/2026 4:18:21 AM","32.953518","-97.039551","42.585","163.4"
"8/28/2026 4:18:22 AM","32.95372","-97.039536","42.513","163.1"
"8/28/2026 4:18:23 AM","32.953915","-97.03952","42.516","162.4"
"8/28/2026 4:18:24 AM","32.954109","-97.039505","42.162","162"
"8/28/2026 4:18:25 AM","32.954304","-97.039482","41.968","161.9"
"8/28/2026 4:18:26 AM","32.954502","-97.039482","42.013","161.7"
"8/28/2026 4:18:27 AM","32.954693","-97.039482","41.688","161.7"
"8/28/2026 4:18:28 AM","32.954887","-97.039467","40.579","161.5"
"8/28/2026 4:18:29 AM","32.95507","-97.039467","40.539","161.6"
"8/28/2026 4:18:30 AM","32.955254","-97.039467","38.366","162"
"8/28/2026 4:18:31 AM","32.955429","-97.039482","37.932","162.4"
"8/28/2026 4:18:32 AM","32.955605","-97.039482","37.972","162.9"
"8/28/2026 4:18:33 AM","32.955784","-97.039505","38.451","163.3"
"8/28/2026 4:18:34 AM","32.955967","-97.039505","38.416","163.9"
"8/28/2026 4:18:35 AM","32.956139","-97.039505","37.633","164.4"
"8/28/2026 4:18:36 AM","32.95631","-97.039505","36.927","165.2"
"8/28/2026 4:18:37 AM","32.956482","-97.039482","36.766","165.8"
"8/28/2026 4:18:38 AM","32.95665","-97.039482","36.807","166.5"
"8/28/2026 4:18:39 AM","32.956821","-97.039467","36.881","166.7"
"8/28/2026 4:18:40 AM","32.956989","-97.039467","36.899","167"
"8/28/2026 4:18:41 AM","32.957161","-97.039467","37.217","167.2"
"8/28/2026 4:18:42 AM","32.957336","-97.039452","37.508","167.3"
"8/28/2026 4:18:43 AM","32.957512","-97.039452","37.103","167.7"
"8/28/2026 4:18:44 AM","32.95768","-97.039436","36.541","168"
"8/28/2026 4:18:45 AM","32.957844","-97.039421","35.781","168"
"8/28/2026 4:18:46 AM","32.958012","-97.039421","35.79","168.4"
"8/28/2026 4:18:47 AM","32.958176","-97.039391","35.854","168.2"
"8/28/2026 4:18:48 AM","32.95834","-97.039375","36.128","167.6"
"8/28/2026 4:18:49 AM","32.958508","-97.039337","36.425","167.7"
"8/28/2026 4:18:50 AM","32.958675","-97.039322","36.8","167.5"
"8/28/2026 4:18:51 AM","32.958847","-97.039276","37.383","166.8"
"8/28/2026 4:18:52 AM","32.959023","-97.039238","37.289","166"
"8/28/2026 4:18:53 AM","32.959194","-97.039192","37.64","165.1"
"8/28/2026 4:18:54 AM","32.959373","-97.039131","40.499","164.4"
"8/28/2026 4:18:55 AM","32.959557","-97.039078","40.97","163.6"
"8/28/2026 4:18:56 AM","32.959743","-97.039017","41.508","162.7"
"8/28/2026 4:18:57 AM","32.959927","-97.038948","41.82","162"
"8/28/2026 4:18:58 AM","32.96011","-97.038864","41.981","161.2"
"8/28/2026 4:18:59 AM","32.960293","-97.038788","42.147","160.7"
"8/28/2026 4:19:00 AM","32.960476","-97.038689","42.984","160.2"
"8/28/2026 4:19:01 AM","32.960659","-97.038589","43.6","160"
"8/28/2026 4:19:02 AM","32.960842","-97.03849","43.966","160"
"8/28/2026 4:19:03 AM","32.961025","-97.038376","43.939","160.2"
"8/28/2026 4:19:04 AM","32.961201","-97.038284","43.2","160.4"
"8/28/2026 4:19:05 AM","32.961376","-97.038155","43.496","160.5"
"8/28/2026 4:19:06 AM","32.961552","-97.03804","43.848","160.5"
"8/28/2026 4:19:07 AM","32.961723","-97.03791","43.583","160.7"
"8/28/2026 4:19:08 AM","32.961891","-97.037773","42.637","160.9"
"8/28/2026 4:19:09 AM","32.962055","-97.037643","41.849","160.9"
"8/28/2026 4:19:10 AM","32.962215","-97.037514","41.214","161"
"8/28/2026 4:19:11 AM","32.962376","-97.037384","41.254","160.9"
"8/28/2026 4:19:12 AM","32.962536","-97.037254","41.521","161.4"
"8/28/2026 4:19:13 AM","32.9627","-97.037125","41.446","161.6"
"8/28/2026 4:19:14 AM","32.962864","-97.03701","41.437","162.3"
"8/28/2026 4:19:15 AM","32.963028","-97.036896","41.508","162.7"
"8/28/2026 4:19:16 AM","32.963203","-97.036797","41.758","163.1"
"8/28/2026 4:19:17 AM","32.963383","-97.036705","41.708","163.7"
"8/28/2026 4:19:18 AM","32.963562","-97.036636","40.683","164.4"
"8/28/2026 4:19:19 AM","32.963745","-97.036575","40.761","165"
"8/28/2026 4:19:20 AM","32.963928","-97.036537","40.711","165.8"
"8/28/2026 4:19:21 AM","32.964115","-97.036507","40.225","166.7"
"8/28/2026 4:19:22 AM","32.964302","-97.036491","39.785","167.6"
"8/28/2026 4:19:23 AM","32.964489","-97.036476","39.594","168.3"
"8/28/2026 4:19:24 AM","32.964672","-97.036476","39.286","168.8"
"8/28/2026 4:19:25 AM","32.964851","-97.036491","39.237","169.1"
"8/28/2026 4:19:26 AM","32.965034","-97.036522","39.702","168.7"
"8/28/2026 4:19:27 AM","32.965218","-97.036552","39.975","168.6"
"8/28/2026 4:19:28 AM","32.965405","-97.036591","40.34","168.1"
"8/28/2026 4:19:29 AM","32.965588","-97.036636","40.612","167.5"
"8/28/2026 4:19:30 AM","32.965775","-97.036667","40.582","166.7"
"8/28/2026 4:19:31 AM","32.965958","-97.036705","40.088","165.9"
"8/28/2026 4:19:32 AM","32.966141","-97.03672","39.659","165"
"8/28/2026 4:19:33 AM","32.966324","-97.036736","39.273","164.3"
"8/28/2026 4:19:34 AM","32.966507","-97.036751","39.5","163.4"
"8/28/2026 4:19:35 AM","32.966702","-97.036751","41.601","162.4"
"8/28/2026 4:19:36 AM","32.9669","-97.036751","42.101","161.4"
"8/28/2026 4:19:37 AM","32.967094","-97.036751","42.887","160.5"
"8/28/2026 4:19:38 AM","32.967297","-97.036736","43.408","159.8"
"8/28/2026 4:19:39 AM","32.967503","-97.036736","43.711","159.2"
"8/28/2026 4:19:40 AM","32.967705","-97.03672","43.739","158.9"
"8/28/2026 4:19:41 AM","32.967907","-97.036705","43.7","158.8"
"8/28/2026 4:19:42 AM","32.968113","-97.03669","43.368","158.8"
"8/28/2026 4:19:43 AM","32.968311","-97.03669","42.847","158.6"
"8/28/2026 4:19:44 AM","32.96851","-97.03669","41.96","158.7"
"8/28/2026 4:19:45 AM","32.968697","-97.036667","38.559","158.8"
"8/28/2026 4:19:46 AM","32.968868","-97.036652","35.053","159"
"8/28/2026 4:19:47 AM","32.969028","-97.036652","32.943","158.9"
"8/28/2026 4:19:48 AM","32.96917","-97.036652","29.437","159.2"
"8/28/2026 4:19:49 AM","32.969303","-97.036652","27.414","158.9"
"8/28/2026 4:19:50 AM","32.969421","-97.036652","24.228","158.9"
"8/28/2026 4:19:51 AM","32.969528","-97.036652","22.61","158.9"
"8/28/2026 4:19:52 AM","32.96962","-97.036652","18.712","159.4"
"8/28/2026 4:19:53 AM","32.9697","-97.036636","14.506","159.7"
"8/28/2026 4:19:54 AM","32.969749","-97.036636","11.243","160.2"
"8/28/2026 4:19:55 AM","32.969799","-97.036636","10.581","159.8"
"8/28/2026 4:19:56 AM","32.969845","-97.036636","9.383","159.7"
"8/28/2026 4:19:57 AM","32.969875","-97.036652","7.892","159.6"
"8/28/2026 4:19:58 AM","32.969906","-97.036667","7.331","159.7"
"8/28/2026 4:19:59 AM","32.969929","-97.036705","7.96","159.8"
"8/28/2026 4:20:00 AM","32.969952","-97.036736","8.419","159.9"
"8/28/2026 4:20:01 AM","32.969967","-97.036766","8.436","160.2"
"8/28/2026 4:20:02 AM","32.969975","-97.036819","8.679","160.3"
"8/28/2026 4:20:03 AM","32.969971","-97.036865","9.788","160.4"
"8/28/2026 4:20:04 AM","32.969959","-97.036934","12.713","160.2"
"8/28/2026 4:20:05 AM","32.969944","-97.03701","13.373","160.1"
"8/28/2026 4:20:06 AM","32.96991","-97.037079","13.94","159.9"
"8/28/2026 4:20:07 AM","32.969868","-97.037125","12.721","159.9"
"8/28/2026 4:20:08 AM","32.969826","-97.037178","12.033","159.9"
"8/28/2026 4:20:09 AM","32.969765","-97.037209","14.481","160"
"8/28/2026 4:20:10 AM","32.969692","-97.037224","15.819","160.2"
"8/28/2026 4:20:11 AM","32.969616","-97.037239","17.951","160.3"
"8/28/2026 4:20:12 AM","32.969524","-97.037254","19.61","159.9"
"8/28/2026 4:20:13 AM","32.969425","-97.037254","21.952","159.7"
"8/28/2026 4:20:14 AM","32.969315","-97.037254","24.93","159.8"
"8/28/2026 4:20:15 AM","32.969193","-97.037254","27.017","159.7"
"8/28/2026 4:20:16 AM","32.969059","-97.037254","28.885","159.7"
"8/28/2026 4:20:17 AM","32.968925","-97.037254","29.738","159.5"
"8/28/2026 4:20:18 AM","32.968784","-97.03727","30.789","159.4"
"8/28/2026 4:20:19 AM","32.968636","-97.03727","31.889","159.2"
"8/28/2026 4:20:20 AM","32.968483","-97.037285","32.451","159"
"8/28/2026 4:20:21 AM","32.96833","-97.037308","33.151","159"
"8/28/2026 4:20:22 AM","32.968174","-97.037338","33.807","158.9"
"8/28/2026 4:20:23 AM","32.968014","-97.037354","34.105","158.8"
"8/28/2026 4:20:24 AM","32.967854","-97.037384","34.181","158.7"
"8/28/2026 4:20:25 AM","32.967701","-97.037422","34.483","158.7"
"8/28/2026 4:20:26 AM","32.967541","-97.037453","34.707","158.6"
"8/28/2026 4:20:27 AM","32.967381","-97.037498","34.87","158.5"
"8/28/2026 4:20:28 AM","32.96722","-97.037529","34.816","158.4"
"8/28/2026 4:20:29 AM","32.96706","-97.037567","34.814","158.4"
"8/28/2026 4:20:30 AM","32.9669","-97.037598","34.479","158.4"
"8/28/2026 4:20:31 AM","32.966743","-97.037613","33.712","158.3"
"8/28/2026 4:20:32 AM","32.966591","-97.037643","32.97","158.2"
"8/28/2026 4:20:33 AM","32.966442","-97.037682","32.227","158.2"
"8/28/2026 4:20:34 AM","32.966297","-97.037712","31.45","158"
"8/28/2026 4:20:35 AM","32.966152","-97.037727","30.495","158"
"8/28/2026 4:20:36 AM","32.966019","-97.037758","29.264","158"
"8/28/2026 4:20:37 AM","32.965889","-97.037796","27.68","157.9"
"8/28/2026 4:20:38 AM","32.965771","-97.037811","25.463","157.9"
"8/28/2026 4:20:39 AM","32.965656","-97.037827","24.268","158"
"8/28/2026 4:20:40 AM","32.965553","-97.037842","22.52","157.9"
"8/28/2026 4:20:41 AM","32.965458","-97.037857","19.979","157.8"
"8/28/2026 4:20:42 AM","32.965382","-97.037872","15.395","157.3"
"8/28/2026 4:20:43 AM","32.965324","-97.037872","10.644","157"
"8/28/2026 4:20:44 AM","32.965279","-97.037872","8.852","157.4"
"8/28/2026 4:20:45 AM","32.965248","-97.037872","6.47","157.3"
"8/28/2026 4:20:46 AM","32.965218","-97.037888","6.479","157.4"
"8/28/2026 4:20:47 AM","32.965191","-97.03791","8.49","157.6"
"8/28/2026 4:20:48 AM","32.965149","-97.037941","12.985","157.7"
"8/28/2026 4:20:49 AM","32.965099","-97.037987","15.876","157.9"
"8/28/2026 4:20:50 AM","32.965046","-97.038055","17.922","158.3"
"8/28/2026 4:20:51 AM","32.964989","-97.038132","20.454","158.3"
"8/28/2026 4:20:52 AM","32.964924","-97.038216","21.744","157.9"
"8/28/2026 4:20:53 AM","32.964844","-97.038315","24.321","157.9"
"8/28/2026 4:20:54 AM","32.964748","-97.038399","26.458","158.2"
"8/28/2026 4:20:55 AM","32.964645","-97.038475","28.416","158.5"
"8/28/2026 4:20:56 AM","32.964527","-97.038559","29.499","158.2"
"8/28/2026 4:20:57 AM","32.964401","-97.038643","31.24","158.3"
"8/28/2026 4:20:58 AM","32.964272","-97.038719","32.071","158.5"
"8/28/2026 4:20:59 AM","32.96413","-97.038803","32.666","159.1"
"8/28/2026 4:21:00 AM","32.963997","-97.038887","33.311","159.5"
"8/28/2026 4:21:01 AM","32.96386","-97.038979","33.923","159.7"
"8/28/2026 4:21:02 AM","32.963718","-97.039062","34.247","160.1"
"8/28/2026 4:21:03 AM","32.963577","-97.039162","33.725","160.3"
"8/28/2026 4:21:04 AM","32.963444","-97.039261","33.031","160.5"
"8/28/2026 4:21:05 AM","32.963318","-97.039352","32.145","160.6"
"8/28/2026 4:21:06 AM","32.963196","-97.039467","32.153","160.9"
"8/28/2026 4:21:07 AM","32.963081","-97.039581","31.36","161.1"
"8/28/2026 4:21:08 AM","32.962975","-97.039696","30.537","161.2"
"8/28/2026 4:21:09 AM","32.962879","-97.039795","28.669","161.3"
"8/28/2026 4:21:10 AM","32.962784","-97.039909","26.831","161.3"
"8/28/2026 4:21:11 AM","32.962696","-97.040009","25.513","161.3"
"8/28/2026 4:21:12 AM","32.962608","-97.040085","24.468","161.2"
"8/28/2026 4:21:13 AM","32.962532","-97.040169","22.441","161.2"
"8/28/2026 4:21:14 AM","32.962463","-97.040253","19.695","161.1"
"8/28/2026 4:21:15 AM","32.962406","-97.040314","16.159","160.9"
"8/28/2026 4:21:16 AM","32.96236","-97.040382","11.752","161.1"
"8/28/2026 4:21:17 AM","32.962334","-97.040398","7.368","161.2"
"8/28/2026 4:21:18 AM","32.962322","-97.040413","3.52","161.1"
"8/28/2026 4:21:19 AM","32.962318","-97.040428","0","161"
"8/28/2026 4:21:20 AM","32.962318","-97.040428","0","160.9"
"8/28/2026 4:21:21 AM","32.962318","-97.040428","0","160.9"
"8/28/2026 4:21:22 AM","32.962318","-97.040428","0","160.9"
"8/28/2026 4:21:23 AM","32.962318","-97.040428","0","160.8"
"8/28/2026 4:21:24 AM","32.962318","-97.040428","0","160.8"
"8/28/2026 4:21:25 AM","32.962318","-97.040428","0","160.8"
"8/28/2026 4:21:26 AM","32.962318","-97.040428","0","160.7"
"8/28/2026 4:21:27 AM","32.962318","-97.040428","0","160.7"
"8/28/2026 4:21:28 AM","32.962318","-97.040413","0","160.7"
"8/28/2026 4:21:29 AM","32.962318","-97.040413","0","160.7"
"8/28/2026 4:21:30 AM","32.962318","-97.040413","0","160.6"
"8/28/2026 4:21:31 AM","32.962318","-97.040413","0","160.6"
"8/28/2026 4:21:32 AM","32.962322","-97.040413","0","160.6"
"8/28/2026 4:21:33 AM","32.962322","-97.040413","0","160.6"
"8/28/2026 4:21:34 AM","32.962322","-97.040413","0","160.6"
"8/28/2026 4:21:35 AM","32.962318","-97.040413","3.316","160.6"
"8/28/2026 4:21:36 AM","32.962299","-97.040428","6.182","160.6"
"8/28/2026 4:21:37 AM","32.962273","-97.040443","8.622","160.5"
"8/28/2026 4:21:38 AM","32.962231","-97.040459","9.567","160.4"
"8/28/2026 4:21:39 AM","32.962185","-97.040482","10.758","160.3"
"8/28/2026 4:21:40 AM","32.962135","-97.040459","11.3","160.2"
"8/28/2026 4:21:41 AM","32.962086","-97.040428","11.92","159"
"8/28/2026 4:21:42 AM","32.96204","-97.040382","14.752","158.5"
"8/28/2026 4:21:43 AM","32.961987","-97.040314","17.992","158.1"
"8/28/2026 4:21:44 AM","32.961929","-97.040237","19.808","157.7"
"8/28/2026 4:21:45 AM","32.961861","-97.040154","21.289","157.5"
"8/28/2026 4:21:46 AM","32.961784","-97.04007","21.604","158.4"
"8/28/2026 4:21:47 AM","32.961693","-97.040009","21.914","159"
"8/28/2026 4:21:48 AM","32.961597","-97.039955","21.613","160.2"
"8/28/2026 4:21:49 AM","32.961494","-97.03994","22.192","160.9"
"8/28/2026 4:21:50 AM","32.961388","-97.039955","23.348","161"
"8/28/2026 4:21:51 AM","32.961281","-97.039993","25.047","161.3"
"8/28/2026 4:21:52 AM","32.961163","-97.040039","27.737","161.4"
"8/28/2026 4:21:53 AM","32.961025","-97.040085","30.938","161.9"
"8/28/2026 4:21:54 AM","32.960884","-97.040154","33.249","162.3"
"8/28/2026 4:21:55 AM","32.960732","-97.040199","35.211","162.7"
"8/28/2026 4:21:56 AM","32.960564","-97.040268","37.049","163.2"
"8/28/2026 4:21:57 AM","32.960388","-97.040314","39.098","163.6"
"8/28/2026 4:21:58 AM","32.960213","-97.040382","40.393","163.9"
"8/28/2026 4:21:59 AM","32.96003","-97.040459","41.522","163.2"
"8/28/2026 4:22:00 AM","32.959839","-97.040527","42.62","163.1"
"8/28/2026 4:22:01 AM","32.959644","-97.040596","43.351","162.9"
"8/28/2026 4:22:02 AM","32.95945","-97.040657","43.692","162.8"
"8/28/2026 4:22:03 AM","32.959251","-97.040741","43.922","162.7"
"8/28/2026 4:22:04 AM","32.959053","-97.040802","44.1","162.6"
"8/28/2026 4:22:05 AM","32.958858","-97.040871","44.125","162.6"
"8/28/2026 4:22:06 AM","32.95866","-97.040947","44.101","162.6"
"8/28/2026 4:22:07 AM","32.958462","-97.041016","44.061","162.8"
"8/28/2026 4:22:08 AM","32.958267","-97.041084","43.988","163"
"8/28/2026 4:22:09 AM","32.958073","-97.041161","43.721","163.2"
"8/28/2026 4:22:10 AM","32.957882","-97.041229","43.313","163.4"
"8/28/2026 4:22:11 AM","32.957687","-97.04129","42.486","163.6"
"8/28/2026 4:22:12 AM","32.957504","-97.041359","41.802","163.7"
"8/28/2026 4:22:13 AM","32.957317","-97.04142","41.304","163.8"
"8/28/2026 4:22:14 AM","32.957134","-97.041489","40.669","163.8"
"8/28/2026 4:22:15 AM","32.956955","-97.041534","39.986","164"
"8/28/2026 4:22:16 AM","32.956776","-97.041603","39.312","164.1"
"8/28/2026 4:22:17 AM","32.9566","-97.041649","38.44","164.3"
"8/28/2026 4:22:18 AM","32.956432","-97.041702","37.538","164.3"
"8/28/2026 4:22:19 AM","32.956264","-97.041733","36.45","164.4"
"8/28/2026 4:22:20 AM","32.956104","-97.041763","34.818","164.4"
"8/28/2026 4:22:21 AM","32.955952","-97.041779","32.189","164.6"
"8/28/2026 4:22:22 AM","32.955814","-97.041794","29.321","164.8"
"8/28/2026 4:22:23 AM","32.955692","-97.041817","24.897","164.7"
"8/28/2026 4:22:24 AM","32.955582","-97.041817","22.814","164.9"
"8/28/2026 4:22:25 AM","32.955494","-97.041832","18.161","165.1"
"8/28/2026 4:22:26 AM","32.955421","-97.041832","16.008","165.2"
"8/28/2026 4:22:27 AM","32.95536","-97.041832","11.053","165.2"
"8/28/2026 4:22:28 AM","32.955322","-97.041832","7.762","164.6"
"8/28/2026 4:22:29 AM","32.955303","-97.041832","3.311","164.2"
"8/28/2026 4:22:30 AM","32.955296","-97.041832","2.098","164.3"
"8/28/2026 4:22:31 AM","32.955296","-97.041832","0","164.2"
"8/28/2026 4:22:32 AM","32.955296","-97.041832","0","164.2"
"8/28/2026 4:22:33 AM","32.955296","-97.041832","0","164.2"
"8/28/2026 4:22:34 AM","32.955299","-97.041832","0","164.2"
"8/28/2026 4:22:35 AM","32.955296","-97.041832","0","164.2"
"8/28/2026 4:22:36 AM","32.955288","-97.041832","5.019","164.2"
"8/28/2026 4:22:37 AM","32.955257","-97.041832","9.164","164.5"
"8/28/2026 4:22:38 AM","32.955212","-97.041832","10.539","164.5"
"8/28/2026 4:22:39 AM","32.955158","-97.041817","12.235","164.7"
"8/28/2026 4:22:40 AM","32.955105","-97.041794","12.236","164.6"
"8/28/2026 4:22:41 AM","32.955063","-97.041748","12.716","164.2"
"8/28/2026 4:22:42 AM","32.955025","-97.041702","13.708","163.9"
"8/28/2026 4:22:43 AM","32.955002","-97.041618","15.509","164"
"8/28/2026 4:22:44 AM","32.954994","-97.041519","17.662","164.2"
"8/28/2026 4:22:45 AM","32.95499","-97.04142","18.555","164.9"
"8/28/2026 4:22:46 AM","32.95499","-97.041306","20.406","165.5"
"8/28/2026 4:22:47 AM","32.954994","-97.041191","21.56","166.7"
"8/28/2026 4:22:48 AM","32.954994","-97.041061","23.02","167.5"
"8/28/2026 4:22:49 AM","32.954994","-97.040932","24.482","168.3"
"8/28/2026 4:22:50 AM","32.954994","-97.040787","25.95","169.2"
"8/28/2026 4:22:51 AM","32.95499","-97.040642","27.226","170.1"
"8/28/2026 4:22:52 AM","32.95499","-97.040482","28.914","170.8"
"8/28/2026 4:22:53 AM","32.954983","-97.040298","31.034","171.2"
"8/28/2026 4:22:54 AM","32.954979","-97.040123","31.955","171.3"
"8/28/2026 4:22:55 AM","32.954975","-97.03994","33.415","171.2"
"8/28/2026 4:22:56 AM","32.954971","-97.039749","34.936","170.9"
"8/28/2026 4:22:57 AM","32.954967","-97.039551","36.03","170.3"
"8/28/2026 4:22:58 AM","32.95496","-97.039352","36.592","169.3"
"8/28/2026 4:22:59 AM","32.95496","-97.039146","37.066","168"
"8/28/2026 4:23:00 AM","32.954952","-97.038933","37.585","166.5"
"8/28/2026 4:23:01 AM","32.954952","-97.038734","37.81","165.1"
"8/28/2026 4:23:02 AM","32.954948","-97.038528","37.79","163.9"
"8/28/2026 4:23:03 AM","32.954941","-97.038315","36.954","163.2"
"8/28/2026 4:23:04 AM","32.954941","-97.038116","37.5","162.6"
"8/28/2026 4:23:05 AM","32.954937","-97.037926","34.881","162.3"
"8/28/2026 4:23:06 AM","32.954941","-97.037727","34.115","162.1"
"8/28/2026 4:23:07 AM","32.954952","-97.037552","34.057","161.7"
"8/28/2026 4:23:08 AM","32.954983","-97.037354","33.661","161.3"
"8/28/2026 4:23:09 AM","32.955021","-97.037178","33.218","160.4"
"8/28/2026 4:23:10 AM","32.955055","-97.036995","33.345","159.8"
"8/28/2026 4:23:11 AM","32.95507","-97.036819","32.692","159.3"
"8/28/2026 4:23:12 AM","32.95507","-97.036636","32.765","158.9"
"8/28/2026 4:23:13 AM","32.95507","-97.036461","31.944","158.8"
"8/28/2026 4:23:14 AM","32.955067","-97.036278","32.1","158.9"
"8/28/2026 4:23:15 AM","32.955059","-97.036102","32.741","159.1"
"8/28/2026 4:23:16 AM","32.955051","-97.035919","33.367","159.4"
"8/28/2026 4:23:17 AM","32.955044","-97.035744","34.284","159.5"
"8/28/2026 4:23:18 AM","32.95504","-97.035545","35.283","159.6"
"8/28/2026 4:23:19 AM","32.955036","-97.035355","35.276","159.6"
"8/28/2026 4:23:20 AM","32.955032","-97.035156","35.572","159.6"
"8/28/2026 4:23:21 AM","32.955025","-97.034958","34.084","159.5"
"8/28/2026 4:23:22 AM","32.955021","-97.034782","33.596","159.4"
"8/28/2026 4:23:23 AM","32.955013","-97.034599","33.854","159.3"
"8/28/2026 4:23:24 AM","32.955002","-97.034409","34.393","159.3"
"8/28/2026 4:23:25 AM","32.95499","-97.03421","34.648","159.2"
"8/28/2026 4:23:26 AM","32.954983","-97.034035","34.665","159.2"
"8/28/2026 4:23:27 AM","32.954983","-97.033836","35.332","159.4"
"8/28/2026 4:23:28 AM","32.954983","-97.033623","35.99","159.6"
"8/28/2026 4:23:29 AM","32.954983","-97.033432","36.514","159.8"
"8/28/2026 4:23:30 AM","32.95499","-97.033234","36.464","159.9"
"8/28/2026 4:23:31 AM","32.95499","-97.033028","35.797","160.1"
"8/28/2026 4:23:32 AM","32.95499","-97.032829","36.419","160.3"
"8/28/2026 4:23:33 AM","32.95499","-97.032631","35.154","160.5"
"8/28/2026 4:23:34 AM","32.95499","-97.03244","34.507","160.7"
"8/28/2026 4:23:35 AM","32.95499","-97.032257","33.91","160.8"
"8/28/2026 4:23:36 AM","32.954983","-97.032066","33.717","161"
"8/28/2026 4:23:37 AM","32.954983","-97.031883","33.659","161.2"
"8/28/2026 4:23:38 AM","32.954983","-97.031693","33.654","161.4"
"8/28/2026 4:23:39 AM","32.95499","-97.031509","33.861","161.6"
"8/28/2026 4:23:40 AM","32.954983","-97.031334","33.843","161.8"
"8/28/2026 4:23:41 AM","32.954983","-97.031136","33.239","161.8"
"8/28/2026 4:23:42 AM","32.954979","-97.03096","32.473","161.8"
"8/28/2026 4:23:43 AM","32.954979","-97.030777","31.66","162.1"
"8/28/2026 4:23:44 AM","32.954979","-97.030617","30.614","162"
"8/28/2026 4:23:45 AM","32.954975","-97.030449","29.053","162"
"8/28/2026 4:23:46 AM","32.954971","-97.030304","25.712","161.9"
"8/28/2026 4:23:47 AM","32.95496","-97.030174","20.812","162"
"8/28/2026 4:23:48 AM","32.954948","-97.030075","17.388","161.9"
"8/28/2026 4:23:49 AM","32.954941","-97.029999","14.757","161.8"
"8/28/2026 4:23:50 AM","32.954941","-97.02993","11.285","161.8"
"8/28/2026 4:23:51 AM","32.954937","-97.029884","8.654","162.7"
"8/28/2026 4:23:52 AM","32.954933","-97.029854","4.181","163"
"8/28/2026 4:23:53 AM","32.954933","-97.029831","3.758","162.8"
"8/28/2026 4:23:54 AM","32.954922","-97.029816","3.293","163"
"8/28/2026 4:23:55 AM","32.954906","-97.029816","3.701","163"
"8/28/2026 4:23:56 AM","32.954891","-97.029816","3.882","163.1"
"8/28/2026 4:23:57 AM","32.954872","-97.029816","5.066","163.2"
"8/28/2026 4:23:58 AM","32.954845","-97.029816","5.678","163.1"
"8/28/2026 4:23:59 AM","32.954823","-97.029831","6.989","163.1"
"8/28/2026 4:24:00 AM","32.954792","-97.029869","7.426","163.2"
"8/28/2026 4:24:01 AM","32.954765","-97.0299","7.939","163.1"
"8/28/2026 4:24:02 AM","32.954739","-97.029915","8.148","163"
"8/28/2026 4:24:03 AM","32.954708","-97.029945","7.771","163.1"
"8/28/2026 4:24:04 AM","32.954674","-97.029961","8.13","163.3"
"8/28/2026 4:24:05 AM","32.954636","-97.029984","8.574","163.4"
"8/28/2026 4:24:06 AM","32.95459","-97.029984","9.769","163.4"
"8/28/2026 4:24:07 AM","32.954536","-97.029984","11.327","163.5"
"8/28/2026 4:24:08 AM","32.954479","-97.029984","12.71","163.5"
"8/28/2026 4:24:09 AM","32.954418","-97.029999","13.716","163.5"
"8/28/2026 4:24:10 AM","32.95435","-97.029999","15.094","163.5"
"8/28/2026 4:24:11 AM","32.954277","-97.029999","16.136","163.6"
"8/28/2026 4:24:12 AM","32.954201","-97.029999","16.64","163.6"
"8/28/2026 4:24:13 AM","32.954121","-97.029999","17.2","163.5"
"8/28/2026 4:24:14 AM","32.954041","-97.030014","17.99","163.4"
"8/28/2026 4:24:15 AM","32.953957","-97.030014","18.592","163.2"
"8/28/2026 4:24:16 AM","32.953869","-97.030029","18.548","163.2"
"8/28/2026 4:24:17 AM","32.953781","-97.030029","18.301","163.1"
"8/28/2026 4:24:18 AM","32.953693","-97.030014","17.963","163.1"
"8/28/2026 4:24:19 AM","32.953613","-97.030014","17.158","163"
"8/28/2026 4:24:20 AM","32.953541","-97.029999","15.08","162.9"
"8/28/2026 4:24:21 AM","32.953476","-97.029984","13.002","162.9"
"8/28/2026 4:24:22 AM","32.953419","-97.029961","11.153","163"
"8/28/2026 4:24:23 AM","32.953373","-97.029961","8.669","162.9"
"8/28/2026 4:24:24 AM","32.953346","-97.029961","4.733","162.8"
"8/28/2026 4:24:25 AM","32.953327","-97.029961","3.688","162.6"
"8/28/2026 4:24:26 AM","32.953316","-97.029961","2.161","162.5"
"8/28/2026 4:24:27 AM","32.953308","-97.029961","2.191","162.3"
"8/28/2026 4:24:28 AM","32.9533","-97.029984","2.923","162.1"
"8/28/2026 4:24:29 AM","32.953293","-97.029984","3.942","162.1"
"8/28/2026 4:24:30 AM","32.953281","-97.030014","4.961","162"
"8/28/2026 4:24:31 AM","32.95327","-97.030029","5.266","162"
"8/28/2026 4:24:32 AM","32.95327","-97.03006","6.427","162"
"8/28/2026 4:24:33 AM","32.95327","-97.030113","6.807","162.1"
"8/28/2026 4:24:34 AM","32.953274","-97.030144","6.838","162"
"8/28/2026 4:24:35 AM","32.953274","-97.030174","5.637","162"
"8/28/2026 4:24:36 AM","32.953274","-97.03019","3.239","162.1"
"8/28/2026 4:24:37 AM","32.953274","-97.030205","1.986","162.1"
"8/28/2026 4:24:38 AM","32.953274","-97.030228","2.419","162.1"
"8/28/2026 4:24:39 AM","32.953274","-97.030243","4.225","162.1"
"8/28/2026 4:24:40 AM","32.953262","-97.030273","6.279","162.1"
"8/28/2026 4:24:41 AM","32.953243","-97.030304","7.557","162.1"
"8/28/2026 4:24:42 AM","32.953209","-97.030342","8.703","162"
"8/28/2026 4:24:43 AM","32.953171","-97.030357","8.772","162"
"8/28/2026 4:24:44 AM","32.953129","-97.030373","9.344","161.7"
"8/28/2026 4:24:45 AM","32.953083","-97.030373","10.019","161.5"
"8/28/2026 4:24:46 AM","32.953041","-97.030373","10.065","161.6"
"8/28/2026 4:24:47 AM","32.952991","-97.030373","9.891","161.1"
"8/28/2026 4:24:48 AM","32.95295","-97.030373","9.447","161.1"
"8/28/2026 4:24:49 AM","32.952904","-97.030373","9.019","161"
"8/28/2026 4:24:50 AM","32.952866","-97.030388","8.784","161"
"8/28/2026 4:24:51 AM","32.952824","-97.030388","8.985","161"
"8/28/2026 4:24:52 AM","32.952782","-97.030373","9.257","161"
"8/28/2026 4:24:53 AM","32.95274","-97.030373","10.089","161"
"8/28/2026 4:24:54 AM","32.95269","-97.030373","11.077","161"
"8/28/2026 4:24:55 AM","32.952637","-97.030373","10.765","161"
"8/28/2026 4:24:56 AM","32.952591","-97.030373","9.972","161.1"
"8/28/2026 4:24:57 AM","32.952549","-97.030373","9.389","161.2"
"8/28/2026 4:24:58 AM","32.952507","-97.030373","8.846","161.1"
"8/28/2026 4:24:59 AM","32.952465","-97.030373","8.61","161.1"
"8/28/2026 4:25:00 AM","32.952427","-97.030373","9.651","161.1"
"8/28/2026 4:25:01 AM","32.952377","-97.030373","10.615","161.1"
"8/28/2026 4:25:02 AM","32.952324","-97.030373","10.808","161.1"
"8/28/2026 4:25:03 AM","32.952271","-97.030373","11.425","161.1"
"8/28/2026 4:25:04 AM","32.952217","-97.030373","11.828","161.1"
"8/28/2026 4:25:05 AM","32.95216","-97.030373","11.503","161.3"
"8/28/2026 4:25:06 AM","32.952103","-97.030373","10.834","161.4"
"8/28/2026 4:25:07 AM","32.952053","-97.030373","10.067","161.5"
"8/28/2026 4:25:08 AM","32.952015","-97.030373","8.808","161.5"
"8/28/2026 4:25:09 AM","32.951981","-97.030373","6.305","161.6"
"8/28/2026 4:25:10 AM","32.951954","-97.030388","4.923","161.7"
"8/28/2026 4:25:11 AM","32.951939","-97.030388","4.3","161.7"
"8/28/2026 4:25:12 AM","32.951916","-97.030373","3.652","161.8"
"8/28/2026 4:25:13 AM","32.951904","-97.030373","2.176","161.8"
"8/28/2026 4:25:14 AM","32.9519","-97.030373","0","161.8"
"8/28/2026 4:25:15 AM","32.9519","-97.030373","0","161.8"
"8/28/2026 4:25:16 AM","32.9519","-97.030373","0","161.9"
"8/28/2026 4:25:17 AM","32.9519","-97.030388","0","161.9"
"8/28/2026 4:25:18 AM","32.9519","-97.030388","0","161.9"
"8/28/2026 4:25:19 AM","32.9519","-97.030388","0","161.9"
"8/28/2026 4:25:20 AM","32.9519","-97.030388","0","162"
"8/28/2026 4:25:21 AM","32.9519","-97.030388","0","161.9"
"8/28/2026 4:25:22 AM","32.9519","-97.030388","0","162"
"8/28/2026 4:25:23 AM","32.951904","-97.030388","0","162"
"8/28/2026 4:25:24 AM","32.951904","-97.030388","0","162"
"8/28/2026 4:25:25 AM","32.951904","-97.030388","0","162.1"
"8/28/2026 4:25:26 AM","32.951904","-97.030388","0","162.1"
"8/28/2026 4:25:27 AM","32.951904","-97.030388","0","162.1"
"8/28/2026 4:25:28 AM","32.951904","-97.030388","0","162.2"
"8/28/2026 4:25:29 AM","32.951904","-97.030388","0","162.2"
"8/28/2026 4:25:30 AM","32.951904","-97.030388","0","162.3"
"8/28/2026 4:25:31 AM","32.951904","-97.030388","0","162.3"
"8/28/2026 4:25:32 AM","32.951908","-97.030388","0","162.3"
"8/28/2026 4:25:33 AM","32.951908","-97.030388","0","162.4"
"8/28/2026 4:25:34 AM","32.951908","-97.030388","0","162.4"
"8/28/2026 4:25:35 AM","32.951908","-97.030388","0","162.4"
"8/28/2026 4:25:36 AM","32.951908","-97.030388","0","162.4"
"8/28/2026 4:25:37 AM","32.951908","-97.030388","0","162.5"
"8/28/2026 4:25:38 AM","32.951908","-97.030388","0","162.5"
"8/28/2026 4:25:39 AM","32.951908","-97.030388","0","162.6"
"8/28/2026 4:25:40 AM","32.951908","-97.030388","0","162.6"
"8/28/2026 4:25:41 AM","32.951908","-97.030388","0","162.6"
"8/28/2026 4:25:42 AM","32.951908","-97.030388","0","162.6"
"8/28/2026 4:25:43 AM","32.951908","-97.030388","0","162.7"
"8/28/2026 4:25:44 AM","32.951908","-97.030388","0","162.7"
"8/28/2026 4:25:45 AM","32.951908","-97.030388","0","162.8"
"8/28/2026 4:25:46 AM","32.951908","-97.030388","0","162.8"
"8/28/2026 4:25:47 AM","32.951908","-97.030388","0","162.8"
"8/28/2026 4:25:48 AM","32.951908","-97.030388","0","162.8"
"8/28/2026 4:25:49 AM","32.951908","-97.030388","0","162.8"
"8/28/2026 4:25:50 AM","32.951908","-97.030388","0","162.9"
"8/28/2026 4:25:51 AM","32.951908","-97.030388","0","162.9"
"8/28/2026 4:25:52 AM","32.951908","-97.030388","0","162.9"
"8/28/2026 4:25:53 AM","32.951912","-97.030388","0","163"
"8/28/2026 4:25:54 AM","32.951912","-97.030388","0","163"
"8/28/2026 4:25:55 AM","32.951912","-97.030388","0","163"
"8/28/2026 4:25:56 AM","32.951912","-97.030388","0","163"
"8/28/2026 4:25:57 AM","32.951916","-97.030388","0","163"
"8/28/2026 4:25:58 AM","32.951916","-97.030388","0","163"
"8/28/2026 4:25:59 AM","32.951916","-97.030388","0","163"
"8/28/2026 4:26:00 AM","32.951916","-97.030388","0","163"
"8/28/2026 4:26:01 AM","32.951916","-97.030388","0","163"
"8/28/2026 4:26:02 AM","32.951916","-97.030388","0","163"
"8/28/2026 4:26:03 AM","32.951916","-97.030388","0","163"
"8/28/2026 4:26:04 AM","32.951916","-97.030388","0","163"
"8/28/2026 4:26:05 AM","32.95192","-97.030388","0","163"
"8/28/2026 4:26:06 AM","32.95192","-97.030388","0","163"
"8/28/2026 4:26:07 AM","32.95192","-97.030388","0","163"
"8/28/2026 4:26:08 AM","32.95192","-97.030388","0","163.1"
"8/28/2026 4:26:09 AM","32.95192","-97.030388","0","163"
"8/28/2026 4:26:10 AM","32.951923","-97.030388","0","163"
"8/28/2026 4:26:11 AM","32.951923","-97.030388","0","163"
"8/28/2026 4:26:12 AM","32.951923","-97.030388","0","163"
"8/28/2026 4:26:13 AM","32.951923","-97.030388","0","163"
"8/28/2026 4:26:14 AM","32.951923","-97.030388","0","163"
"8/28/2026 4:26:15 AM","32.951923","-97.030388","0","163.1"
"8/28/2026 4:26:16 AM","32.951923","-97.030388","0","163.1"
"8/28/2026 4:26:17 AM","32.951923","-97.030388","0","163.1"
"8/28/2026 4:26:18 AM","32.951923","-97.030388","0","163.1"
"8/28/2026 4:26:19 AM","32.951923","-97.030388","0","163.1"
"8/28/2026 4:26:20 AM","32.951923","-97.030388","0","163.1"
"8/28/2026 4:26:21 AM","32.951923","-97.030388","0","163.1"
"8/28/2026 4:26:22 AM","32.951923","-97.030388","0","163.1"
"8/28/2026 4:26:23 AM","32.951923","-97.030388","0","163.1"
"8/28/2026 4:26:24 AM","32.951923","-97.030388","0","163.1"
"8/28/2026 4:26:25 AM","32.951923","-97.030388","0","163.1"
"8/28/2026 4:26:26 AM","32.951923","-97.030388","0","163.1"
"8/28/2026 4:26:27 AM","32.951923","-97.030388","1.577","163.1"
"8/28/2026 4:26:28 AM","32.951916","-97.030388","5.066","163.1"
"8/28/2026 4:26:29 AM","32.951889","-97.030388","5.729","163.2"
"8/28/2026 4:26:30 AM","32.951851","-97.030388","6.672","163.1"
"8/28/2026 4:26:31 AM","32.95182","-97.030388","6.683","163"
"8/28/2026 4:26:32 AM","32.951782","-97.030388","7.947","163"
"8/28/2026 4:26:33 AM","32.95174","-97.030388","9.176","163"
"8/28/2026 4:26:34 AM","32.951706","-97.030388","5.594","163"
"8/28/2026 4:26:35 AM","32.951683","-97.030388","4.181","163"
"8/28/2026 4:26:36 AM","32.951668","-97.030388","1.996","163.1"
"8/28/2026 4:26:37 AM","32.95166","-97.030388","0","163.3"
"8/28/2026 4:26:38 AM","32.95166","-97.030388","0","163.2"
"8/28/2026 4:26:39 AM","32.95166","-97.030388","0","163.2"
"8/28/2026 4:26:40 AM","32.95166","-97.030388","0","163.2"
"8/28/2026 4:26:41 AM","32.95166","-97.030388","0","163.2"
"8/28/2026 4:26:42 AM","32.95166","-97.030388","0","163.2"
"8/28/2026 4:26:43 AM","32.95166","-97.030388","0","163.2"
"8/28/2026 4:26:44 AM","32.95166","-97.030388","0","163.2"
"8/28/2026 4:26:45 AM","32.95166","-97.030388","0","163.2"
"8/28/2026 4:26:46 AM","32.95166","-97.030388","0","163.2"
"8/28/2026 4:26:47 AM","32.95166","-97.030388","0","163.1"
"8/28/2026 4:26:48 AM","32.95166","-97.030388","0","163.1"
"8/28/2026 4:26:49 AM","32.95166","-97.030388","0","163.1"
"8/28/2026 4:26:50 AM","32.95166","-97.030388","0","163"
"8/28/2026 4:26:51 AM","32.95166","-97.030388","0","163"
"8/28/2026 4:26:52 AM","32.95166","-97.030388","0","162.9"
"8/28/2026 4:26:53 AM","32.95166","-97.030388","0","162.9"
"8/28/2026 4:26:54 AM","32.95166","-97.030388","0","162.9"
"8/28/2026 4:26:55 AM","32.95166","-97.030388","0","162.8"
"8/28/2026 4:26:56 AM","32.95166","-97.030388","0","162.8"
"8/28/2026 4:26:57 AM","32.95166","-97.030388","0","162.8"
"8/28/2026 4:26:58 AM","32.95166","-97.030388","0","162.7"
"8/28/2026 4:26:59 AM","32.95166","-97.030388","0","162.7"
"8/28/2026 4:27:00 AM","32.95166","-97.030388","0","162.7"
"8/28/2026 4:27:01 AM","32.951656","-97.030388","0","162.7"
"8/28/2026 4:27:02 AM","32.951656","-97.030388","0","162.7"
"8/28/2026 4:27:03 AM","32.951656","-97.030388","0","162.7"
"8/28/2026 4:27:04 AM","32.951656","-97.030388","0","162.6"
"8/28/2026 4:27:05 AM","32.951656","-97.030388","0","162.6"
"8/28/2026 4:27:06 AM","32.951656","-97.030388","0","162.6"
"8/28/2026 4:27:07 AM","32.951653","-97.030388","1.096","162.6"
"8/28/2026 4:27:08 AM","32.951645","-97.030388","1.578","162.6"
"8/28/2026 4:27:09 AM","32.951637","-97.030388","2.25","162.6"
"8/28/2026 4:27:10 AM","32.951622","-97.030388","2.079","162.7"
"8/28/2026 4:27:11 AM","32.951611","-97.030388","2.155","162.7"
"8/28/2026 4:27:12 AM","32.951599","-97.030388","2.488","162.7"
"8/28/2026 4:27:13 AM","32.951588","-97.030388","2.535","162.8"
"8/28/2026 4:27:14 AM","32.951576","-97.030388","2.77","162.7"
"8/28/2026 4:27:15 AM","32.951561","-97.030388","2.993","162.8"
"8/28/2026 4:27:16 AM","32.95155","-97.030388","3.041","162.9"
"8/28/2026 4:27:17 AM","32.951538","-97.030388","3.042","162.9"
"8/28/2026 4:27:18 AM","32.951527","-97.030388","2.303","162.9"
"8/28/2026 4:27:19 AM","32.951519","-97.030388","1.34","162.9"
"8/28/2026 4:27:20 AM","32.951515","-97.030388","0","162.9"
"8/28/2026 4:27:21 AM","32.951511","-97.030388","0","162.9"
"8/28/2026 4:27:22 AM","32.951511","-97.030388","0","162.9"
"8/28/2026 4:27:23 AM","32.951511","-97.030388","0","162.9"
"8/28/2026 4:27:24 AM","32.951511","-97.030388","0","162.9"
"8/28/2026 4:27:25 AM","32.951511","-97.030388","0","162.8"
"8/28/2026 4:27:26 AM","32.951511","-97.030388","0","162.8"
"8/28/2026 4:27:27 AM","32.951511","-97.030388","0","162.8"
"8/28/2026 4:27:28 AM","32.951511","-97.030388","0","162.8"
"8/28/2026 4:27:29 AM","32.951511","-97.030388","0","162.8"
"8/28/2026 4:27:30 AM","32.951511","-97.030388","0","162.8"
"8/28/2026 4:27:31 AM","32.951511","-97.030388","0","162.8"
"8/28/2026 4:27:32 AM","32.951511","-97.030388","0","162.8"
"8/28/2026 4:27:33 AM","32.951511","-97.030388","0","162.9"
"8/28/2026 4:27:34 AM","32.951511","-97.030388","0","162.9"
"8/28/2026 4:27:35 AM","32.951504","-97.030388","0","162.9"
"8/28/2026 4:27:36 AM","32.951504","-97.030388","0","162.9"
"8/28/2026 4:27:37 AM","32.951504","-97.030388","0","162.9"
"8/28/2026 4:27:38 AM","32.951504","-97.030388","0","162.9"
"8/28/2026 4:27:39 AM","32.951504","-97.030388","0","162.9"
"8/28/2026 4:27:40 AM","32.951504","-97.030388","0","162.9"
"8/28/2026 4:27:41 AM","32.951504","-97.030388","0","162.9"
"8/28/2026 4:27:42 AM","32.951504","-97.030388","0","162.9"
"8/28/2026 4:27:43 AM","32.951504","-97.030388","0","162.9"
"8/28/2026 4:27:44 AM","32.951504","-97.030388","0","162.9"
"8/28/2026 4:27:45 AM","32.951504","-97.030388","0","162.9"
"8/28/2026 4:27:46 AM","32.951504","-97.030388","0","162.8"
"8/28/2026 4:27:47 AM","32.951504","-97.030388","0","162.9"
"8/28/2026 4:27:48 AM","32.951504","-97.030388","0","162.8"
"8/28/2026 4:27:49 AM","32.951504","-97.030388","0","162.8"
"8/28/2026 4:27:50 AM","32.951504","-97.030388","0","162.8"
"8/28/2026 4:27:51 AM","32.951504","-97.030388","0","162.8"
"8/28/2026 4:27:52 AM","32.951504","-97.030388","0","162.8"
"8/28/2026 4:27:53 AM","32.951504","-97.030388","0","162.7"
"8/28/2026 4:27:54 AM","32.951504","-97.030388","0","162.7"
"8/28/2026 4:27:55 AM","32.951504","-97.030388","0","162.7"
"8/28/2026 4:27:56 AM","32.951504","-97.030388","0","162.7"
"8/28/2026 4:27:57 AM","32.951511","-97.030388","0","162.6"
"8/28/2026 4:27:58 AM","32.951511","-97.030388","0","162.6"
"8/28/2026 4:27:59 AM","32.951511","-97.030388","0","162.6"
"8/28/2026 4:28:00 AM","32.951511","-97.030388","0","162.6"
"8/28/2026 4:28:01 AM","32.951511","-97.030388","0","162.5"
"8/28/2026 4:28:02 AM","32.951511","-97.030388","0","162.5"
"8/28/2026 4:28:03 AM","32.951511","-97.030388","0","162.5"
"8/28/2026 4:28:04 AM","32.951511","-97.030388","0","162.5"
"8/28/2026 4:28:05 AM","32.951511","-97.030388","0","162.4"
"8/28/2026 4:28:06 AM","32.951511","-97.030388","0","162.4"
"8/28/2026 4:28:07 AM","32.951511","-97.030388","0","162.4"
"8/28/2026 4:28:08 AM","32.951511","-97.030388","0","162.5"
"8/28/2026 4:28:09 AM","32.951511","-97.030388","0","162.4"
"8/28/2026 4:28:10 AM","32.951511","-97.030388","0","162.4"
"8/28/2026 4:28:11 AM","32.951511","-97.030388","0","162.5"
"8/28/2026 4:28:12 AM","32.951511","-97.030388","0","162.5"
"8/28/2026 4:28:13 AM","32.951511","-97.030388","0","162.5"
"8/28/2026 4:28:14 AM","32.951511","-97.030388","0","162.4"
"8/28/2026 4:28:15 AM","32.951511","-97.030388","0","162.4"
"8/28/2026 4:28:16 AM","32.951515","-97.030388","0","162.5"
"8/28/2026 4:28:17 AM","32.951515","-97.030388","0","162.5"
"8/28/2026 4:28:18 AM","32.951515","-97.030388","0","162.5"
"8/28/2026 4:28:19 AM","32.951511","-97.030388","1.44","162.5"
"8/28/2026 4:28:20 AM","32.9515","-97.030388","2.248","162.5"
"8/28/2026 4:28:21 AM","32.951488","-97.030388","2.688","162.6"
"8/28/2026 4:28:22 AM","32.951473","-97.030388","2.98","162.7"
"8/28/2026 4:28:23 AM","32.951462","-97.030388","3.209","162.8"
"8/28/2026 4:28:24 AM","32.951443","-97.030373","3.91","163"
"8/28/2026 4:28:25 AM","32.951424","-97.030373","4.232","163.1"
"8/28/2026 4:28:26 AM","32.951405","-97.030373","4.462","163.2"
"8/28/2026 4:28:27 AM","32.951382","-97.030357","4.265","163.3"
"8/28/2026 4:28:28 AM","32.951363","-97.030357","4.422","163.3"
"8/28/2026 4:28:29 AM","32.951344","-97.030357","4.4","163.4"
"8/28/2026 4:28:30 AM","32.951317","-97.030373","4.453","163.4"
"8/28/2026 4:28:31 AM","32.951298","-97.030373","4.971","163.4"
"8/28/2026 4:28:32 AM","32.951271","-97.030373","5.927","163.3"
"8/28/2026 4:28:33 AM","32.951241","-97.030373","6.667","163.3"
"8/28/2026 4:28:34 AM","32.95121","-97.030373","7.248","163.3"
"8/28/2026 4:28:35 AM","32.951172","-97.030373","7.822","163.3"
"8/28/2026 4:28:36 AM","32.951134","-97.030373","8.084","163.3"
"8/28/2026 4:28:37 AM","32.951096","-97.030373","8.274","163.3"
"8/28/2026 4:28:38 AM","32.951054","-97.030373","8.752","163.3"
"8/28/2026 4:28:39 AM","32.951012","-97.030373","9.399","163.2"
"8/28/2026 4:28:40 AM","32.95097","-97.030373","10.524","163.2"
"8/28/2026 4:28:41 AM","32.950916","-97.030388","10.853","163.1"
"8/28/2026 4:28:42 AM","32.950867","-97.030388","10.785","163.1"
"8/28/2026 4:28:43 AM","32.950817","-97.030388","10.732","163.1"
"8/28/2026 4:28:44 AM","32.950764","-97.030388","11.049","163.1"
"8/28/2026 4:28:45 AM","32.95071","-97.030403","11.256","163.1"
"8/28/2026 4:28:46 AM","32.950661","-97.030403","11.267","163.1"
"8/28/2026 4:28:47 AM","32.950603","-97.030403","11.836","163.1"
"8/28/2026 4:28:48 AM","32.950546","-97.030403","12.109","163.1"
"8/28/2026 4:28:49 AM","32.950485","-97.030403","12.111","163.1"
"8/28/2026 4:28:50 AM","32.950428","-97.030403","12.089","163"
"8/28/2026 4:28:51 AM","32.950371","-97.030403","11.688","162.9"
"8/28/2026 4:28:52 AM","32.950317","-97.030403","10.923","162.9"
"8/28/2026 4:28:53 AM","32.950268","-97.030403","9.363","162.9"
"8/28/2026 4:28:54 AM","32.950237","-97.030403","6.533","162.8"
"8/28/2026 4:28:55 AM","32.950207","-97.030403","4.93","162.7"
"8/28/2026 4:28:56 AM","32.950188","-97.030403","4.859","162.6"
"8/28/2026 4:28:57 AM","32.950169","-97.030388","5.415","162.6"
"8/28/2026 4:28:58 AM","32.950138","-97.030388","6.879","162.5"
"8/28/2026 4:28:59 AM","32.950111","-97.030357","7.956","162.2"
"8/28/2026 4:29:00 AM","32.950085","-97.030319","8.371","161.9"
"8/28/2026 4:29:01 AM","32.950066","-97.030289","8.64","161.5"
"8/28/2026 4:29:02 AM","32.950054","-97.030243","8.601","161.3"
"8/28/2026 4:29:03 AM","32.950047","-97.03019","8.34","161.4"
"8/28/2026 4:29:04 AM","32.95005","-97.030144","7.794","161.5"
"8/28/2026 4:29:05 AM","32.95005","-97.030113","6.211","161.3"
"8/28/2026 4:29:06 AM","32.95005","-97.030075","4.217","162.1"
"8/28/2026 4:29:07 AM","32.95005","-97.03006","2.63","162.3"
"8/28/2026 4:29:08 AM","32.95005","-97.030045","1.965","162.3"
"8/28/2026 4:29:09 AM","32.95005","-97.030029","1.55","162.4"
"8/28/2026 4:29:10 AM","32.95005","-97.030029","0","162.4"
"8/28/2026 4:29:11 AM","32.950054","-97.030029","0","162.4"
"8/28/2026 4:29:12 AM","32.950054","-97.030014","1.195","162.4"
"8/28/2026 4:29:13 AM","32.950058","-97.030014","2.719","162.4"
"8/28/2026 4:29:14 AM","32.950066","-97.029999","5.189","162.3"
"8/28/2026 4:29:15 AM","32.950089","-97.029984","7.457","162.4"
"8/28/2026 4:29:16 AM","32.950127","-97.029961","8.612","162.3"
"8/28/2026 4:29:17 AM","32.950172","-97.029945","10.015","162.3"
"8/28/2026 4:29:18 AM","32.950218","-97.029945","11.02","162.7"
"8/28/2026 4:29:19 AM","32.950275","-97.029945","11.84","163"
"8/28/2026 4:29:20 AM","32.950333","-97.029945","12.483","163"
"8/28/2026 4:29:21 AM","32.950394","-97.029945","13.125","162.9"
"8/28/2026 4:29:22 AM","32.950459","-97.029945","13.31","163"
"8/28/2026 4:29:23 AM","32.95052","-97.029945","12.97","163.1"
"8/28/2026 4:29:24 AM","32.950577","-97.029945","12.052","163.1"
"8/28/2026 4:29:25 AM","32.95063","-97.029961","9.921","163.2"
"8/28/2026 4:29:26 AM","32.950672","-97.029961","7.614","163.2"
"8/28/2026 4:29:27 AM","32.950699","-97.029961","6.89","163"
"8/28/2026 4:29:28 AM","32.950733","-97.029945","6.846","163.3"
"8/28/2026 4:29:29 AM","32.950764","-97.029945","7.764","163.3"
"8/28/2026 4:29:30 AM","32.950802","-97.029945","8.652","163.3"
"8/28/2026 4:29:31 AM","32.950844","-97.029945","8.676","163.3"
"8/28/2026 4:29:32 AM","32.950878","-97.029945","8.278","163.2"
"8/28/2026 4:29:33 AM","32.950916","-97.029945","7.099","163"
"8/28/2026 4:29:34 AM","32.950943","-97.029945","6.501","163"
"8/28/2026 4:29:35 AM","32.950974","-97.029945","6.451","162.9"
"8/28/2026 4:29:36 AM","32.951004","-97.029945","8.002","163"
"8/28/2026 4:29:37 AM","32.951046","-97.029945","9.292","163"
"8/28/2026 4:29:38 AM","32.951092","-97.02993","9.85","162.9"
"8/28/2026 4:29:39 AM","32.951134","-97.02993","9.905","162.6"
"8/28/2026 4:29:40 AM","32.95118","-97.02993","9.501","162.6"
"8/28/2026 4:29:41 AM","32.951221","-97.029915","9.191","162.5"
"8/28/2026 4:29:42 AM","32.95126","-97.029915","8.669","162.6"
"8/28/2026 4:29:43 AM","32.951298","-97.029915","7.615","162.6"
"8/28/2026 4:29:44 AM","32.951332","-97.029915","5.636","162.7"
"8/28/2026 4:29:45 AM","32.951351","-97.029915","4.032","163"
"8/28/2026 4:29:46 AM","32.951366","-97.029915","4.047","163.1"
"8/28/2026 4:29:47 AM","32.951389","-97.029915","3.999","163.2"
"8/28/2026 4:29:48 AM","32.951405","-97.029915","4.207","163.3"
"8/28/2026 4:29:49 AM","32.951424","-97.029915","4.271","163.3"
"8/28/2026 4:29:50 AM","32.95145","-97.029915","4.891","163.4"
"8/28/2026 4:29:51 AM","32.951469","-97.029915","6.021","163.4"
"8/28/2026 4:29:52 AM","32.9515","-97.029915","7.46","163.3"
"8/28/2026 4:29:53 AM","32.951538","-97.029915","8.26","163.3"
"8/28/2026 4:29:54 AM","32.95158","-97.029915","8.584","163.2"
"8/28/2026 4:29:55 AM","32.951614","-97.029915","7.273","163.1"
"8/28/2026 4:29:56 AM","32.951649","-97.029915","4.96","163"
"8/28/2026 4:29:57 AM","32.951672","-97.029915","4.765","162.8"
"8/28/2026 4:29:58 AM","32.951698","-97.0299","4.804","162.7"
"8/28/2026 4:29:59 AM","32.951717","-97.0299","4.805","162.6"
"8/28/2026 4:30:00 AM","32.951736","-97.0299","4.634","162.8"
"8/28/2026 4:30:01 AM","32.951759","-97.0299","3.748","162.8"
"8/28/2026 4:30:02 AM","32.951771","-97.0299","2.178","162.9"
"8/28/2026 4:30:03 AM","32.951775","-97.0299","0","162.9"
"8/28/2026 4:30:04 AM","32.951782","-97.0299","0","162.9"
"8/28/2026 4:30:05 AM","32.951797","-97.0299","5.136","163"
"8/28/2026 4:30:06 AM","32.951828","-97.0299","6.789","163"
"8/28/2026 4:30:07 AM","32.951862","-97.0299","8.363","163.1"
"8/28/2026 4:30:08 AM","32.951904","-97.0299","9.493","163.1"
"8/28/2026 4:30:09 AM","32.95195","-97.0299","9.654","163.1"
"8/28/2026 4:30:10 AM","32.951988","-97.0299","7.445","163"
"8/28/2026 4:30:11 AM","32.952019","-97.0299","4.933","163"
"8/28/2026 4:30:12 AM","32.952038","-97.0299","4.603","162.8"
"8/28/2026 4:30:13 AM","32.952065","-97.029884","4.825","162.7"
"8/28/2026 4:30:14 AM","32.952087","-97.029884","5.989","162.6"
"8/28/2026 4:30:15 AM","32.952122","-97.029884","8.006","162.4"
"8/28/2026 4:30:16 AM","32.95216","-97.029884","9.889","162.4"
"8/28/2026 4:30:17 AM","32.952213","-97.029884","11.565","162.4"
"8/28/2026 4:30:18 AM","32.952271","-97.029884","12.996","162.2"
"8/28/2026 4:30:19 AM","32.952332","-97.029884","13.704","162.3"
"8/28/2026 4:30:20 AM","32.952396","-97.029884","13.359","162.4"
"8/28/2026 4:30:21 AM","32.952457","-97.029884","12.216","162.5"
"8/28/2026 4:30:22 AM","32.952507","-97.029884","8.431","162.7"
"8/28/2026 4:30:23 AM","32.952534","-97.029884","4.608","162.8"
"8/28/2026 4:30:24 AM","32.952553","-97.029884","2.794","162.5"
"8/28/2026 4:30:25 AM","32.952564","-97.029884","2.626","162.3"
"8/28/2026 4:30:26 AM","32.952576","-97.029884","2.622","162.3"
"8/28/2026 4:30:27 AM","32.952591","-97.029884","3.486","161.9"
"8/28/2026 4:30:28 AM","32.952614","-97.029884","5.429","161.9"
"8/28/2026 4:30:29 AM","32.952644","-97.029884","7.991","161.9"
"8/28/2026 4:30:30 AM","32.952686","-97.029884","10.525","161.8"
"8/28/2026 4:30:31 AM","32.952744","-97.029884","12.274","161.7"
"8/28/2026 4:30:32 AM","32.952805","-97.029884","13.438","161.7"
"8/28/2026 4:30:33 AM","32.952869","-97.029884","13.945","161.6"
"8/28/2026 4:30:34 AM","32.952934","-97.029884","14.323","161.6"
"8/28/2026 4:30:35 AM","32.953003","-97.029884","14.117","161.7"
"8/28/2026 4:30:36 AM","32.953064","-97.029884","13.055","161.6"
"8/28/2026 4:30:37 AM","32.953121","-97.029884","10.737","161.5"
"8/28/2026 4:30:38 AM","32.953163","-97.029884","8.151","161.5"
"8/28/2026 4:30:39 AM","32.95319","-97.029884","3.355","161.6"
"8/28/2026 4:30:40 AM","32.953205","-97.029884","2.976","161.5"
"8/28/2026 4:30:41 AM","32.953224","-97.029884","4.058","161.5"
"8/28/2026 4:30:42 AM","32.953247","-97.029884","7.77","161.5"
"8/28/2026 4:30:43 AM","32.953289","-97.029884","9.208","161.5"
"8/28/2026 4:30:44 AM","32.953335","-97.0299","11.295","161.4"
"8/28/2026 4:30:45 AM","32.953392","-97.0299","13.024","161.3"
"8/28/2026 4:30:46 AM","32.953457","-97.0299","14.51","161.1"
"8/28/2026 4:30:47 AM","32.953529","-97.0299","15.337","160.9"
"8/28/2026 4:30:48 AM","32.953602","-97.029915","15.712","160.9"
"8/28/2026 4:30:49 AM","32.953674","-97.02993","15.697","161"
"8/28/2026 4:30:50 AM","32.953747","-97.02993","16.141","161.1"
"8/28/2026 4:30:51 AM","32.953823","-97.029945","16.892","161.3"
"8/28/2026 4:30:52 AM","32.953907","-97.029961","17.726","161.6"
"8/28/2026 4:30:53 AM","32.953991","-97.029961","18.506","161.8"
"8/28/2026 4:30:54 AM","32.954082","-97.029961","18.92","162.1"
"8/28/2026 4:30:55 AM","32.95417","-97.029945","19.461","162.2"
"8/28/2026 4:30:56 AM","32.954266","-97.029945","19.793","162.4"
"8/28/2026 4:30:57 AM","32.954357","-97.029945","19.388","162.4"
"8/28/2026 4:30:58 AM","32.954445","-97.029945","18.789","162.4"
"8/28/2026 4:30:59 AM","32.954529","-97.029945","17.704","162.3"
"8/28/2026 4:31:00 AM","32.954605","-97.02993","15.09","162.3"
"8/28/2026 4:31:01 AM","32.954666","-97.029915","13.608","162.4"
"8/28/2026 4:31:02 AM","32.954716","-97.029869","11.728","162.4"
"8/28/2026 4:31:03 AM","32.954762","-97.029831","10.573","162.5"
"8/28/2026 4:31:04 AM","32.954796","-97.029816","8.85","162.6"
"8/28/2026 4:31:05 AM","32.95483","-97.0298","6.511","163.1"
"8/28/2026 4:31:06 AM","32.954849","-97.029785","3.599","163.3"
"8/28/2026 4:31:07 AM","32.954857","-97.029785","0","163.2"
"8/28/2026 4:31:08 AM","32.954872","-97.029785","0","163.1"
"8/28/2026 4:31:09 AM","32.954887","-97.029785","3.937","163"
"8/28/2026 4:31:10 AM","32.954903","-97.029785","4.519","162.9"
"8/28/2026 4:31:11 AM","32.954929","-97.029785","4.291","162.8"
"8/28/2026 4:31:12 AM","32.954948","-97.029785","5.432","162.5"
"8/28/2026 4:31:13 AM","32.954975","-97.029785","7.036","162.3"
"8/28/2026 4:31:14 AM","32.955013","-97.0298","8.024","162.4"
"8/28/2026 4:31:15 AM","32.955051","-97.029816","8.567","162.6"
"8/28/2026 4:31:16 AM","32.955078","-97.029854","10.024","162.7"
"8/28/2026 4:31:17 AM","32.955097","-97.0299","10.841","162.7"
"8/28/2026 4:31:18 AM","32.955101","-97.029961","11.927","162.8"
"8/28/2026 4:31:19 AM","32.955101","-97.030029","14.25","162.7"
"8/28/2026 4:31:20 AM","32.955097","-97.030113","16.859","162.5"
"8/28/2026 4:31:21 AM","32.955097","-97.030228","19.088","162.3"
"8/28/2026 4:31:22 AM","32.955093","-97.030319","21.209","162.2"
"8/28/2026 4:31:23 AM","32.955093","-97.030449","22.889","162.1"
"8/28/2026 4:31:24 AM","32.955093","-97.030586","24.615","162"
"8/28/2026 4:31:25 AM","32.955093","-97.030731","25.979","161.8"
"8/28/2026 4:31:26 AM","32.955097","-97.030876","27.46","161.5"
"8/28/2026 4:31:27 AM","32.955097","-97.031036","28.689","161.4"
"8/28/2026 4:31:28 AM","32.955097","-97.031204","29.741","161.3"
"8/28/2026 4:31:29 AM","32.955101","-97.031364","30.169","161.2"
"8/28/2026 4:31:30 AM","32.955105","-97.03154","30.879","161.1"
"8/28/2026 4:31:31 AM","32.955105","-97.031708","30.864","161"
"8/28/2026 4:31:32 AM","32.955105","-97.031883","31.159","160.9"
"8/28/2026 4:31:33 AM","32.955112","-97.032051","31.336","160.8"
"8/28/2026 4:31:34 AM","32.955112","-97.032227","31.342","160.6"
"8/28/2026 4:31:35 AM","32.955112","-97.032402","31.369","160.5"
"8/28/2026 4:31:36 AM","32.955116","-97.032585","31.406","160.4"
"8/28/2026 4:31:37 AM","32.955116","-97.032745","31.59","160.2"
"8/28/2026 4:31:38 AM","32.955116","-97.032928","31.867","160.1"
"8/28/2026 4:31:39 AM","32.955112","-97.033104","32.317","160"
"8/28/2026 4:31:40 AM","32.955105","-97.033287","32.806","159.9"
"8/28/2026 4:31:41 AM","32.955105","-97.033463","33.014","159.8"
"8/28/2026 4:31:42 AM","32.955105","-97.033661","33.088","159.8"
"8/28/2026 4:31:43 AM","32.955105","-97.033836","33.342","159.7"
"8/28/2026 4:31:44 AM","32.955105","-97.034019","33.699","159.6"
"8/28/2026 4:31:45 AM","32.955105","-97.03421","34.109","159.6"
"8/28/2026 4:31:46 AM","32.955105","-97.034409","34.346","159.6"
"8/28/2026 4:31:47 AM","32.955112","-97.034584","34.411","159.7"
"8/28/2026 4:31:48 AM","32.955116","-97.034782","34.219","159.8"
"8/28/2026 4:31:49 AM","32.95512","-97.034981","33.984","160"
"8/28/2026 4:31:50 AM","32.95512","-97.035156","33.565","160.1"
"8/28/2026 4:31:51 AM","32.955124","-97.035332","32.881","160.3"
"8/28/2026 4:31:52 AM","32.955124","-97.035515","32.721","160.5"
"8/28/2026 4:31:53 AM","32.955128","-97.03569","32.982","160.5"
"8/28/2026 4:31:54 AM","32.955132","-97.035889","32.658","160.4"
"8/28/2026 4:31:55 AM","32.955135","-97.036064","34.052","160.3"
"8/28/2026 4:31:56 AM","32.955139","-97.036263","34.437","160"
"8/28/2026 4:31:57 AM","32.955143","-97.036446","34.155","159.9"
"8/28/2026 4:31:58 AM","32.955143","-97.036636","33.317","159.9"
"8/28/2026 4:31:59 AM","32.955143","-97.036819","33.973","160"
"8/28/2026 4:32:00 AM","32.955143","-97.03698","31.252","160.2"
"8/28/2026 4:32:01 AM","32.955143","-97.037155","30.18","160.7"
"8/28/2026 4:32:02 AM","32.955139","-97.037323","29.655","161.2"
"8/28/2026 4:32:03 AM","32.955135","-97.037483","29.31","161.8"
"8/28/2026 4:32:04 AM","32.955132","-97.037628","28.812","162.4"
"8/28/2026 4:32:05 AM","32.955128","-97.037796","28.856","163"
"8/28/2026 4:32:06 AM","32.955128","-97.037956","29.621","163.5"
"8/28/2026 4:32:07 AM","32.955128","-97.038116","29.098","163.9"
"8/28/2026 4:32:08 AM","32.955132","-97.0383","31.96","164.3"
"8/28/2026 4:32:09 AM","32.955135","-97.038475","32.649","164.9"
"8/28/2026 4:32:10 AM","32.955135","-97.038658","32.868","165.8"
"8/28/2026 4:32:11 AM","32.955135","-97.038834","32.89","166.9"
"8/28/2026 4:32:12 AM","32.955135","-97.039017","32.885","168.2"
"8/28/2026 4:32:13 AM","32.955135","-97.039192","33.551","169.5"
"8/28/2026 4:32:14 AM","32.955132","-97.039375","33.322","170.8"
"8/28/2026 4:32:15 AM","32.955128","-97.039551","33.283","171.9"
"8/28/2026 4:32:16 AM","32.955128","-97.039726","32.114","172.7"
"8/28/2026 4:32:17 AM","32.955128","-97.039909","32.477","173.4"
"8/28/2026 4:32:18 AM","32.955132","-97.040085","32.546","173.8"
"8/28/2026 4:32:19 AM","32.955135","-97.040268","32.728","174"
"8/28/2026 4:32:20 AM","32.955139","-97.040443","32.676","173.9"
"8/28/2026 4:32:21 AM","32.955143","-97.040627","31.427","173.5"
"8/28/2026 4:32:22 AM","32.955143","-97.040787","30.746","172.9"
"8/28/2026 4:32:23 AM","32.955147","-97.04097","31.196","172.1"
"8/28/2026 4:32:24 AM","32.955151","-97.04113","31.246","171.2"
"8/28/2026 4:32:25 AM","32.955151","-97.041306","30.815","170.2"
"8/28/2026 4:32:26 AM","32.955154","-97.041473","30.133","169.4"
"8/28/2026 4:32:27 AM","32.955158","-97.041634","30.06","168.7"
"8/28/2026 4:32:28 AM","32.955158","-97.041794","29.772","168.2"
"8/28/2026 4:32:29 AM","32.955162","-97.041962","29.762","168"
"8/28/2026 4:32:30 AM","32.955162","-97.042122","30.747","167.8"
"8/28/2026 4:32:31 AM","32.955166","-97.042305","32.014","167.8"
"8/28/2026 4:32:32 AM","32.955173","-97.04248","32.955","167.8"
"8/28/2026 4:32:33 AM","32.955173","-97.042656","33.329","168.2"
"8/28/2026 4:32:34 AM","32.955177","-97.042839","33.706","168.6"
"8/28/2026 4:32:35 AM","32.955181","-97.043037","33.97","169.1"
"8/28/2026 4:32:36 AM","32.955185","-97.043228","34.463","169.7"
"8/28/2026 4:32:37 AM","32.955189","-97.043411","34.834","170.3"
"8/28/2026 4:32:38 AM","32.955189","-97.043602","34.908","170.8"
"8/28/2026 4:32:39 AM","32.955193","-97.0438","34.19","171.4"
"8/28/2026 4:32:40 AM","32.9552","-97.043976","30.197","171.6"
"8/28/2026 4:32:41 AM","32.9552","-97.044121","24.388","171.6"
"8/28/2026 4:32:42 AM","32.955204","-97.044258","21.027","170.9"
"8/28/2026 4:32:43 AM","32.955204","-97.04435","15.626","170.3"
"8/28/2026 4:32:44 AM","32.955208","-97.044434","11.963","169.2"
"8/28/2026 4:32:45 AM","32.955212","-97.044479","8.309","168.5"
"8/28/2026 4:32:46 AM","32.955208","-97.044518","6.367","169.5"
"8/28/2026 4:32:47 AM","32.955208","-97.044548","4.034","169.4"
"8/28/2026 4:32:48 AM","32.955208","-97.044563","2.453","169.3"
"8/28/2026 4:32:49 AM","32.955208","-97.044563","0","169.3"
"8/28/2026 4:32:50 AM","32.955208","-97.044579","0","169.3"
"8/28/2026 4:32:51 AM","32.955208","-97.044563","0","169.3"
"8/28/2026 4:32:52 AM","32.955208","-97.044563","0","169.3"
"8/28/2026 4:32:53 AM","32.955208","-97.044563","0","169.3"
"8/28/2026 4:32:54 AM","32.955208","-97.044563","0","169.3"
"8/28/2026 4:32:55 AM","32.955208","-97.044563","0","169.3"
"8/28/2026 4:32:56 AM","32.955208","-97.044563","0","169.3"
"8/28/2026 4:32:57 AM","32.955208","-97.044563","0","169.3"
"8/28/2026 4:32:58 AM","32.955208","-97.044563","0","169.3"
"8/28/2026 4:32:59 AM","32.955208","-97.044563","0","169.3"
"8/28/2026 4:33:00 AM","32.955208","-97.044563","3.146","169.2"
"8/28/2026 4:33:01 AM","32.955208","-97.044594","6.147","169.3"
"8/28/2026 4:33:02 AM","32.955208","-97.044647","10.677","169.4"
"8/28/2026 4:33:03 AM","32.955212","-97.044708","12.707","169.3"
"8/28/2026 4:33:04 AM","32.955212","-97.044792","17.03","169.4"
"8/28/2026 4:33:05 AM","32.955215","-97.044891","18.808","169.4"
"8/28/2026 4:33:06 AM","32.955215","-97.045006","21.225","169.4"
"8/28/2026 4:33:07 AM","32.955219","-97.04512","23.479","169.3"
"8/28/2026 4:33:08 AM","32.955223","-97.045265","24.912","169.2"
"8/28/2026 4:33:09 AM","32.955223","-97.04541","26.122","169"
"8/28/2026 4:33:10 AM","32.955223","-97.045555","27.218","168.9"
"8/28/2026 4:33:11 AM","32.955227","-97.0457","28.171","168.7"
"8/28/2026 4:33:12 AM","32.955227","-97.045868","29.016","168.6"
"8/28/2026 4:33:13 AM","32.955227","-97.046028","29.57","168.4"
"8/28/2026 4:33:14 AM","32.955235","-97.046188","29.75","168.4"
"8/28/2026 4:33:15 AM","32.955238","-97.046371","29.704","168.3"
"8/28/2026 4:33:16 AM","32.955238","-97.046532","29.461","168.3"
"8/28/2026 4:33:17 AM","32.955242","-97.0467","29.852","168.3"
"8/28/2026 4:33:18 AM","32.955246","-97.046844","28.392","168.3"
"8/28/2026 4:33:19 AM","32.955246","-97.047005","27.058","168.3"
"8/28/2026 4:33:20 AM","32.95525","-97.04715","25.23","168.3"
"8/28/2026 4:33:21 AM","32.955254","-97.047279","22.752","168"
"8/28/2026 4:33:22 AM","32.955254","-97.047394","20.303","167.6"
"8/28/2026 4:33:23 AM","32.955261","-97.047493","18.89","167.4"
"8/28/2026 4:33:24 AM","32.955273","-97.047592","14.632","167.2"
"8/28/2026 4:33:25 AM","32.955284","-97.047653","13.125","167.1"
"8/28/2026 4:33:26 AM","32.955303","-97.047722","10.154","166.8"
"8/28/2026 4:33:27 AM","32.955318","-97.047752","7.736","166.7"
"8/28/2026 4:33:28 AM","32.955326","-97.047783","4.716","166.7"
"8/28/2026 4:33:29 AM","32.955338","-97.047806","2.907","166.6"
"8/28/2026 4:33:30 AM","32.955338","-97.047821","0","166.4"
"8/28/2026 4:33:31 AM","32.955341","-97.047821","0","166.3"
"8/28/2026 4:33:32 AM","32.955341","-97.047821","0","166.3"
"8/28/2026 4:33:33 AM","32.955341","-97.047821","0","166.2"
"8/28/2026 4:33:34 AM","32.955341","-97.047821","0","166.2"
"8/28/2026 4:33:35 AM","32.955341","-97.047821","0","166.2"
"8/28/2026 4:33:36 AM","32.955341","-97.047821","0","166.2"
"8/28/2026 4:33:37 AM","32.955341","-97.047821","0","166.2"
"8/28/2026 4:33:38 AM","32.955338","-97.047821","0","166.1"
"8/28/2026 4:33:39 AM","32.955338","-97.047821","0","166.1"
"8/28/2026 4:33:40 AM","32.955338","-97.047821","0","166.1"
"8/28/2026 4:33:41 AM","32.955338","-97.047821","0","166.1"
"8/28/2026 4:33:42 AM","32.955338","-97.047821","0","166.1"
"8/28/2026 4:33:43 AM","32.955338","-97.047821","0","166.1"
"8/28/2026 4:33:44 AM","32.955338","-97.047821","0","166.1"
"8/28/2026 4:33:45 AM","32.955338","-97.047821","0","166.1"
"8/28/2026 4:33:46 AM","32.955338","-97.047821","0","166"
"8/28/2026 4:33:47 AM","32.955334","-97.047821","0","166"
"8/28/2026 4:33:48 AM","32.955334","-97.047821","0","166"
"8/28/2026 4:33:49 AM","32.955334","-97.047821","0","165.9"
"8/28/2026 4:33:50 AM","32.955334","-97.047821","0","165.9"
"8/28/2026 4:33:51 AM","32.955334","-97.047806","0","165.8"
"8/28/2026 4:33:52 AM","32.955334","-97.047806","0","165.8"
"8/28/2026 4:33:53 AM","32.955334","-97.047806","0","165.7"
"8/28/2026 4:33:54 AM","32.955334","-97.047806","0","165.7"
"8/28/2026 4:33:55 AM","32.95533","-97.047806","0","165.7"
"8/28/2026 4:33:56 AM","32.95533","-97.047806","0","165.6"
"8/28/2026 4:33:57 AM","32.95533","-97.047806","0","165.6"
"8/28/2026 4:33:58 AM","32.95533","-97.047806","0","165.6"
"8/28/2026 4:33:59 AM","32.95533","-97.047806","0","165.5"
"8/28/2026 4:34:00 AM","32.95533","-97.047806","0","165.5"
"8/28/2026 4:34:01 AM","32.95533","-97.047806","0","165.4"
"8/28/2026 4:34:02 AM","32.955334","-97.047806","0","165.4"
"8/28/2026 4:34:03 AM","32.955334","-97.047806","0","165.4"
"8/28/2026 4:34:04 AM","32.955334","-97.047806","0","165.3"
"8/28/2026 4:34:05 AM","32.955334","-97.047806","0","165.3"
"8/28/2026 4:34:06 AM","32.955334","-97.047806","0","165.3"
"8/28/2026 4:34:07 AM","32.955334","-97.047806","0","165.3"
"8/28/2026 4:34:08 AM","32.955334","-97.047806","0","165.3"
"8/28/2026 4:34:09 AM","32.955334","-97.047806","0","165.3"
"8/28/2026 4:34:10 AM","32.955334","-97.047806","0","165.3"
"8/28/2026 4:34:11 AM","32.955334","-97.047806","0","165.3"
"8/28/2026 4:34:12 AM","32.955334","-97.047806","0","165.3"
"8/28/2026 4:34:13 AM","32.955334","-97.047806","0","165.3"
"8/28/2026 4:34:14 AM","32.955334","-97.047806","0","165.3"
"8/28/2026 4:34:15 AM","32.955334","-97.047806","0","165.3"
"8/28/2026 4:34:16 AM","32.955334","-97.047806","0","165.2"
"8/28/2026 4:34:17 AM","32.955334","-97.047806","0","165.2"
"8/28/2026 4:34:18 AM","32.955334","-97.047806","0","165.2"
"8/28/2026 4:34:19 AM","32.955334","-97.047806","1.024","165.2"
"8/28/2026 4:34:20 AM","32.955334","-97.047806","3.197","165.2"
"8/28/2026 4:34:21 AM","32.955345","-97.047836","6.717","165.1"
"8/28/2026 4:34:22 AM","32.955364","-97.047867","8.224","165.2"
"8/28/2026 4:34:23 AM","32.955376","-97.04792","10.128","165.4"
"8/28/2026 4:34:24 AM","32.955387","-97.047981","11.772","165.6"
"8/28/2026 4:34:25 AM","32.955387","-97.04805","13.729","165.6"
"8/28/2026 4:34:26 AM","32.955372","-97.048126","15.482","165.7"
"8/28/2026 4:34:27 AM","32.95533","-97.04821","16.981","165.5"
"8/28/2026 4:34:28 AM","32.955276","-97.048294","18.682","164.9"
"8/28/2026 4:34:29 AM","32.955208","-97.04837","21.181","164.7"
"8/28/2026 4:34:30 AM","32.955135","-97.048454","23.617","164.7"
"8/28/2026 4:34:31 AM","32.955051","-97.048553","25.312","164.3"
"8/28/2026 4:34:32 AM","32.95496","-97.048653","27.477","164.1"
"8/28/2026 4:34:33 AM","32.954861","-97.048759","29","163.9"
"8/28/2026 4:34:34 AM","32.954758","-97.048874","30.733","163.7"
"8/28/2026 4:34:35 AM","32.954651","-97.048988","32.51","163.6"
"8/28/2026 4:34:36 AM","32.954536","-97.049118","34.027","163.7"
"8/28/2026 4:34:37 AM","32.954418","-97.049248","35.295","163.6"
"8/28/2026 4:34:38 AM","32.9543","-97.0494","36.401","163.7"
"8/28/2026 4:34:39 AM","32.954178","-97.049545","37.325","163.7"
"8/28/2026 4:34:40 AM","32.954056","-97.04969","37.959","163.7"
"8/28/2026 4:34:41 AM","32.953926","-97.049835","38.306","163.8"
"8/28/2026 4:34:42 AM","32.953796","-97.04998","38.551","163.8"
"8/28/2026 4:34:43 AM","32.953663","-97.050133","38.621","164.3"
"8/28/2026 4:34:44 AM","32.953533","-97.050293","39.283","164.6"
"8/28/2026 4:34:45 AM","32.953396","-97.050438","39.932","164.9"
"8/28/2026 4:34:46 AM","32.953262","-97.050606","40.597","165.1"
"8/28/2026 4:34:47 AM","32.953129","-97.050766","41.288","165.3"
"8/28/2026 4:34:48 AM","32.952988","-97.050911","41.613","165.5"
"8/28/2026 4:34:49 AM","32.952847","-97.051071","42.018","165.7"
"8/28/2026 4:34:50 AM","32.952702","-97.051239","42.404","165.9"
"8/28/2026 4:34:51 AM","32.95256","-97.051399","42.729","166.1"
"8/28/2026 4:34:52 AM","32.952408","-97.051559","42.731","166.3"
"8/28/2026 4:34:53 AM","32.952263","-97.051727","42.68","166.5"
"8/28/2026 4:34:54 AM","32.952122","-97.051888","42.632","166.9"
"8/28/2026 4:34:55 AM","32.951973","-97.052048","42.615","167.2"
"8/28/2026 4:34:56 AM","32.951832","-97.052216","42.631","167.5"
"8/28/2026 4:34:57 AM","32.951683","-97.052376","42.613","168"
"8/28/2026 4:34:58 AM","32.951538","-97.052521","42.608","168.6"
"8/28/2026 4:34:59 AM","32.951397","-97.052689","42.589","169.2"
"8/28/2026 4:35:00 AM","32.951252","-97.052849","42.569","169.6"
"8/28/2026 4:35:01 AM","32.951107","-97.053009","42.569","169.9"
"8/28/2026 4:35:02 AM","32.950962","-97.053177","42.6","170.3"
"8/28/2026 4:35:03 AM","32.950813","-97.053337","42.779","170.6"
"8/28/2026 4:35:04 AM","32.950668","-97.053497","42.814","170.8"
"8/28/2026 4:35:05 AM","32.950523","-97.053665","43.048","171"
"8/28/2026 4:35:06 AM","32.950375","-97.05381","43.302","171.2"
"8/28/2026 4:35:07 AM","32.95023","-97.05397","43.468","171.5"
"8/28/2026 4:35:08 AM","32.950081","-97.054131","43.094","171.8"
"8/28/2026 4:35:09 AM","32.949936","-97.054298","42.303","172.2"
"8/28/2026 4:35:10 AM","32.949791","-97.054459","41.775","172.6"
"8/28/2026 4:35:11 AM","32.94965","-97.054619","41.522","172.9"
"8/28/2026 4:35:12 AM","32.949512","-97.054771","41.103","173.1"
"8/28/2026 4:35:13 AM","32.949375","-97.054932","40.953","173.2"
"8/28/2026 4:35:14 AM","32.949238","-97.055077","40.263","173.2"
"8/28/2026 4:35:15 AM","32.949104","-97.055244","40.229","173.1"
"8/28/2026 4:35:16 AM","32.948967","-97.055389","40.492","172.9"
"8/28/2026 4:35:17 AM","32.94883","-97.055534","40.989","172.7"
"8/28/2026 4:35:18 AM","32.948689","-97.055695","41.488","172.5"
"8/28/2026 4:35:19 AM","32.948547","-97.05584","42.556","172.4"
"8/28/2026 4:35:20 AM","32.948406","-97.056007","43.556","171.9"
"8/28/2026 4:35:21 AM","32.948254","-97.056168","44.326","171.6"
"8/28/2026 4:35:22 AM","32.948101","-97.056351","45.083","171.2"
"8/28/2026 4:35:23 AM","32.947948","-97.056511","45.586","171"
"8/28/2026 4:35:24 AM","32.947796","-97.056686","45.542","170.9"
"8/28/2026 4:35:25 AM","32.947639","-97.056854","45.047","170.9"
"8/28/2026 4:35:26 AM","32.947487","-97.05703","44.735","171.1"
"8/28/2026 4:35:27 AM","32.947334","-97.057198","44.748","171.5"
"8/28/2026 4:35:28 AM","32.947186","-97.057373","44.768","172"
"8/28/2026 4:35:29 AM","32.947033","-97.057533","44.557","172.5"
"8/28/2026 4:35:30 AM","32.94688","-97.057701","44.311","173"
"8/28/2026 4:35:31 AM","32.946728","-97.057877","44.317","173.1"
"8/28/2026 4:35:32 AM","32.946579","-97.058037","44.555","173.3"
"8/28/2026 4:35:33 AM","32.946423","-97.058205","44.94","173.5"
"8/28/2026 4:35:34 AM","32.946274","-97.05838","45.298","173.6"
"8/28/2026 4:35:35 AM","32.946117","-97.058548","44.927","173.7"
"8/28/2026 4:35:36 AM","32.945965","-97.058708","44.679","173.8"
"8/28/2026 4:35:37 AM","32.945812","-97.058868","45.003","173.8"
"8/28/2026 4:35:38 AM","32.94566","-97.059052","44.995","173.7"
"8/28/2026 4:35:39 AM","32.945503","-97.059212","46.241","173.6"
"8/28/2026 4:35:40 AM","32.945351","-97.059395","47.074","173.4"
"8/28/2026 4:35:41 AM","32.945187","-97.05957","47.533","173.1"
"8/28/2026 4:35:42 AM","32.945026","-97.059746","47.948","172.6"
"8/28/2026 4:35:43 AM","32.944866","-97.059944","48.491","172.1"
"8/28/2026 4:35:44 AM","32.944698","-97.060127","48.942","171.5"
"8/28/2026 4:35:45 AM","32.944534","-97.060303","48.915","170.9"
"8/28/2026 4:35:46 AM","32.94437","-97.060501","48.944","170.1"
"8/28/2026 4:35:47 AM","32.944202","-97.060677","49.171","170.1"
"8/28/2026 4:35:48 AM","32.944035","-97.060875","49.344","168.4"
"8/28/2026 4:35:49 AM","32.943863","-97.06105","49.355","167.9"
"8/28/2026 4:35:50 AM","32.943699","-97.061234","49.36","167.4"
"8/28/2026 4:35:51 AM","32.943531","-97.061424","49.355","167.1"
"8/28/2026 4:35:52 AM","32.943363","-97.061607","48.962","166.9"
"8/28/2026 4:35:53 AM","32.943199","-97.061798","48.362","166.8"
"8/28/2026 4:35:54 AM","32.943043","-97.061981","48.611","166.8"
"8/28/2026 4:35:55 AM","32.94289","-97.062157","45.967","167.1"
"8/28/2026 4:35:56 AM","32.942745","-97.06234","43.867","167.7"
"8/28/2026 4:35:57 AM","32.942616","-97.062515","42.006","168.6"
"8/28/2026 4:35:58 AM","32.942493","-97.062698","40.445","169.3"
"8/28/2026 4:35:59 AM","32.942379","-97.062859","38.994","170.2"
"8/28/2026 4:36:00 AM","32.942272","-97.063034","37.506","171"
"8/28/2026 4:36:01 AM","32.942181","-97.063202","35.928","171.8"
"8/28/2026 4:36:02 AM","32.942093","-97.063362","34.088","172.5"
"8/28/2026 4:36:03 AM","32.942017","-97.063522","32.229","173.2"
"8/28/2026 4:36:04 AM","32.941952","-97.063675","29.648","173.7"
"8/28/2026 4:36:05 AM","32.941891","-97.063805","27.3","174.2"
"8/28/2026 4:36:06 AM","32.941837","-97.063934","25.886","174.8"
"8/28/2026 4:36:07 AM","32.941784","-97.064049","24.383","175.3"
"8/28/2026 4:36:08 AM","32.941746","-97.064163","21.894","175.7"
"8/28/2026 4:36:09 AM","32.941708","-97.064255","17.496","176.2"
"8/28/2026 4:36:10 AM","32.941677","-97.064339","15.514","176.7"
"8/28/2026 4:36:11 AM","32.941658","-97.064407","14.151","176.9"
"8/28/2026 4:36:12 AM","32.941643","-97.064468","11.071","177.1"
"8/28/2026 4:36:13 AM","32.941643","-97.064522","7.441","177.4"
"8/28/2026 4:36:14 AM","32.941654","-97.064552","6.124","177.4"
"8/28/2026 4:36:15 AM","32.941666","-97.064583","4.808","177.2"
"8/28/2026 4:36:16 AM","32.941689","-97.064598","5.151","177.2"
"8/28/2026 4:36:17 AM","32.941715","-97.064613","8.757","177.2"
"8/28/2026 4:36:18 AM","32.941761","-97.064629","10.89","177.5"
"8/28/2026 4:36:19 AM","32.941818","-97.064629","13.337","177.5"
"8/28/2026 4:36:20 AM","32.941891","-97.064629","16.767","177.8"
"8/28/2026 4:36:21 AM","32.941975","-97.064629","18.249","177.8"
"8/28/2026 4:36:22 AM","32.94207","-97.064629","20.908","177.8"
"8/28/2026 4:36:23 AM","32.942177","-97.064629","23.297","177.9"
"8/28/2026 4:36:24 AM","32.942287","-97.064613","24.697","178.1"
"8/28/2026 4:36:25 AM","32.94241","-97.064629","26.64","178.2"
"8/28/2026 4:36:26 AM","32.942543","-97.064629","28.129","178.1"
"8/28/2026 4:36:27 AM","32.94268","-97.064629","29.369","178.2"
"8/28/2026 4:36:28 AM","32.942822","-97.064629","30.496","178.2"
"8/28/2026 4:36:29 AM","32.942966","-97.064629","30.897","178.2"
"8/28/2026 4:36:30 AM","32.943111","-97.064629","31.255","178.3"
"8/28/2026 4:36:31 AM","32.94326","-97.064651","31.888","178.2"
"8/28/2026 4:36:32 AM","32.943409","-97.064651","32.473","178"
"8/28/2026 4:36:33 AM","32.943565","-97.064651","33.162","177.7"
"8/28/2026 4:36:34 AM","32.943722","-97.064651","33.852","177.5"
"8/28/2026 4:36:35 AM","32.943882","-97.064651","34.287","177.2"
"8/28/2026 4:36:36 AM","32.944042","-97.064651","34.265","176.9"
"8/28/2026 4:36:37 AM","32.944202","-97.064651","33.851","176.6"
"8/28/2026 4:36:38 AM","32.944359","-97.064651","33.56","176.2"
"8/28/2026 4:36:39 AM","32.944515","-97.064651","33.362","175.9"
"8/28/2026 4:36:40 AM","32.944668","-97.064651","33.456","175.5"
"8/28/2026 4:36:41 AM","32.944824","-97.064651","32.377","175.3"
"8/28/2026 4:36:42 AM","32.944969","-97.064651","31.77","175.3"
"8/28/2026 4:36:43 AM","32.945118","-97.064629","31.096","175.1"
"8/28/2026 4:36:44 AM","32.945263","-97.064629","30.078","175.1"
"8/28/2026 4:36:45 AM","32.945396","-97.064629","28.712","175.2"
"8/28/2026 4:36:46 AM","32.94553","-97.064629","26.565","175.2"
"8/28/2026 4:36:47 AM","32.945641","-97.064629","23.803","175.2"
"8/28/2026 4:36:48 AM","32.94574","-97.064629","18.188","175.2"
"8/28/2026 4:36:49 AM","32.945816","-97.064651","15.899","174.6"
"8/28/2026 4:36:50 AM","32.945881","-97.064651","14.107","175.8"
"8/28/2026 4:36:51 AM","32.945934","-97.064682","12.954","175.8"
"8/28/2026 4:36:52 AM","32.945972","-97.064728","12.028","175.4"
"8/28/2026 4:36:53 AM","32.945992","-97.064796","11.644","175.2"
"8/28/2026 4:36:54 AM","32.945999","-97.064857","12.055","175.2"
"8/28/2026 4:36:55 AM","32.945999","-97.064926","13.638","175.4"
"8/28/2026 4:36:56 AM","32.945999","-97.06501","15.126","175.8"
"8/28/2026 4:36:57 AM","32.945999","-97.065086","16.64","175.8"
"8/28/2026 4:36:58 AM","32.945995","-97.065186","17.913","175.9"
"8/28/2026 4:36:59 AM","32.945995","-97.0653","19.096","176"
"8/28/2026 4:37:00 AM","32.945995","-97.065399","20.416","176"
"8/28/2026 4:37:01 AM","32.945995","-97.065529","21.896","175.8"
"8/28/2026 4:37:02 AM","32.945992","-97.065643","23.219","175.8"
"8/28/2026 4:37:03 AM","32.945992","-97.065788","24.391","175.7"
"8/28/2026 4:37:04 AM","32.945988","-97.065918","25.374","175.5"
"8/28/2026 4:37:05 AM","32.945988","-97.066063","26.304","175.5"
"8/28/2026 4:37:06 AM","32.945984","-97.066208","27.532","175.3"
"8/28/2026 4:37:07 AM","32.945984","-97.066376","28.665","175"
"8/28/2026 4:37:08 AM","32.94598","-97.066536","29.67","174.8"
"8/28/2026 4:37:09 AM","32.945984","-97.066696","30.559","174.6"
"8/28/2026 4:37:10 AM","32.945984","-97.066879","31.167","174.5"
"8/28/2026 4:37:11 AM","32.945984","-97.067039","31.677","174.4"
"8/28/2026 4:37:12 AM","32.94598","-97.067223","32.159","174.4"
"8/28/2026 4:37:13 AM","32.94598","-97.067398","32.747","174.3"
"8/28/2026 4:37:14 AM","32.94598","-97.067581","32.764","174.3"
"8/28/2026 4:37:15 AM","32.945984","-97.067772","32.727","174.6"
"8/28/2026 4:37:16 AM","32.945984","-97.067955","32.741","174.8"
"8/28/2026 4:37:17 AM","32.94598","-97.06813","32.931","175.2"
"8/28/2026 4:37:18 AM","32.94598","-97.068314","32.687","175.8"
"8/28/2026 4:37:19 AM","32.94598","-97.068489","32.687","176.5"
"8/28/2026 4:37:20 AM","32.94598","-97.068672","32.461","177.1"
"8/28/2026 4:37:21 AM","32.94598","-97.068848","32.013","177.8"
"8/28/2026 4:37:22 AM","32.94598","-97.069023","31.235","178.3"
"8/28/2026 4:37:23 AM","32.94598","-97.069191","30.166","178.9"
"8/28/2026 4:37:24 AM","32.94598","-97.069351","29.332","179.7"
"8/28/2026 4:37:25 AM","32.945972","-97.069511","28.883","180.8"
"8/28/2026 4:37:26 AM","32.945972","-97.069679","27.666","180.8"
"8/28/2026 4:37:27 AM","32.945969","-97.069824","26.963","181.7"
"8/28/2026 4:37:28 AM","32.945969","-97.069969","26.894","181.9"
"8/28/2026 4:37:29 AM","32.945969","-97.070114","26.946","182.3"
"8/28/2026 4:37:30 AM","32.945972","-97.070267","27.298","182.5"
"8/28/2026 4:37:31 AM","32.945972","-97.070412","26.773","182.8"
"8/28/2026 4:37:32 AM","32.945972","-97.070572","27.904","183.1"
"8/28/2026 4:37:33 AM","32.945969","-97.070717","28.282","183.5"
"8/28/2026 4:37:34 AM","32.945969","-97.070885","28.633","183.5"
"8/28/2026 4:37:35 AM","32.945969","-97.071045","29.134","183.4"
"8/28/2026 4:37:36 AM","32.945972","-97.071205","29.73","183.4"
"8/28/2026 4:37:37 AM","32.945972","-97.071373","30.663","183"
"8/28/2026 4:37:38 AM","32.945972","-97.071548","31.072","182.7"
"8/28/2026 4:37:39 AM","32.945972","-97.071709","31.065","182.2"
"8/28/2026 4:37:40 AM","32.945972","-97.071892","30.998","181.8"
"8/28/2026 4:37:41 AM","32.945972","-97.072052","31.065","181.3"
"8/28/2026 4:37:42 AM","32.945969","-97.072235","31.034","180.8"
"8/28/2026 4:37:43 AM","32.945969","-97.072395","31.029","180.4"
"8/28/2026 4:37:44 AM","32.945969","-97.072578","31.324","179.8"
"8/28/2026 4:37:45 AM","32.945969","-97.072754","31.345","179.2"
"8/28/2026 4:37:46 AM","32.945969","-97.072914","30.891","178.7"
"8/28/2026 4:37:47 AM","32.945969","-97.073082","29.457","178.6"
"8/28/2026 4:37:48 AM","32.945965","-97.073242","28.37","178.4"
"8/28/2026 4:37:49 AM","32.945965","-97.073387","27.584","178.2"
"8/28/2026 4:37:50 AM","32.945965","-97.073555","27.588","177.9"
"8/28/2026 4:37:51 AM","32.945965","-97.0737","28.732","177.4"
"8/28/2026 4:37:52 AM","32.945972","-97.07386","30.018","176.8"
"8/28/2026 4:37:53 AM","32.945984","-97.07402","30.973","176.3"
"8/28/2026 4:37:54 AM","32.946007","-97.074188","30.896","175.8"
"8/28/2026 4:37:55 AM","32.946045","-97.074348","30.883","175.4"
"8/28/2026 4:37:56 AM","32.946091","-97.074532","31.429","175.6"
"8/28/2026 4:37:57 AM","32.94614","-97.074692","31.682","175.5"
"8/28/2026 4:37:58 AM","32.946182","-97.074852","31.697","175.7"
"8/28/2026 4:37:59 AM","32.946228","-97.07502","31.46","176"
"8/28/2026 4:38:00 AM","32.946278","-97.07518","31.052","176.3"
"8/28/2026 4:38:01 AM","32.946323","-97.07534","30.803","176.9"
"8/28/2026 4:38:02 AM","32.946369","-97.075508","30.645","177.5"
"8/28/2026 4:38:03 AM","32.946423","-97.075668","30.685","178"
"8/28/2026 4:38:04 AM","32.946476","-97.075829","30.856","178"
"8/28/2026 4:38:05 AM","32.946526","-97.075974","30.675","178.6"
"8/28/2026 4:38:06 AM","32.946575","-97.076141","30.607","178.7"
"8/28/2026 4:38:07 AM","32.946621","-97.076302","30.644","178.6"
"8/28/2026 4:38:08 AM","32.946663","-97.076462","30.917","178.5"
"8/28/2026 4:38:09 AM","32.946697","-97.07663","30.948","178.4"
"8/28/2026 4:38:10 AM","32.946716","-97.07679","30.351","178.4"
"8/28/2026 4:38:11 AM","32.946728","-97.076973","29.979","178.5"
"8/28/2026 4:38:12 AM","32.946735","-97.077133","29.099","178.8"
"8/28/2026 4:38:13 AM","32.946735","-97.077278","28.023","179.3"
"8/28/2026 4:38:14 AM","32.946732","-97.077438","27.346","180"
"8/28/2026 4:38:15 AM","32.946724","-97.077591","26.601","180.9"
"8/28/2026 4:38:16 AM","32.94672","-97.077736","26.136","181.7"
"8/28/2026 4:38:17 AM","32.946716","-97.077866","26.504","182.2"
"8/28/2026 4:38:18 AM","32.946716","-97.078011","26.527","182.5"
"8/28/2026 4:38:19 AM","32.946709","-97.078156","26.93","182.9"
"8/28/2026 4:38:20 AM","32.946709","-97.078323","27.391","183"
"8/28/2026 4:38:21 AM","32.946709","-97.078468","27.412","183.3"
"8/28/2026 4:38:22 AM","32.946716","-97.078613","27.366","184"
"8/28/2026 4:38:23 AM","32.946732","-97.078758","27.345","184.4"
"8/28/2026 4:38:24 AM","32.946758","-97.078903","26.585","184.8"
"8/28/2026 4:38:25 AM","32.946793","-97.079033","26.58","185"
"8/28/2026 4:38:26 AM","32.946838","-97.079185","26.889","185.5"
"8/28/2026 4:38:27 AM","32.946896","-97.079315","27.317","185.3"
"8/28/2026 4:38:28 AM","32.946957","-97.079445","27.482","185.3"
"8/28/2026 4:38:29 AM","32.947029","-97.079559","27.528","185"
"8/28/2026 4:38:30 AM","32.947117","-97.079689","28.025","184.8"
"8/28/2026 4:38:31 AM","32.947205","-97.079803","28.371","184.5"
"8/28/2026 4:38:32 AM","32.947304","-97.079903","28.557","184.2"
"8/28/2026 4:38:33 AM","32.947399","-97.080009","28.127","183.7"
"8/28/2026 4:38:34 AM","32.947502","-97.080109","26.9","183.3"
"8/28/2026 4:38:35 AM","32.947598","-97.080193","25.857","183"
"8/28/2026 4:38:36 AM","32.947701","-97.080276","25.042","183"
"8/28/2026 4:38:37 AM","32.947807","-97.080338","25.102","182.3"
"8/28/2026 4:38:38 AM","32.947918","-97.080391","25.485","182"
"8/28/2026 4:38:39 AM","32.948032","-97.080437","25.848","181.7"
"8/28/2026 4:38:40 AM","32.948147","-97.080467","26.549","181.3"
"8/28/2026 4:38:41 AM","32.948277","-97.080498","27.462","181"
"8/28/2026 4:38:42 AM","32.948406","-97.080521","28.455","181"
"8/28/2026 4:38:43 AM","32.948544","-97.080521","29.382","180.3"
"8/28/2026 4:38:44 AM","32.948681","-97.080521","30.209","180"
"8/28/2026 4:38:45 AM","32.948826","-97.080521","30.918","179.7"
"8/28/2026 4:38:46 AM","32.948971","-97.080521","31.472","179.7"
"8/28/2026 4:38:47 AM","32.94912","-97.080521","32.038","179.5"
"8/28/2026 4:38:48 AM","32.949272","-97.080521","32.072","179.3"
"8/28/2026 4:38:49 AM","32.949421","-97.080536","31.313","179.1"
"8/28/2026 4:38:50 AM","32.94957","-97.080551","30.72","178.8"
"8/28/2026 4:38:51 AM","32.949707","-97.080582","30.297","178.4"
"8/28/2026 4:38:52 AM","32.949841","-97.080635","29.915","178"
"8/28/2026 4:38:53 AM","32.949974","-97.080681","29.549","177.3"
"8/28/2026 4:38:54 AM","32.9501","-97.080742","29.309","176.8"
"8/28/2026 4:38:55 AM","32.950218","-97.080826","29.108","176.1"
"8/28/2026 4:38:56 AM","32.950333","-97.08091","29.167","175.2"
"8/28/2026 4:38:57 AM","32.950443","-97.081009","29.604","174.2"
"8/28/2026 4:38:58 AM","32.950546","-97.081123","30.291","173.1"
"8/28/2026 4:38:59 AM","32.950642","-97.08123","31.388","173.1"
"8/28/2026 4:39:00 AM","32.950729","-97.081383","31.914","171.6"
"8/28/2026 4:39:01 AM","32.950806","-97.081528","32.512","170.5"
"8/28/2026 4:39:02 AM","32.950867","-97.081703","32.34","169.8"
"8/28/2026 4:39:03 AM","32.950912","-97.081871","32.52","169.2"
"8/28/2026 4:39:04 AM","32.950947","-97.082047","32.877","169"
"8/28/2026 4:39:05 AM","32.950981","-97.08223","32.942","168.6"
"8/28/2026 4:39:06 AM","32.951015","-97.082405","32.955","169"
"8/28/2026 4:39:07 AM","32.951054","-97.082588","33.16","169.1"
"8/28/2026 4:39:08 AM","32.951099","-97.082764","33.211","169.2"
"8/28/2026 4:39:09 AM","32.951149","-97.082924","33.205","169.2"
"8/28/2026 4:39:10 AM","32.95121","-97.083107","33.235","169.1"
"8/28/2026 4:39:11 AM","32.951275","-97.083267","32.894","169.1"
"8/28/2026 4:39:12 AM","32.951355","-97.083412","32.97","168.9"
"8/28/2026 4:39:13 AM","32.951443","-97.08358","33.352","168.9"
"8/28/2026 4:39:14 AM","32.951542","-97.08371","33.346","169.1"
"8/28/2026 4:39:15 AM","32.951649","-97.083839","33.028","169.2"
"8/28/2026 4:39:16 AM","32.951759","-97.083969","32.794","169.1"
"8/28/2026 4:39:17 AM","32.951878","-97.084084","32.485","169.1"
"8/28/2026 4:39:18 AM","32.952003","-97.084183","32.48","169"
"8/28/2026 4:39:19 AM","32.952133","-97.084274","32.787","168.8"
"8/28/2026 4:39:20 AM","32.952267","-97.084358","33.135","168.8"
"8/28/2026 4:39:21 AM","32.952404","-97.084457","33.163","169"
"8/28/2026 4:39:22 AM","32.952541","-97.084518","33.232","168.8"
"8/28/2026 4:39:23 AM","32.952686","-97.084602","33.496","168.8"
"8/28/2026 4:39:24 AM","32.952824","-97.084686","33.548","168.9"
"8/28/2026 4:39:25 AM","32.952961","-97.084785","33.557","169.1"
"8/28/2026 4:39:26 AM","32.953102","-97.084862","33.623","169.1"
"8/28/2026 4:39:27 AM","32.953239","-97.084946","33.679","169.3"
"8/28/2026 4:39:28 AM","32.953381","-97.085045","33.48","169.3"
"8/28/2026 4:39:29 AM","32.953514","-97.085121","32.892","169.4"
"8/28/2026 4:39:30 AM","32.953651","-97.085205","33.136","169.5"
"8/28/2026 4:39:31 AM","32.953777","-97.085289","30.461","169.5"
"8/28/2026 4:39:32 AM","32.953892","-97.085381","29.057","169.3"
"8/28/2026 4:39:33 AM","32.953995","-97.08548","28.559","169.3"
"8/28/2026 4:39:34 AM","32.95409","-97.085579","27.966","169.3"
"8/28/2026 4:39:35 AM","32.954174","-97.085693","28.75","169.2"
"8/28/2026 4:39:36 AM","32.954262","-97.085823","29.713","169.2"
"8/28/2026 4:39:37 AM","32.954334","-97.085968","30.571","169"
"8/28/2026 4:39:38 AM","32.954399","-97.086113","31.464","168.7"
"8/28/2026 4:39:39 AM","32.95446","-97.086281","32.376","168.2"
"8/28/2026 4:39:40 AM","32.95451","-97.086456","32.947","168.2"
"8/28/2026 4:39:41 AM","32.954544","-97.086639","33.264","168.3"
"8/28/2026 4:39:42 AM","32.954575","-97.086815","33.479","168.5"
"8/28/2026 4:39:43 AM","32.954597","-97.086998","34.002","168.7"
"8/28/2026 4:39:44 AM","32.954624","-97.087189","34.465","168.8"
"8/28/2026 4:39:45 AM","32.954651","-97.087387","35.093","168.9"
"8/28/2026 4:39:46 AM","32.954674","-97.087578","35.525","169"
"8/28/2026 4:39:47 AM","32.9547","-97.087761","35.593","169.1"
"8/28/2026 4:39:48 AM","32.954723","-97.087959","35.64","169.1"
"8/28/2026 4:39:49 AM","32.95475","-97.08815","35.606","169.1"
"8/28/2026 4:39:50 AM","32.954777","-97.088348","35.817","168.9"
"8/28/2026 4:39:51 AM","32.954807","-97.088539","34.36","168.8"
"8/28/2026 4:39:52 AM","32.954834","-97.088722","33.017","168.8"
"8/28/2026 4:39:53 AM","32.954861","-97.088898","32.128","168.7"
"8/28/2026 4:39:54 AM","32.954887","-97.089066","31.032","168.6"
"8/28/2026 4:39:55 AM","32.954899","-97.089226","30.755","168.5"
"8/28/2026 4:39:56 AM","32.954903","-97.089401","29.959","168.6"
"8/28/2026 4:39:57 AM","32.954899","-97.089569","29.937","168.7"
"8/28/2026 4:39:58 AM","32.954895","-97.089729","29.294","168.9"
"8/28/2026 4:39:59 AM","32.954895","-97.089874","28.231","169.1"
"8/28/2026 4:40:00 AM","32.954895","-97.090042","26.587","169.5"
"8/28/2026 4:40:01 AM","32.954891","-97.090172","25.973","169.8"
"8/28/2026 4:40:02 AM","32.954887","-97.090317","24.006","170.4"
"8/28/2026 4:40:03 AM","32.954884","-97.090431","21.196","171.2"
"8/28/2026 4:40:04 AM","32.95488","-97.090546","17.301","171.1"
"8/28/2026 4:40:05 AM","32.95488","-97.090622","12.622","171.9"
"8/28/2026 4:40:06 AM","32.954884","-97.090675","9.961","173.1"
"8/28/2026 4:40:07 AM","32.954895","-97.090721","7.499","174.3"
"8/28/2026 4:40:08 AM","32.954918","-97.090736","7.54","175.1"
"8/28/2026 4:40:09 AM","32.954956","-97.090752","9.81","175.7"
"8/28/2026 4:40:10 AM","32.955006","-97.090775","12.084","176.1"
"8/28/2026 4:40:11 AM","32.95507","-97.090775","14.817","176.4"
"8/28/2026 4:40:12 AM","32.955147","-97.090775","17.337","176.6"
"8/28/2026 4:40:13 AM","32.955238","-97.090775","19.907","176.6"
"8/28/2026 4:40:14 AM","32.955338","-97.090775","21.018","175.7"
"8/28/2026 4:40:15 AM","32.955444","-97.090775","22.975","175.6"
"8/28/2026 4:40:16 AM","32.955559","-97.090775","24.324","175.6"
"8/28/2026 4:40:17 AM","32.955677","-97.090775","25.866","175.5"
"8/28/2026 4:40:18 AM","32.955803","-97.090775","26.931","175.6"
"8/28/2026 4:40:19 AM","32.955929","-97.090775","27.409","176"
"8/28/2026 4:40:20 AM","32.956059","-97.090775","27.874","176.4"
"8/28/2026 4:40:21 AM","32.956192","-97.090775","28.234","176.9"
"8/28/2026 4:40:22 AM","32.956326","-97.090775","28.694","177.2"
"8/28/2026 4:40:23 AM","32.956463","-97.090775","29.073","177.4"
"8/28/2026 4:40:24 AM","32.9566","-97.090775","29.637","177.4"
"8/28/2026 4:40:25 AM","32.956738","-97.090775","29.683","177.1"
"8/28/2026 4:40:26 AM","32.956882","-97.090775","29.419","176.8"
"8/28/2026 4:40:27 AM","32.957016","-97.090775","28.87","176.3"
"8/28/2026 4:40:28 AM","32.95715","-97.090775","28.47","175.5"
"8/28/2026 4:40:29 AM","32.957279","-97.090775","27.66","175"
"8/28/2026 4:40:30 AM","32.957405","-97.090775","27.846","174.5"
"8/28/2026 4:40:31 AM","32.957523","-97.090775","24.828","173.9"
"8/28/2026 4:40:32 AM","32.957634","-97.090775","22.929","173.3"
"8/28/2026 4:40:33 AM","32.957737","-97.090775","21.118","172.7"
"8/28/2026 4:40:34 AM","32.957829","-97.090775","20.034","172.3"
"8/28/2026 4:40:35 AM","32.95792","-97.09079","18.75","171.8"
"8/28/2026 4:40:36 AM","32.957993","-97.09079","15.044","171.3"
"8/28/2026 4:40:37 AM","32.958057","-97.09079","13.396","170.7"
"8/28/2026 4:40:38 AM","32.958107","-97.090805","9.173","170.3"
"8/28/2026 4:40:39 AM","32.958138","-97.09082","7.855","170.3"
"8/28/2026 4:40:40 AM","32.958164","-97.090851","7.107","171.4"
"8/28/2026 4:40:41 AM","32.958176","-97.090889","6.753","171.3"
"8/28/2026 4:40:42 AM","32.958183","-97.090919","6.408","171.3"
"8/28/2026 4:40:43 AM","32.958187","-97.09095","7.058","171.3"
"8/28/2026 4:40:44 AM","32.958187","-97.090981","7.825","171.3"
"8/28/2026 4:40:45 AM","32.958187","-97.091034","8.235","171.2"
"8/28/2026 4:40:46 AM","32.958187","-97.09108","9.182","170.9"
"8/28/2026 4:40:47 AM","32.958187","-97.091133","9.836","171.1"
"8/28/2026 4:40:48 AM","32.958183","-97.091179","9.81","171.4"
"8/28/2026 4:40:49 AM","32.958183","-97.091225","9.61","171.6"
"8/28/2026 4:40:50 AM","32.958179","-97.091293","9.217","171.7"
"8/28/2026 4:40:51 AM","32.958179","-97.091324","8.339","172.1"
"8/28/2026 4:40:52 AM","32.958179","-97.091377","6.625","172.2"
"8/28/2026 4:40:53 AM","32.958179","-97.091393","4.608","172.6"
"8/28/2026 4:40:54 AM","32.958179","-97.091423","3.558","172.8"
"8/28/2026 4:40:55 AM","32.958176","-97.091438","3.504","172.9"
"8/28/2026 4:40:56 AM","32.958176","-97.091454","3","173.1"
"8/28/2026 4:40:57 AM","32.958176","-97.091469","3.043","173.2"
"8/28/2026 4:40:58 AM","32.958179","-97.091484","3.548","173.3"
"8/28/2026 4:40:59 AM","32.958179","-97.091507","3.914","173.4"
"8/28/2026 4:41:00 AM","32.958179","-97.091522","4.334","173.4"
"8/28/2026 4:41:01 AM","32.958179","-97.091553","5.17","173.6"
"8/28/2026 4:41:02 AM","32.958179","-97.091568","5.243","173.8"
"8/28/2026 4:41:03 AM","32.958176","-97.091599","4.735","173.9"
"8/28/2026 4:41:04 AM","32.958176","-97.091621","2.646","174.1"
"8/28/2026 4:41:05 AM","32.958176","-97.091637","0","174.1"
"8/28/2026 4:41:06 AM","32.958176","-97.091637","0","174.2"
"8/28/2026 4:41:07 AM","32.958176","-97.091637","0","174.2"
"8/28/2026 4:41:08 AM","32.958176","-97.091637","0","174.2"
"8/28/2026 4:41:09 AM","32.958176","-97.091637","0","174.2"
"8/28/2026 4:41:10 AM","32.958176","-97.091637","0","174.3"
"8/28/2026 4:41:11 AM","32.958176","-97.091637","0","174.3"
"8/28/2026 4:41:12 AM","32.958172","-97.091637","0","174.3"
"8/28/2026 4:41:13 AM","32.958172","-97.091637","0","174.3"
"8/28/2026 4:41:14 AM","32.958172","-97.091652","3.533","174.4"
"8/28/2026 4:41:15 AM","32.958168","-97.091682","4.591","174.6"
"8/28/2026 4:41:16 AM","32.958168","-97.091698","4.535","174.7"
"8/28/2026 4:41:17 AM","32.958168","-97.091713","3.54","174.8"
"8/28/2026 4:41:18 AM","32.958168","-97.091751","2.713","175"
"8/28/2026 4:41:19 AM","32.958164","-97.091751","2.641","175.1"
"8/28/2026 4:41:20 AM","32.958164","-97.091766","2.586","175.2"
"8/28/2026 4:41:21 AM","32.958164","-97.091782","1.016","175.3"
"8/28/2026 4:41:22 AM","32.958164","-97.091782","0","175.3"
"8/28/2026 4:41:23 AM","32.958164","-97.091782","0","175.3"
"8/28/2026 4:41:24 AM","32.958164","-97.091766","1.941","175.3"
"8/28/2026 4:41:25 AM","32.958164","-97.091766","2.007","175.3"
"8/28/2026 4:41:26 AM","32.958164","-97.091751","1.48","175.4"
"8/28/2026 4:41:27 AM","32.958164","-97.091751","0.973","175.4"
"8/28/2026 4:41:28 AM","32.958168","-97.091751","0","175.4"
"8/28/2026 4:41:29 AM","32.958168","-97.091751","0","175.4"
"8/28/2026 4:41:30 AM","32.958168","-97.091751","0","175.4"
"8/28/2026 4:41:31 AM","32.958168","-97.091751","0","175.4"
"8/28/2026 4:41:32 AM","32.958168","-97.091751","0","175.4"
"8/28/2026 4:41:33 AM","32.958168","-97.091751","0","175.4"
"8/28/2026 4:41:34 AM","32.958168","-97.091751","0","175.4"
"8/28/2026 4:41:35 AM","32.958168","-97.091751","0","175.5"
"8/28/2026 4:41:36 AM","32.958168","-97.091751","0","175.5"
"8/28/2026 4:41:37 AM","32.958168","-97.091751","0","175.5"
"8/28/2026 4:41:38 AM","32.958168","-97.091751","0","175.5"
"8/28/2026 4:41:39 AM","32.958168","-97.091751","0","175.5"
"8/28/2026 4:41:40 AM","32.958168","-97.091751","0","175.5"
"8/28/2026 4:41:41 AM","32.958168","-97.091751","0","175.5"
"8/28/2026 4:41:42 AM","32.958168","-97.091751","0","175.5"
"8/28/2026 4:41:43 AM","32.958168","-97.091751","0","175.5"
"8/28/2026 4:41:44 AM","32.958172","-97.091751","0","175.5"
"8/28/2026 4:41:45 AM","32.958172","-97.091751","0","175.5"
"8/28/2026 4:41:46 AM","32.958172","-97.091751","0","175.5"
"8/28/2026 4:41:47 AM","32.958172","-97.091751","0","175.5"
"8/28/2026 4:41:48 AM","32.958172","-97.091751","0","175.5"
"8/28/2026 4:41:49 AM","32.958172","-97.091751","0","175.5"
"8/28/2026 4:41:50 AM","32.958172","-97.091751","0","175.5"
"8/28/2026 4:41:51 AM","32.958176","-97.091751","0","175.5"
"8/28/2026 4:41:52 AM","32.958176","-97.091751","0","175.5"
"8/28/2026 4:41:53 AM","32.958176","-97.091751","0","175.5"
"8/28/2026 4:41:54 AM","32.958176","-97.091751","0","175.4"
"8/28/2026 4:41:55 AM","32.958176","-97.091751","0","175.4"
"8/28/2026 4:41:56 AM","32.958176","-97.091751","0","175.4"
"8/28/2026 4:41:57 AM","32.958176","-97.091751","0","175.4"
"8/28/2026 4:41:58 AM","32.958176","-97.091751","0","175.4"
"8/28/2026 4:41:59 AM","32.958176","-97.091751","0","175.4"
"8/28/2026 4:42:00 AM","32.958176","-97.091751","0","175.4"
"8/28/2026 4:42:01 AM","32.958176","-97.091751","0","175.4"
"8/28/2026 4:42:02 AM","32.958176","-97.091751","0","175.4"
"8/28/2026 4:42:03 AM","32.958176","-97.091751","0","175.4"
"8/28/2026 4:42:04 AM","32.958176","-97.091751","0","175.4"
"8/28/2026 4:42:05 AM","32.958176","-97.091751","0","175.4"
"8/28/2026 4:42:06 AM","32.958176","-97.091751","0","175.4"
"8/28/2026 4:42:07 AM","32.958176","-97.091751","0","175.4"
"8/28/2026 4:42:08 AM","32.958176","-97.091751","0","175.4"
"8/28/2026 4:42:09 AM","32.958176","-97.091751","0","175.3"
"8/28/2026 4:42:10 AM","32.958176","-97.091751","0","175.4"
"8/28/2026 4:42:11 AM","32.958176","-97.091751","0","175.4"
"8/28/2026 4:42:12 AM","32.958176","-97.091751","0","175.4"
"8/28/2026 4:42:13 AM","32.958176","-97.091751","0","175.4"
"8/28/2026 4:42:14 AM","32.958176","-97.091751","0","175.4"
"8/28/2026 4:42:15 AM","32.958176","-97.091751","0","175.4"
"8/28/2026 4:42:16 AM","32.958176","-97.091751","0","175.4"
"8/28/2026 4:42:17 AM","32.958176","-97.091751","0","175.3"
"8/28/2026 4:42:18 AM","32.958176","-97.091751","0","175.4"
"8/28/2026 4:42:19 AM","32.958176","-97.091751","0","175.3"
"8/28/2026 4:42:20 AM","32.958176","-97.091751","0","175.3"
"8/28/2026 4:42:21 AM","32.958176","-97.091751","0","175.3"
"8/28/2026 4:42:22 AM","32.958176","-97.091751","0","175.3"
"8/28/2026 4:42:23 AM","32.958172","-97.091751","0","175.3"
"8/28/2026 4:42:24 AM","32.958172","-97.091751","0","175.3"
"8/28/2026 4:42:25 AM","32.958172","-97.091751","0","175.3"
"8/28/2026 4:42:26 AM","32.958172","-97.091751","0","175.3"
"8/28/2026 4:42:27 AM","32.958172","-97.091751","0","175.3"
"8/28/2026 4:42:28 AM","32.958172","-97.091751","0","175.3"
"8/28/2026 4:42:29 AM","32.958172","-97.091751","0","175.3"
"8/28/2026 4:42:30 AM","32.958172","-97.091751","0","175.3"
"8/28/2026 4:42:31 AM","32.958172","-97.091751","0","175.3"
"8/28/2026 4:42:32 AM","32.958172","-97.091751","0","175.3"
"8/28/2026 4:42:33 AM","32.958168","-97.091751","0","175.3"
"8/28/2026 4:42:34 AM","32.958168","-97.091751","0","175.3"
"8/28/2026 4:42:35 AM","32.958168","-97.091751","0","175.4"
"8/28/2026 4:42:36 AM","32.958168","-97.091751","0","175.4"
"8/28/2026 4:42:37 AM","32.958168","-97.091751","0","175.4"
"8/28/2026 4:42:38 AM","32.958168","-97.091751","0","175.4"
"8/28/2026 4:42:39 AM","32.958168","-97.091751","0","175.4"
"8/28/2026 4:42:40 AM","32.958168","-97.091751","0","175.4"
"8/28/2026 4:42:41 AM","32.958168","-97.091751","0","175.4"
"8/28/2026 4:42:42 AM","32.958164","-97.091751","0","175.5"
"8/28/2026 4:42:43 AM","32.958164","-97.091751","0","175.5"
"8/28/2026 4:42:44 AM","32.958164","-97.091751","0","175.5"
"8/28/2026 4:42:45 AM","32.958164","-97.091751","0","175.5"
"8/28/2026 4:42:46 AM","32.958164","-97.091751","0","175.5"
"8/28/2026 4:42:47 AM","32.958164","-97.091751","0","175.6"
"8/28/2026 4:42:48 AM","32.958164","-97.091751","0","175.6"
"8/28/2026 4:42:49 AM","32.958164","-97.091751","0","175.6"
"8/28/2026 4:42:50 AM","32.958164","-97.091751","0","175.6"
"8/28/2026 4:42:51 AM","32.958164","-97.091728","0","175.6"
"8/28/2026 4:42:52 AM","32.958164","-97.091728","0","175.6"
"8/28/2026 4:42:53 AM","32.958164","-97.091728","0","175.7"
"8/28/2026 4:42:54 AM","32.958164","-97.091728","0","175.7"
"8/28/2026 4:42:55 AM","32.958164","-97.091728","0","175.7"
"8/28/2026 4:42:56 AM","32.958164","-97.091728","0","175.8"
"8/28/2026 4:42:57 AM","32.958164","-97.091728","0","175.8"
"8/28/2026 4:42:58 AM","32.958164","-97.091728","0","175.9"
"8/28/2026 4:42:59 AM","32.958164","-97.091728","0","175.9"
"8/28/2026 4:43:00 AM","32.958164","-97.091728","0","175.9"
"8/28/2026 4:43:01 AM","32.958164","-97.091728","0","175.9"
"8/28/2026 4:43:02 AM","32.958164","-97.091728","0","176"
"8/28/2026 4:43:03 AM","32.958164","-97.091728","0","176"
"8/28/2026 4:43:04 AM","32.958164","-97.091728","0","176"
"8/28/2026 4:43:05 AM","32.958168","-97.091728","0","176.1"
"8/28/2026 4:43:06 AM","32.958168","-97.091728","0","176.1"
"8/28/2026 4:43:07 AM","32.958168","-97.091713","0","176.1"
"8/28/2026 4:43:08 AM","32.958168","-97.091713","0","176.1"
"8/28/2026 4:43:09 AM","32.958168","-97.091713","0","176.2"
"8/28/2026 4:43:10 AM","32.958168","-97.091713","0","176.2"
"8/28/2026 4:43:11 AM","32.958168","-97.091713","0","176.2"
"8/28/2026 4:43:12 AM","32.958168","-97.091713","0","176.2"
"8/28/2026 4:43:13 AM","32.958168","-97.091713","0","176.3"
"8/28/2026 4:43:14 AM","32.958168","-97.091713","0","176.3"
"8/28/2026 4:43:15 AM","32.958168","-97.091713","0","176.3"
"8/28/2026 4:43:16 AM","32.958168","-97.091713","0","176.3"
"8/28/2026 4:43:17 AM","32.958168","-97.091713","0","176.4"
"8/28/2026 4:43:18 AM","32.958172","-97.091713","0","176.4"
"8/28/2026 4:43:19 AM","32.958172","-97.091713","0","176.4"
"8/28/2026 4:43:20 AM","32.958172","-97.091713","0","176.4"
"8/28/2026 4:43:21 AM","32.958172","-97.091713","0","176.4"
"8/28/2026 4:43:22 AM","32.958172","-97.091713","0","176.4"
"8/28/2026 4:43:23 AM","32.958172","-97.091713","0","176.5"
"8/28/2026 4:43:24 AM","32.958172","-97.091713","0","176.4"
"8/28/2026 4:43:25 AM","32.958172","-97.091713","0","176.5"
"8/28/2026 4:43:26 AM","32.958172","-97.091713","0","176.5"
"8/28/2026 4:43:27 AM","32.958172","-97.091713","0","176.5"
"8/28/2026 4:43:28 AM","32.958172","-97.091713","0","176.5"
"8/28/2026 4:43:29 AM","32.958172","-97.091713","0","176.4"
"8/28/2026 4:43:30 AM","32.958172","-97.091713","0","176.4"
"8/28/2026 4:43:31 AM","32.958172","-97.091713","0","176.4"
"8/28/2026 4:43:32 AM","32.958172","-97.091713","0","176.4"
"8/28/2026 4:43:33 AM","32.958172","-97.091713","0","176.4"
"8/28/2026 4:43:34 AM","32.958172","-97.091713","0","176.4"
"8/28/2026 4:43:35 AM","32.958172","-97.091713","0","176.4"
"8/28/2026 4:43:36 AM","32.958172","-97.091713","0","176.4"
"8/28/2026 4:43:37 AM","32.958172","-97.091713","0","176.4"
"8/28/2026 4:43:38 AM","32.958172","-97.091713","0","176.3"
"8/28/2026 4:43:39 AM","32.958172","-97.091713","0","176.3"
"8/28/2026 4:43:40 AM","32.958172","-97.091713","0","176.3"
"8/28/2026 4:43:41 AM","32.958172","-97.091713","0","176.3"
"8/28/2026 4:43:42 AM","32.958172","-97.091713","0","176.3"
"8/28/2026 4:43:43 AM","32.958172","-97.091713","0","176.3"
"8/28/2026 4:43:44 AM","32.958172","-97.091713","0","176.3"
"8/28/2026 4:43:45 AM","32.958172","-97.091713","0","176.3"
"8/28/2026 4:43:46 AM","32.958172","-97.091713","0","176.3"
"8/28/2026 4:43:47 AM","32.958172","-97.091713","0","176.3"
"8/28/2026 4:43:48 AM","32.958172","-97.091713","0","176.3"
"8/28/2026 4:43:49 AM","32.958172","-97.091728","0","176.3"
"8/28/2026 4:43:50 AM","32.958172","-97.091728","0","176.3"
"8/28/2026 4:43:51 AM","32.958172","-97.091728","0","176.2"
"8/28/2026 4:43:52 AM","32.958172","-97.091728","0","176.2"
"8/28/2026 4:43:53 AM","32.958172","-97.091728","0","176.2"
"8/28/2026 4:43:54 AM","32.958172","-97.091728","0","176.2"
"8/28/2026 4:43:55 AM","32.958172","-97.091728","0","176.2"
"8/28/2026 4:43:56 AM","32.958172","-97.091728","0","176.2"
"8/28/2026 4:43:57 AM","32.958172","-97.091728","0","176.2"
"8/28/2026 4:43:58 AM","32.958172","-97.091728","0","176.2"
"8/28/2026 4:43:59 AM","32.958172","-97.091728","0","176.2"
"8/28/2026 4:44:00 AM","32.958168","-97.091728","0","176.2"
"8/28/2026 4:44:01 AM","32.958172","-97.091728","0","176.2"
"8/28/2026 4:44:02 AM","32.958168","-97.091728","0","176.2"
"8/28/2026 4:44:03 AM","32.958168","-97.091728","0","176.2"
"8/28/2026 4:44:04 AM","32.958168","-97.091728","0","176.2"
"8/28/2026 4:44:05 AM","32.958168","-97.091728","0","176.2"
"8/28/2026 4:44:06 AM","32.958168","-97.091728","0","176.2"
"8/28/2026 4:44:07 AM","32.958168","-97.091728","0","176.2"
"8/28/2026 4:44:08 AM","32.958168","-97.091728","0","176.2"
"8/28/2026 4:44:09 AM","32.958172","-97.091728","0","176.2"
"8/28/2026 4:44:10 AM","32.958172","-97.091728","0","176.2"
"8/28/2026 4:44:11 AM","32.958172","-97.091728","0","176.3"
"8/28/2026 4:44:12 AM","32.958172","-97.091728","0","176.3"
"8/28/2026 4:44:13 AM","32.958172","-97.091728","0","176.3"
"8/28/2026 4:44:14 AM","32.958172","-97.091728","0","176.3"
"8/28/2026 4:44:15 AM","32.958172","-97.091728","0","176.3"
"8/28/2026 4:44:16 AM","32.958172","-97.091728","0","176.3"
"8/28/2026 4:44:17 AM","32.958172","-97.091728","0","176.3"
"8/28/2026 4:44:18 AM","32.958172","-97.091728","0","176.4"
"8/28/2026 4:44:19 AM","32.958168","-97.091728","0","176.4"
"8/28/2026 4:44:20 AM","32.958168","-97.091728","0","176.4"
"8/28/2026 4:44:21 AM","32.958168","-97.091728","0","176.4"
"8/28/2026 4:44:22 AM","32.958168","-97.091728","0","176.4"
"8/28/2026 4:44:23 AM","32.958168","-97.091728","0","176.5"
"8/28/2026 4:44:24 AM","32.958172","-97.091728","0","176.5"
"8/28/2026 4:44:25 AM","32.958168","-97.091728","0","176.5"
"8/28/2026 4:44:26 AM","32.958168","-97.091728","0","176.5"
"8/28/2026 4:44:27 AM","32.958168","-97.091728","0","176.5"
"8/28/2026 4:44:28 AM","32.958168","-97.091728","0","176.5"
"8/28/2026 4:44:29 AM","32.958168","-97.091728","0","176.5"
"8/28/2026 4:44:30 AM","32.958168","-97.091728","0","176.5"
"8/28/2026 4:44:31 AM","32.958168","-97.091728","0","176.5"
"8/28/2026 4:44:32 AM","32.958168","-97.091728","0","176.6"
"8/28/2026 4:44:33 AM","32.958168","-97.091728","0","176.6"
"8/28/2026 4:44:34 AM","32.958168","-97.091728","0","176.6"
"8/28/2026 4:44:35 AM","32.958168","-97.091728","0","176.6"
"8/28/2026 4:44:36 AM","32.958168","-97.091728","0","176.6"
"8/28/2026 4:44:37 AM","32.958168","-97.091728","0","176.6"
"8/28/2026 4:44:38 AM","32.958168","-97.091728","0","176.6"
"8/28/2026 4:44:39 AM","32.958168","-97.091728","0","176.6"
"8/28/2026 4:44:40 AM","32.958168","-97.091728","0","176.6"
"8/28/2026 4:44:41 AM","32.958168","-97.091728","0","176.6"
"8/28/2026 4:44:42 AM","32.958168","-97.091728","0","176.6"
"8/28/2026 4:44:43 AM","32.958168","-97.091728","0","176.7"
"8/28/2026 4:44:44 AM","32.958168","-97.091728","0","176.7"
"8/28/2026 4:44:45 AM","32.958168","-97.091728","0","176.7"
"8/28/2026 4:44:46 AM","32.958168","-97.091728","0","176.7"
"8/28/2026 4:44:47 AM","32.958168","-97.091728","0","176.7"
"8/28/2026 4:44:48 AM","32.958168","-97.091728","0","176.7"
"8/28/2026 4:44:49 AM","32.958168","-97.091728","0","176.8"
"8/28/2026 4:44:50 AM","32.958168","-97.091728","0","176.8"
"8/28/2026 4:44:51 AM","32.958168","-97.091728","0","176.8"
"8/28/2026 4:44:52 AM","32.958168","-97.091728","0","176.8"
"8/28/2026 4:44:53 AM","32.958168","-97.091728","0","176.9"
"8/28/2026 4:44:54 AM","32.958168","-97.091728","0","176.9"
"8/28/2026 4:44:55 AM","32.958168","-97.091728","0","176.9"
"8/28/2026 4:44:56 AM","32.958168","-97.091728","0","176.9"
"8/28/2026 4:44:57 AM","32.958168","-97.091728","0","176.9"
"8/28/2026 4:44:58 AM","32.958168","-97.091728","0","177"
"8/28/2026 4:44:59 AM","32.958168","-97.091728","0","177"
"8/28/2026 4:45:00 AM","32.958168","-97.091728","0","177"
"8/28/2026 4:45:01 AM","32.958168","-97.091728","0","177.1"
"8/28/2026 4:45:02 AM","32.958168","-97.091713","0","177.1"
"8/28/2026 4:45:03 AM","32.958168","-97.091713","0","177.1"
"8/28/2026 4:45:04 AM","32.958168","-97.091713","0","177.1"
"8/28/2026 4:45:05 AM","32.958168","-97.091713","0","177.2"
"8/28/2026 4:45:06 AM","32.958168","-97.091713","0","177.2"
"8/28/2026 4:45:07 AM","32.958168","-97.091713","0","177.2"
"8/28/2026 4:45:08 AM","32.958168","-97.091713","0","177.2"
"8/28/2026 4:45:09 AM","32.958168","-97.091713","0","177.3"
"8/28/2026 4:45:10 AM","32.958168","-97.091713","0","177.3"
"8/28/2026 4:45:11 AM","32.958168","-97.091713","0","177.3"
"8/28/2026 4:45:12 AM","32.958168","-97.091713","0","177.3"
"8/28/2026 4:45:13 AM","32.958168","-97.091713","0","177.3"
"8/28/2026 4:45:14 AM","32.958168","-97.091713","0","177.3"
"8/28/2026 4:45:15 AM","32.958168","-97.091713","0","177.3"
"8/28/2026 4:45:16 AM","32.958168","-97.091713","0","177.4"
"8/28/2026 4:45:17 AM","32.958168","-97.091713","0","177.4"
"8/28/2026 4:45:18 AM","32.958168","-97.091713","0","177.4"
"8/28/2026 4:45:19 AM","32.958168","-97.091713","0","177.4"
"8/28/2026 4:45:20 AM","32.958168","-97.091713","0","177.4"
"8/28/2026 4:45:21 AM","32.958168","-97.091713","0","177.4"
"8/28/2026 4:45:22 AM","32.958168","-97.091713","0","177.4"
"8/28/2026 4:45:23 AM","32.958168","-97.091713","0","177.4"
"8/28/2026 4:45:24 AM","32.958168","-97.091713","0","177.5"
"8/28/2026 4:45:25 AM","32.958168","-97.091713","0","177.5"
"8/28/2026 4:45:26 AM","32.958168","-97.091713","0","177.5"
"8/28/2026 4:45:27 AM","32.958168","-97.091713","0","177.5"
"8/28/2026 4:45:28 AM","32.958164","-97.091713","0","177.5"
"8/28/2026 4:45:29 AM","32.958164","-97.091713","0","177.5"
"8/28/2026 4:45:30 AM","32.958164","-97.091713","0","177.6"
"8/28/2026 4:45:31 AM","32.958164","-97.091713","0","177.6"
"8/28/2026 4:45:32 AM","32.958164","-97.091713","0","177.6"
"8/28/2026 4:45:33 AM","32.958164","-97.091713","0","177.5"
"8/28/2026 4:45:34 AM","32.958164","-97.091713","0","177.6"
"8/28/2026 4:45:35 AM","32.958164","-97.091713","0","177.6"
"8/28/2026 4:45:36 AM","32.958164","-97.091713","0","177.6"
"8/28/2026 4:45:37 AM","32.958157","-97.091713","0","177.6"
"8/28/2026 4:45:38 AM","32.958157","-97.091713","0","177.6"
"8/28/2026 4:45:39 AM","32.958157","-97.091713","0","177.6"
"8/28/2026 4:45:40 AM","32.958157","-97.091713","0","177.6"
"8/28/2026 4:45:41 AM","32.958157","-97.091713","0","177.5"
"8/28/2026 4:45:42 AM","32.958157","-97.091713","0","177.5"
"8/28/2026 4:45:43 AM","32.958157","-97.091713","0","177.5"
"8/28/2026 4:45:44 AM","32.958157","-97.091713","0","177.5"
"8/28/2026 4:45:45 AM","32.958157","-97.091713","0","177.5"
"8/28/2026 4:45:46 AM","32.958157","-97.091713","0","177.5"
"8/28/2026 4:45:47 AM","32.958157","-97.091713","0","177.5"
"8/28/2026 4:45:48 AM","32.958157","-97.091713","0","177.5"
"8/28/2026 4:45:49 AM","32.958157","-97.091713","0","177.5"
"8/28/2026 4:45:50 AM","32.958157","-97.091713","0","177.4"
"8/28/2026 4:45:51 AM","32.958157","-97.091713","0","177.4"
"8/28/2026 4:45:52 AM","32.958157","-97.091713","0","177.4"
"8/28/2026 4:45:53 AM","32.958157","-97.091713","0","177.4"
"8/28/2026 4:45:54 AM","32.958157","-97.091713","0","177.4"
"8/28/2026 4:45:55 AM","32.958157","-97.091713","0","177.4"
"8/28/2026 4:45:56 AM","32.958157","-97.091713","0","177.4"
"8/28/2026 4:45:57 AM","32.958157","-97.091713","0","177.4"
"8/28/2026 4:45:58 AM","32.958157","-97.091713","0","177.3"
"8/28/2026 4:45:59 AM","32.958157","-97.091713","0","177.3"
"8/28/2026 4:46:00 AM","32.958157","-97.091713","0","177.3"
"8/28/2026 4:46:01 AM","32.958157","-97.091713","0","177.3"
"8/28/2026 4:46:02 AM","32.958157","-97.091713","0","177.3"
"8/28/2026 4:46:03 AM","32.958157","-97.091713","0","177.4"
"8/28/2026 4:46:04 AM","32.958157","-97.091713","0","177.3"
"8/28/2026 4:46:05 AM","32.958157","-97.091713","0","177.4"
"8/28/2026 4:46:06 AM","32.958157","-97.091713","0","177.4"
"8/28/2026 4:46:07 AM","32.958157","-97.091713","0","177.4"
"8/28/2026 4:46:08 AM","32.958157","-97.091713","0","177.4"
"8/28/2026 4:46:09 AM","32.958157","-97.091713","0","177.4"
"8/28/2026 4:46:10 AM","32.958157","-97.091713","0","177.4"
"8/28/2026 4:46:11 AM","32.958157","-97.091713","0","177.4"
"8/28/2026 4:46:12 AM","32.958157","-97.091713","0","177.4"
"8/28/2026 4:46:13 AM","32.958157","-97.091713","0","177.4"
"8/28/2026 4:46:14 AM","32.958157","-97.091713","0","177.4"
"8/28/2026 4:46:15 AM","32.958157","-97.091728","0","177.4"
"8/28/2026 4:46:16 AM","32.958157","-97.091728","0","177.4"
"8/28/2026 4:46:17 AM","32.958157","-97.091728","0","177.4"
"8/28/2026 4:46:18 AM","32.958157","-97.091728","0","177.4"
"8/28/2026 4:46:19 AM","32.958157","-97.091728","0","177.4"
"8/28/2026 4:46:20 AM","32.958157","-97.091728","0","177.4"
"8/28/2026 4:46:21 AM","32.958157","-97.091728","0","177.3"
"8/28/2026 4:46:22 AM","32.958157","-97.091728","0","177.3"
"8/28/2026 4:46:23 AM","32.958157","-97.091728","0","177.2"
"8/28/2026 4:46:24 AM","32.958157","-97.091728","0","177.2"
"8/28/2026 4:46:25 AM","32.958157","-97.091728","0","177.2"
"8/28/2026 4:46:26 AM","32.958157","-97.091728","0","177.2"
"8/28/2026 4:46:27 AM","32.958157","-97.091728","0","177.2"
"8/28/2026 4:46:28 AM","32.958157","-97.091728","0","177.1"
"8/28/2026 4:46:29 AM","32.958157","-97.091728","0","177.1"
"8/28/2026 4:46:30 AM","32.958157","-97.091728","0","177.1"
"8/28/2026 4:46:31 AM","32.958157","-97.091728","0","177.1"
"8/28/2026 4:46:32 AM","32.958157","-97.091728","0","177.1"
"8/28/2026 4:46:33 AM","32.958157","-97.091728","0","177"
"8/28/2026 4:46:34 AM","32.958157","-97.091728","0","177"
"8/28/2026 4:46:35 AM","32.958157","-97.091728","0","177"
"8/28/2026 4:46:36 AM","32.958157","-97.091728","0","177"
"8/28/2026 4:46:37 AM","32.958157","-97.091728","0","176.9"
"8/28/2026 4:46:38 AM","32.958157","-97.091728","0","176.9"
"8/28/2026 4:46:39 AM","32.958157","-97.091728","0","176.8"
"8/28/2026 4:46:40 AM","32.958157","-97.091728","0","176.8"
"8/28/2026 4:46:41 AM","32.958157","-97.091728","0","176.7"
"8/28/2026 4:46:42 AM","32.958157","-97.091728","0","176.7"
"8/28/2026 4:46:43 AM","32.958157","-97.091728","0","176.7"
"8/28/2026 4:46:44 AM","32.958157","-97.091728","0","176.6"
"8/28/2026 4:46:45 AM","32.958157","-97.091728","0","176.6"
"8/28/2026 4:46:46 AM","32.958157","-97.091728","0","176.6"
"8/28/2026 4:46:47 AM","32.958153","-97.091728","0","176.6"
"8/28/2026 4:46:48 AM","32.958153","-97.091728","0","176.5"
"8/28/2026 4:46:49 AM","32.958153","-97.091728","0","176.5"
"8/28/2026 4:46:50 AM","32.958153","-97.091728","0","176.5"
"8/28/2026 4:46:51 AM","32.958153","-97.091728","0","176.4"
"8/28/2026 4:46:52 AM","32.958153","-97.091728","0","176.4"
"8/28/2026 4:46:53 AM","32.958153","-97.091728","0","176.4"
"8/28/2026 4:46:54 AM","32.958153","-97.091728","0","176.4"
"8/28/2026 4:46:55 AM","32.958153","-97.091728","0","176.3"
"8/28/2026 4:46:56 AM","32.958153","-97.091728","0","176.3"
"8/28/2026 4:46:57 AM","32.958153","-97.091728","0","176.3"
"8/28/2026 4:46:58 AM","32.958153","-97.091728","0","176.3"
"8/28/2026 4:46:59 AM","32.958153","-97.091728","0","176.2"
"8/28/2026 4:47:00 AM","32.958153","-97.091728","0","176.2"
"8/28/2026 4:47:01 AM","32.958157","-97.091728","0","176.2"
"8/28/2026 4:47:02 AM","32.958157","-97.091728","0","176.2"
"8/28/2026 4:47:03 AM","32.958157","-97.091728","0","176.1"
"8/28/2026 4:47:04 AM","32.958157","-97.091728","0","176.1"
"8/28/2026 4:47:05 AM","32.958157","-97.091728","0","176.1"
"8/28/2026 4:47:06 AM","32.958157","-97.091728","0","176.1"
"8/28/2026 4:47:07 AM","32.958157","-97.091728","0","176.1"
"8/28/2026 4:47:08 AM","32.958157","-97.091728","0","176.1"
"8/28/2026 4:47:09 AM","32.958157","-97.091728","0","176.1"
"8/28/2026 4:47:10 AM","32.958157","-97.091728","0","176.1"
"8/28/2026 4:47:11 AM","32.958157","-97.091728","0","176.1"
"8/28/2026 4:47:12 AM","32.958157","-97.091728","0","176"
"8/28/2026 4:47:13 AM","32.958164","-97.091728","0","176"
"8/28/2026 4:47:14 AM","32.958164","-97.091728","0","176"
"8/28/2026 4:47:15 AM","32.958164","-97.091728","0","176"
"8/28/2026 4:47:16 AM","32.958164","-97.091728","0","176"
"8/28/2026 4:47:17 AM","32.958164","-97.091728","0","176"
"8/28/2026 4:47:18 AM","32.958164","-97.091728","0","176"
"8/28/2026 4:47:19 AM","32.958168","-97.091728","0","176"
"8/28/2026 4:47:20 AM","32.958168","-97.091728","0","176"
"8/28/2026 4:47:21 AM","32.958168","-97.091728","0","176"
"8/28/2026 4:47:22 AM","32.958168","-97.091728","0","176"
"8/28/2026 4:47:23 AM","32.958168","-97.091728","0","176"
"8/28/2026 4:47:24 AM","32.958168","-97.091728","0","176"
"8/28/2026 4:47:25 AM","32.958168","-97.091728","0","176"
"8/28/2026 4:47:26 AM","32.958168","-97.091728","0","176"
"8/28/2026 4:47:27 AM","32.958168","-97.091728","0","176"
"8/28/2026 4:47:28 AM","32.958168","-97.091728","0","176"
"8/28/2026 4:47:29 AM","32.958168","-97.091728","0","175.9"
"8/28/2026 4:47:30 AM","32.958168","-97.091728","0","175.9"
"8/28/2026 4:47:31 AM","32.958168","-97.091728","0","175.9"
"8/28/2026 4:47:32 AM","32.958168","-97.091728","0","176"
"8/28/2026 4:47:33 AM","32.958168","-97.091728","0","175.9"
"8/28/2026 4:47:34 AM","32.958168","-97.091728","0","176"
"8/28/2026 4:47:35 AM","32.958168","-97.091728","0","176"
"8/28/2026 4:47:36 AM","32.958168","-97.091728","0","176"
"8/28/2026 4:47:37 AM","32.958168","-97.091728","0","176"
"8/28/2026 4:47:38 AM","32.958168","-97.091728","0","176"
"8/28/2026 4:47:39 AM","32.958168","-97.091728","0","176"
"8/28/2026 4:47:40 AM","32.958168","-97.091728","0","176"
"8/28/2026 4:47:41 AM","32.958168","-97.091728","0","176"
"8/28/2026 4:47:42 AM","32.958168","-97.091728","0","176.1"
"8/28/2026 4:47:43 AM","32.958168","-97.091728","0","176.1"
"8/28/2026 4:47:44 AM","32.958168","-97.091728","0","176.1"
"8/28/2026 4:47:45 AM","32.958168","-97.091728","0","176.1"
"8/28/2026 4:47:46 AM","32.958168","-97.091728","0","176.1"
"8/28/2026 4:47:47 AM","32.958168","-97.091728","0","176.1"
"8/28/2026 4:47:48 AM","32.958168","-97.091728","0","176.1"
"8/28/2026 4:47:49 AM","32.958168","-97.091728","0","176.1"
"8/28/2026 4:47:50 AM","32.958168","-97.091728","0","176.1"
"8/28/2026 4:47:51 AM","32.958168","-97.091751","0","176.1"
"8/28/2026 4:47:52 AM","32.958168","-97.091751","0","176.1"
"8/28/2026 4:47:53 AM","32.958168","-97.091751","0","176.1"
"8/28/2026 4:47:54 AM","32.958168","-97.091751","0","176.1"
"8/28/2026 4:47:55 AM","32.958168","-97.091751","0","176.1"
"8/28/2026 4:47:56 AM","32.958168","-97.091751","0","176.1"
"8/28/2026 4:47:57 AM","32.958168","-97.091751","0","176"
"8/28/2026 4:47:58 AM","32.958168","-97.091751","0","176"
"8/28/2026 4:47:59 AM","32.958168","-97.091751","0","176"
"8/28/2026 4:48:00 AM","32.958168","-97.091751","0","176"
"8/28/2026 4:48:01 AM","32.958168","-97.091751","0","176.1"
"8/28/2026 4:48:02 AM","32.958168","-97.091751","0","176.1"
"8/28/2026 4:48:03 AM","32.958168","-97.091751","0","176.1"
"8/28/2026 4:48:04 AM","32.958168","-97.091751","0","176.1"
"8/28/2026 4:48:05 AM","32.958168","-97.091751","0","176.1"
"8/28/2026 4:48:06 AM","32.958168","-97.091751","0","176.1"
"8/28/2026 4:48:07 AM","32.958168","-97.091751","0","176.1"
"8/28/2026 4:48:08 AM","32.958168","-97.091751","0","176.1"
"8/28/2026 4:48:09 AM","32.958168","-97.091751","0","176.1"
"8/28/2026 4:48:10 AM","32.958168","-97.091751","0","176.1"
"8/28/2026 4:48:11 AM","32.958168","-97.091751","0","176.2"
"8/28/2026 4:48:12 AM","32.958168","-97.091751","0","176.2"
"8/28/2026 4:48:13 AM","32.958168","-97.091751","0","176.2"
"8/28/2026 4:48:14 AM","32.958168","-97.091751","0","176.2"
"8/28/2026 4:48:15 AM","32.958168","-97.091751","0","176.2"
"8/28/2026 4:48:16 AM","32.958168","-97.091751","0","176.2"
"8/28/2026 4:48:17 AM","32.958168","-97.091751","0","176.2"
"8/28/2026 4:48:18 AM","32.958168","-97.091751","0","176.2"
"8/28/2026 4:48:19 AM","32.958168","-97.091751","0","176.3"
"8/28/2026 4:48:20 AM","32.958168","-97.091751","0","176.3"
"8/28/2026 4:48:21 AM","32.958168","-97.091751","0","176.3"
"8/28/2026 4:48:22 AM","32.958168","-97.091751","0","176.3"
"8/28/2026 4:48:23 AM","32.958168","-97.091751","0","176.3"
"8/28/2026 4:48:24 AM","32.958168","-97.091751","0","176.3"
"8/28/2026 4:48:25 AM","32.958168","-97.091751","0","176.3"
"8/28/2026 4:48:26 AM","32.958168","-97.091751","0","176.3"
"8/28/2026 4:48:27 AM","32.958168","-97.091751","0","176.3"
"8/28/2026 4:48:28 AM","32.958168","-97.091751","0","176.3"
"8/28/2026 4:48:29 AM","32.958168","-97.091751","0","176.3"
"8/28/2026 4:48:30 AM","32.958168","-97.091751","0","176.3"
"8/28/2026 4:48:31 AM","32.958168","-97.091751","0","176.3"
"8/28/2026 4:48:32 AM","32.958168","-97.091751","0","176.3"
"8/28/2026 4:48:33 AM","32.958168","-97.091751","0","176.3"
"8/28/2026 4:48:34 AM","32.958168","-97.091751","0","176.3"
"8/28/2026 4:48:35 AM","32.958168","-97.091728","0","176.3"
"8/28/2026 4:48:36 AM","32.958168","-97.091728","0","176.3"
"8/28/2026 4:48:37 AM","32.958168","-97.091728","0","176.3"
"8/28/2026 4:48:38 AM","32.958168","-97.091728","0","176.3"
"8/28/2026 4:48:39 AM","32.958168","-97.091728","0","176.3"
"8/28/2026 4:48:40 AM","32.958168","-97.091728","0","176.3"
"8/28/2026 4:48:41 AM","32.958168","-97.091728","0","176.3"
"8/28/2026 4:48:42 AM","32.958168","-97.091728","0","176.3"
"8/28/2026 4:48:43 AM","32.958168","-97.091728","0","176.2"
"8/28/2026 4:48:44 AM","32.958168","-97.091728","0","176.2"
"8/28/2026 4:48:45 AM","32.958168","-97.091728","0","176.2"
"8/28/2026 4:48:46 AM","32.958168","-97.091728","0","176.2"
"8/28/2026 4:48:47 AM","32.958168","-97.091728","0","176.2"
"8/28/2026 4:48:48 AM","32.958168","-97.091728","0","176.2"
"8/28/2026 4:48:49 AM","32.958168","-97.091728","0","176.2"
"8/28/2026 4:48:50 AM","32.958168","-97.091728","0","176.2"
"8/28/2026 4:48:51 AM","32.958168","-97.091728","0","176.2"
"8/28/2026 4:48:52 AM","32.958168","-97.091728","0","176.2"
"8/28/2026 4:48:53 AM","32.958168","-97.091728","0","176.2"
"8/28/2026 4:48:54 AM","32.958168","-97.091728","0","176.2"
"8/28/2026 4:48:55 AM","32.958168","-97.091728","0","176.2"
"8/28/2026 4:48:56 AM","32.958168","-97.091728","0","176.2"
"8/28/2026 4:48:57 AM","32.958168","-97.091728","0","176.2"
"8/28/2026 4:48:58 AM","32.958168","-97.091728","0","176.1"
"8/28/2026 4:48:59 AM","32.958168","-97.091728","0","176.1"
"8/28/2026 4:49:00 AM","32.958168","-97.091728","0","176.1"
"8/28/2026 4:49:01 AM","32.958168","-97.091728","0","176"
"8/28/2026 4:49:02 AM","32.958168","-97.091728","0","176"
"8/28/2026 4:49:03 AM","32.958168","-97.091728","0","176"
"8/28/2026 4:49:04 AM","32.958168","-97.091728","0","176"
"8/28/2026 4:49:05 AM","32.958168","-97.091728","0","176"
"8/28/2026 4:49:06 AM","32.958168","-97.091728","0","176"
"8/28/2026 4:49:07 AM","32.958168","-97.091728","0","176"
"8/28/2026 4:49:08 AM","32.958168","-97.091728","0","176"
"8/28/2026 4:49:09 AM","32.958168","-97.091728","0","176"
"8/28/2026 4:49:10 AM","32.958168","-97.091728","0","176"
"8/28/2026 4:49:11 AM","32.958168","-97.091728","0","176"
"8/28/2026 4:49:12 AM","32.958168","-97.091728","0","176"
"8/28/2026 4:49:13 AM","32.958168","-97.091728","0","176"
"8/28/2026 4:49:14 AM","32.958168","-97.091728","0","176"
"8/28/2026 4:49:15 AM","32.958168","-97.091728","0","176"
"8/28/2026 4:49:16 AM","32.958168","-97.091728","0","176"
"8/28/2026 4:49:17 AM","32.958168","-97.091728","0","176.1"
"8/28/2026 4:49:18 AM","32.958168","-97.091728","0","176.1"
"8/28/2026 4:49:19 AM","32.958168","-97.091728","0","176.1"
"8/28/2026 4:49:20 AM","32.958168","-97.091728","0","176.1"
"8/28/2026 4:49:21 AM","32.958168","-97.091728","0","176.1"
"8/28/2026 4:49:22 AM","32.958168","-97.091728","0","176.1"
"8/28/2026 4:49:23 AM","32.958168","-97.091728","0","176.1"
"8/28/2026 4:49:24 AM","32.958168","-97.091728","0","176.1"
"8/28/2026 4:49:25 AM","32.958168","-97.091728","0","176.2"
"8/28/2026 4:49:26 AM","32.958168","-97.091728","0","176.2"
"8/28/2026 4:49:27 AM","32.958168","-97.091728","0","176.2"
"8/28/2026 4:49:28 AM","32.958172","-97.091728","0","176.2"
"8/28/2026 4:49:29 AM","32.958172","-97.091728","0","176.2"
"8/28/2026 4:49:30 AM","32.958172","-97.091728","0","176.3"
"8/28/2026 4:49:31 AM","32.958172","-97.091728","0","176.3"
"8/28/2026 4:49:32 AM","32.958172","-97.091728","0","176.3"
"8/28/2026 4:49:33 AM","32.958172","-97.091728","0","176.3"
"8/28/2026 4:49:34 AM","32.958172","-97.091728","0","176.3"
"8/28/2026 4:49:35 AM","32.958172","-97.091728","0","176.3"
"8/28/2026 4:49:36 AM","32.958172","-97.091728","0","176.3"
"8/28/2026 4:49:37 AM","32.958172","-97.091728","0","176.3"
"8/28/2026 4:49:38 AM","32.958172","-97.091728","0","176.3"
"8/28/2026 4:49:39 AM","32.958172","-97.091728","0","176.3"
"8/28/2026 4:49:40 AM","32.958172","-97.091728","0","176.3"
"8/28/2026 4:49:41 AM","32.958172","-97.091728","0","176.3"
"8/28/2026 4:49:42 AM","32.958172","-97.091728","0","176.3"
"8/28/2026 4:49:43 AM","32.958172","-97.091728","0","176.2"
"8/28/2026 4:49:44 AM","32.958172","-97.091728","0","176.3"
"8/28/2026 4:49:45 AM","32.958172","-97.091728","0","176.3"
"8/28/2026 4:49:46 AM","32.958172","-97.091728","0","176.3"
"8/28/2026 4:49:47 AM","32.958172","-97.091728","0","176.3"
"8/28/2026 4:49:48 AM","32.958172","-97.091728","0","176.3"
"8/28/2026 4:49:49 AM","32.958172","-97.091728","0","176.3"
"8/28/2026 4:49:50 AM","32.958172","-97.091728","0","176.3"
"8/28/2026 4:49:51 AM","32.958172","-97.091728","0","176.3"
"8/28/2026 4:49:52 AM","32.958172","-97.091728","0","176.3"
"8/28/2026 4:49:53 AM","32.958172","-97.091728","0","176.3"
"8/28/2026 4:49:54 AM","32.958176","-97.091728","0","176.3"
"8/28/2026 4:49:55 AM","32.958176","-97.091728","0","176.3"
"8/28/2026 4:49:56 AM","32.958176","-97.091728","0","176.3"
"8/28/2026 4:49:57 AM","32.958176","-97.091728","0","176.3"
"8/28/2026 4:49:58 AM","32.958176","-97.091728","0","176.3"
"8/28/2026 4:49:59 AM","32.958176","-97.091728","0","176.4"
"8/28/2026 4:50:00 AM","32.958176","-97.091728","0","176.4"
"8/28/2026 4:50:01 AM","32.958176","-97.091728","0","176.4"
"8/28/2026 4:50:02 AM","32.958176","-97.091728","0","176.4"
"8/28/2026 4:50:03 AM","32.958176","-97.091728","0","176.4"
"8/28/2026 4:50:04 AM","32.958176","-97.091728","0","176.4"
"8/28/2026 4:50:05 AM","32.958179","-97.091728","0","176.3"
"8/28/2026 4:50:06 AM","32.958179","-97.091728","0","176.3"
"8/28/2026 4:50:07 AM","32.958179","-97.091751","0","176.3"
"8/28/2026 4:50:08 AM","32.958179","-97.091751","0","176.3"
"8/28/2026 4:50:09 AM","32.958179","-97.091751","0","176.4"
"8/28/2026 4:50:10 AM","32.958179","-97.091751","0","176.4"
"8/28/2026 4:50:11 AM","32.958179","-97.091751","0","176.3"
"8/28/2026 4:50:12 AM","32.958183","-97.091751","0","176.3"
"8/28/2026 4:50:13 AM","32.958183","-97.091751","0","176.3"
"8/28/2026 4:50:14 AM","32.958183","-97.091751","0","176.3"
"8/28/2026 4:50:15 AM","32.958183","-97.091751","0","176.3"
"8/28/2026 4:50:16 AM","32.958183","-97.091751","0","176.3"
"8/28/2026 4:50:17 AM","32.958183","-97.091751","0","176.3"
"8/28/2026 4:50:18 AM","32.958183","-97.091751","0","176.3"
"8/28/2026 4:50:19 AM","32.958183","-97.091751","0","176.3"
"8/28/2026 4:50:20 AM","32.958183","-97.091751","0","176.3"
"8/28/2026 4:50:21 AM","32.958183","-97.091751","0","176.3"
"8/28/2026 4:50:22 AM","32.958183","-97.091751","0","176.3"
"8/28/2026 4:50:23 AM","32.958183","-97.091751","0","176.3"
"8/28/2026 4:50:24 AM","32.958183","-97.091751","0","176.3"
"8/28/2026 4:50:25 AM","32.958183","-97.091751","0","176.3"
"8/28/2026 4:50:26 AM","32.958183","-97.091751","0","176.3"
"8/28/2026 4:50:27 AM","32.958187","-97.091751","1.461","176.3"
"8/28/2026 4:50:28 AM","32.958187","-97.091766","2.392","176.3"
"8/28/2026 4:50:29 AM","32.958183","-97.091782","2.609","176.3"
"8/28/2026 4:50:30 AM","32.958183","-97.091797","2.626","176.3"
"8/28/2026 4:50:31 AM","32.958183","-97.091812","3.168","176.3"
"8/28/2026 4:50:32 AM","32.958183","-97.091827","4.017","176.2"
"8/28/2026 4:50:33 AM","32.958179","-97.091843","3.37","176.2"
"8/28/2026 4:50:34 AM","32.958179","-97.091866","3","176"
"8/28/2026 4:50:35 AM","32.958179","-97.091896","3.954","175.9"
"8/28/2026 4:50:36 AM","32.958179","-97.091911","5.205","175.8"
"8/28/2026 4:50:37 AM","32.958179","-97.091942","5.616","175.7"
"8/28/2026 4:50:38 AM","32.958176","-97.091972","5.24","175.7"
"8/28/2026 4:50:39 AM","32.958172","-97.09201","6.479","175.7"
"8/28/2026 4:50:40 AM","32.958164","-97.092041","7.872","175.7"
"8/28/2026 4:50:41 AM","32.958141","-97.092087","8.577","175.8"
"8/28/2026 4:50:42 AM","32.958118","-97.092125","8.398","175.8"
"8/28/2026 4:50:43 AM","32.958092","-97.092155","7.904","176.3"
"8/28/2026 4:50:44 AM","32.958065","-97.092186","7.736","176.3"
"8/28/2026 4:50:45 AM","32.958042","-97.092216","8.277","176.3"
"8/28/2026 4:50:46 AM","32.958012","-97.092255","8.007","176.6"
"8/28/2026 4:50:47 AM","32.957993","-97.092285","6.219","176.8"
"8/28/2026 4:50:48 AM","32.957973","-97.092316","4.743","176.8"
"8/28/2026 4:50:49 AM","32.957962","-97.092331","3.79","176.9"
"8/28/2026 4:50:50 AM","32.957947","-97.092354","4.435","176.9"
"8/28/2026 4:50:51 AM","32.957935","-97.092384","6.016","176.9"
"8/28/2026 4:50:52 AM","32.957909","-97.0924","7.925","177.1"
"8/28/2026 4:50:53 AM","32.957886","-97.092445","8.345","177.1"
"8/28/2026 4:50:54 AM","32.957859","-97.092461","7.367","177.1"
"8/28/2026 4:50:55 AM","32.957832","-97.092499","6.089","177.1"
"8/28/2026 4:50:56 AM","32.957809","-97.092499","5.892","177.1"
"8/28/2026 4:50:57 AM","32.957779","-97.092499","6.748","177.4"
"8/28/2026 4:50:58 AM","32.957748","-97.092499","7.66","177.4"
"8/28/2026 4:50:59 AM","32.957714","-97.092461","8.31","177.3"
"8/28/2026 4:51:00 AM","32.957687","-97.092445","8.558","177.3"
"8/28/2026 4:51:01 AM","32.957657","-97.092415","8.63","177.2"
"8/28/2026 4:51:02 AM","32.95763","-97.092384","7.605","177.1"
"8/28/2026 4:51:03 AM","32.957603","-97.092354","6.483","177"
"8/28/2026 4:51:04 AM","32.957584","-97.092331","6.053","177"
"8/28/2026 4:51:05 AM","32.957565","-97.092316","7.19","176.9"
"8/28/2026 4:51:06 AM","32.957531","-97.092285","10.127","176.9"
"8/28/2026 4:51:07 AM","32.957497","-97.092255","11.523","176.7"
"8/28/2026 4:51:08 AM","32.957451","-97.092201","12.084","176.7"
"8/28/2026 4:51:09 AM","32.957409","-97.092155","10.789","176.6"
"8/28/2026 4:51:10 AM","32.957386","-97.09214","4.469","176.6"
"8/28/2026 4:51:11 AM","32.957382","-97.092125","0","176.6"
"8/28/2026 4:51:12 AM","32.957378","-97.092125","0","176.5"
"8/28/2026 4:51:13 AM","32.957378","-97.092125","0","176.5"
"8/28/2026 4:51:14 AM","32.957378","-97.092125","0","176.5"
"8/28/2026 4:51:15 AM","32.957378","-97.092125","0","176.6"
"8/28/2026 4:51:16 AM","32.957378","-97.092125","0","176.6"
"8/28/2026 4:51:17 AM","32.957378","-97.092125","0","176.6"
"8/28/2026 4:51:18 AM","32.957378","-97.092125","0","176.6"
"8/28/2026 4:51:19 AM","32.957378","-97.092125","0","176.5"
"8/28/2026 4:51:20 AM","32.957382","-97.092125","0","176.5"
"8/28/2026 4:51:21 AM","32.957394","-97.09214","3.755","176.5"
"8/28/2026 4:51:22 AM","32.957405","-97.092155","3.825","176.6"
"8/28/2026 4:51:23 AM","32.95742","-97.092171","3.178","176.6"
"8/28/2026 4:51:24 AM","32.957432","-97.092171","2.281","176.5"
"8/28/2026 4:51:25 AM","32.957439","-97.092186","1.928","176.6"
"8/28/2026 4:51:26 AM","32.957439","-97.092186","1.92","176.6"
"8/28/2026 4:51:27 AM","32.957447","-97.092186","1.852","176.7"
"8/28/2026 4:51:28 AM","32.957451","-97.092201","0","176.7"
"8/28/2026 4:51:29 AM","32.957447","-97.092186","1.341","176.6"
"8/28/2026 4:51:30 AM","32.957443","-97.092186","3.859","176.6"
"8/28/2026 4:51:31 AM","32.957451","-97.092155","5.684","176.8"
"8/28/2026 4:51:32 AM","32.957462","-97.092125","6.4","176.9"
"8/28/2026 4:51:33 AM","32.957481","-97.092087","6.947","177.4"
"8/28/2026 4:51:34 AM","32.957504","-97.092056","8.923","177.8"
"8/28/2026 4:51:35 AM","32.957535","-97.092026","10.528","177.6"
"8/28/2026 4:51:36 AM","32.957573","-97.091972","10.931","177.7"
"8/28/2026 4:51:37 AM","32.9576","-97.091927","9.424","177.4"
"8/28/2026 4:51:38 AM","32.957623","-97.091896","8.737","177.2"
"8/28/2026 4:51:39 AM","32.95763","-97.091843","7.551","177.3"
"8/28/2026 4:51:40 AM","32.957638","-97.091797","6.981","177.1"
"8/28/2026 4:51:41 AM","32.957642","-97.091766","6.96","176.6"
"8/28/2026 4:51:42 AM","32.957642","-97.091728","7.573","176.8"
"8/28/2026 4:51:43 AM","32.957645","-97.091682","10.271","176.9"
"8/28/2026 4:51:44 AM","32.957642","-97.091621","12.102","177"
"8/28/2026 4:51:45 AM","32.957642","-97.091553","12.529","176.8"
"8/28/2026 4:51:46 AM","32.957642","-97.091469","12.535","176.6"
"8/28/2026 4:51:47 AM","32.957638","-97.091408","12.366","176.3"
"8/28/2026 4:51:48 AM","32.957638","-97.091339","10.977","176.1"
"8/28/2026 4:51:49 AM","32.957634","-97.091293","8.067","175.9"
"8/28/2026 4:51:50 AM","32.957634","-97.09124","7.697","175.8"
"8/28/2026 4:51:51 AM","32.957634","-97.091209","8","175.6"
"8/28/2026 4:51:52 AM","32.957634","-97.091164","10.006","175.6"
"8/28/2026 4:51:53 AM","32.957638","-97.091095","11.134","175.5"
"8/28/2026 4:51:54 AM","32.957638","-97.091034","10.659","175.4"
"8/28/2026 4:51:55 AM","32.957634","-97.090981","8.912","175.3"
"8/28/2026 4:51:56 AM","32.95763","-97.090935","7.227","175.1"
"8/28/2026 4:51:57 AM","32.957626","-97.090904","6.192","174.6"
"8/28/2026 4:51:58 AM","32.957623","-97.090866","4.917","174.6"
"8/28/2026 4:51:59 AM","32.957607","-97.090851","3.924","174.2"
"8/28/2026 4:52:00 AM","32.9576","-97.090836","3.397","173.8"
"8/28/2026 4:52:01 AM","32.957584","-97.09082","4.661","173.8"
"8/28/2026 4:52:02 AM","32.957558","-97.09082","7.444","173.3"
"8/28/2026 4:52:03 AM","32.95752","-97.09082","9.54","173.7"
"8/28/2026 4:52:04 AM","32.957462","-97.09082","14.614","173.7"
"8/28/2026 4:52:05 AM","32.957386","-97.09082","16.684","173.3"
"8/28/2026 4:52:06 AM","32.957298","-97.09082","20.437","173.2"
"8/28/2026 4:52:07 AM","32.957199","-97.09082","21.878","173.2"
"8/28/2026 4:52:08 AM","32.957088","-97.09082","24.121","174.4"
"8/28/2026 4:52:09 AM","32.95697","-97.09082","26.121","174.4"
"8/28/2026 4:52:10 AM","32.956844","-97.09082","27.479","175"
"8/28/2026 4:52:11 AM","32.956711","-97.09082","28.171","175.5"
"8/28/2026 4:52:12 AM","32.956581","-97.09082","28.625","175.7"
"8/28/2026 4:52:13 AM","32.95644","-97.090836","28.817","175.6"
"8/28/2026 4:52:14 AM","32.956306","-97.090836","29.327","175.4"
"8/28/2026 4:52:15 AM","32.956165","-97.090836","29.762","175"
"8/28/2026 4:52:16 AM","32.95602","-97.090836","29.77","174.6"
"8/28/2026 4:52:17 AM","32.955883","-97.090836","29.157","174.2"
"8/28/2026 4:52:18 AM","32.955753","-97.090836","28.04","173.9"
"8/28/2026 4:52:19 AM","32.955624","-97.090836","26.323","173.7"
"8/28/2026 4:52:20 AM","32.955505","-97.090836","25.384","173.6"
"8/28/2026 4:52:21 AM","32.955391","-97.090836","23.435","173.5"
"8/28/2026 4:52:22 AM","32.955288","-97.09082","21.965","173.4"
"8/28/2026 4:52:23 AM","32.955196","-97.09082","18.781","173.2"
"8/28/2026 4:52:24 AM","32.95512","-97.090805","14.479","173.1"
"8/28/2026 4:52:25 AM","32.955063","-97.090805","11.238","173"
"8/28/2026 4:52:26 AM","32.955025","-97.09079","7.277","173.4"
"8/28/2026 4:52:27 AM","32.954998","-97.09079","5.364","173.6"
"8/28/2026 4:52:28 AM","32.954979","-97.09079","3.447","173.6"
"8/28/2026 4:52:29 AM","32.954967","-97.09079","2.563","173.6"
"8/28/2026 4:52:30 AM","32.95496","-97.09079","0","173.6"
"8/28/2026 4:52:31 AM","32.954956","-97.09079","0","173.6"
"8/28/2026 4:52:32 AM","32.954952","-97.09079","0","173.5"
"8/28/2026 4:52:33 AM","32.954937","-97.09079","4.594","173.5"
"8/28/2026 4:52:34 AM","32.954903","-97.090775","9.832","173.5"
"8/28/2026 4:52:35 AM","32.954861","-97.090736","11.46","173.5"
"8/28/2026 4:52:36 AM","32.954826","-97.090691","12.038","172.8"
"8/28/2026 4:52:37 AM","32.9548","-97.090622","14.808","172"
"8/28/2026 4:52:38 AM","32.954781","-97.090546","16.635","171.4"
"8/28/2026 4:52:39 AM","32.954769","-97.090431","19.352","171.4"
"8/28/2026 4:52:40 AM","32.954765","-97.090317","21.28","170.1"
"8/28/2026 4:52:41 AM","32.954769","-97.090202","23.426","169.8"
"8/28/2026 4:52:42 AM","32.954773","-97.090057","25.014","170.1"
"8/28/2026 4:52:43 AM","32.954777","-97.089912","26.226","170.7"
"8/28/2026 4:52:44 AM","32.954777","-97.08976","27.342","170.8"
"8/28/2026 4:52:45 AM","32.954777","-97.089615","28.147","170.8"
"8/28/2026 4:52:46 AM","32.954777","-97.089455","28.328","170.7"
"8/28/2026 4:52:47 AM","32.954777","-97.089287","28.352","170.8"
"8/28/2026 4:52:48 AM","32.954777","-97.089142","28.644","170.9"
"8/28/2026 4:52:49 AM","32.954765","-97.088982","29.245","171.2"
"8/28/2026 4:52:50 AM","32.954754","-97.088821","29.9","171.4"
"8/28/2026 4:52:51 AM","32.954735","-97.088638","30.571","171.6"
"8/28/2026 4:52:52 AM","32.954716","-97.088478","31.018","171.5"
"8/28/2026 4:52:53 AM","32.954693","-97.088295","31.446","171.4"
"8/28/2026 4:52:54 AM","32.954666","-97.088135","31.847","171.4"
"8/28/2026 4:52:55 AM","32.954639","-97.087959","32.078","171.4"
"8/28/2026 4:52:56 AM","32.954609","-97.087776","32.318","171.2"
"8/28/2026 4:52:57 AM","32.954586","-97.087601","32.638","171.1"
"8/28/2026 4:52:58 AM","32.954556","-97.087418","32.996","170.8"
"8/28/2026 4:52:59 AM","32.954533","-97.087242","33.241","170.5"
"8/28/2026 4:53:00 AM","32.954506","-97.087059","33.316","170.3"
"8/28/2026 4:53:01 AM","32.954479","-97.086868","33.368","170"
"8/28/2026 4:53:02 AM","32.954453","-97.086685","33.375","169.7"
"8/28/2026 4:53:03 AM","32.954422","-97.08651","33.402","169.4"
"8/28/2026 4:53:04 AM","32.954384","-97.086327","33.926","169.3"
"8/28/2026 4:53:05 AM","32.95433","-97.086151","33.993","169.2"
"8/28/2026 4:53:06 AM","32.954258","-97.085983","34.192","169.4"
"8/28/2026 4:53:07 AM","32.954163","-97.085823","35.471","169.7"
"8/28/2026 4:53:08 AM","32.95406","-97.085663","35.218","170.9"
"8/28/2026 4:53:09 AM","32.953941","-97.085533","35.485","171.7"
"8/28/2026 4:53:10 AM","32.953812","-97.085403","35.112","172.1"
"8/28/2026 4:53:11 AM","32.953674","-97.085304","35.577","172.1"
"8/28/2026 4:53:12 AM","32.953529","-97.085205","35.119","172.2"
"8/28/2026 4:53:13 AM","32.953381","-97.085121","35.311","171.2"
"8/28/2026 4:53:14 AM","32.953232","-97.085045","35.336","170.8"
"8/28/2026 4:53:15 AM","32.953079","-97.084961","35.5","170.7"
"8/28/2026 4:53:16 AM","32.95293","-97.084862","35.793","170.5"
"8/28/2026 4:53:17 AM","32.952778","-97.084785","35.555","170.5"
"8/28/2026 4:53:18 AM","32.952629","-97.084702","35.199","170"
"8/28/2026 4:53:19 AM","32.952488","-97.084602","35.029","169.9"
"8/28/2026 4:53:20 AM","32.952343","-97.084503","35.077","169.9"
"8/28/2026 4:53:21 AM","32.952202","-97.084404","35.141","170.1"
"8/28/2026 4:53:22 AM","32.952061","-97.084312","35.717","170.2"
"8/28/2026 4:53:23 AM","32.951916","-97.084213","36.288","170.2"
"8/28/2026 4:53:24 AM","32.951782","-97.084099","36.27","170.3"
"8/28/2026 4:53:25 AM","32.95166","-97.083954","36.194","170.7"
"8/28/2026 4:53:26 AM","32.951538","-97.083809","36.591","170.7"
"8/28/2026 4:53:27 AM","32.951427","-97.083656","36.301","170.8"
"8/28/2026 4:53:28 AM","32.951328","-97.083496","35.313","170.9"
"8/28/2026 4:53:29 AM","32.951237","-97.083351","34.397","171"
"8/28/2026 4:53:30 AM","32.951157","-97.083183","33.524","171.1"
"8/28/2026 4:53:31 AM","32.951088","-97.083008","33.489","171.1"
"8/28/2026 4:53:32 AM","32.951031","-97.082848","33.734","170.8"
"8/28/2026 4:53:33 AM","32.950985","-97.082664","33.732","170.7"
"8/28/2026 4:53:34 AM","32.950943","-97.082489","33.195","170.5"
"8/28/2026 4:53:35 AM","32.950905","-97.082306","32.971","170.1"
"8/28/2026 4:53:36 AM","32.950859","-97.082146","32.126","169.9"
"8/28/2026 4:53:37 AM","32.950809","-97.081963","31.335","170"
"8/28/2026 4:53:38 AM","32.95076","-97.081818","30.331","170.2"
"8/28/2026 4:53:39 AM","32.950703","-97.081673","29.413","170.6"
"8/28/2026 4:53:40 AM","32.950638","-97.081528","29.646","171.3"
"8/28/2026 4:53:41 AM","32.950562","-97.081398","29.396","172"
"8/28/2026 4:53:42 AM","32.950481","-97.081268","28.204","173.2"
"8/28/2026 4:53:43 AM","32.95039","-97.081154","28.532","174.6"
"8/28/2026 4:53:44 AM","32.950294","-97.081055","28.457","176.6"
"8/28/2026 4:53:45 AM","32.950195","-97.080956","28.246","178.3"
"8/28/2026 4:53:46 AM","32.950081","-97.080879","29.285","178.3"
"8/28/2026 4:53:47 AM","32.949963","-97.080795","29.361","179.9"
"8/28/2026 4:53:48 AM","32.949837","-97.080727","29.52","180.8"
"8/28/2026 4:53:49 AM","32.949703","-97.080681","30.203","180.8"
"8/28/2026 4:53:50 AM","32.949566","-97.08065","30.742","181.6"
"8/28/2026 4:53:51 AM","32.949417","-97.080635","32.356","182.3"
"8/28/2026 4:53:52 AM","32.949265","-97.080612","33.107","182.3"
"8/28/2026 4:53:53 AM","32.949112","-97.080612","32.772","182.5"
"8/28/2026 4:53:54 AM","32.948959","-97.080612","33.475","182.7"
"8/28/2026 4:53:55 AM","32.948799","-97.080635","33.786","182"
"8/28/2026 4:53:56 AM","32.948643","-97.080635","34.529","181.8"
"8/28/2026 4:53:57 AM","32.948479","-97.080635","34.584","181.9"
"8/28/2026 4:53:58 AM","32.948322","-97.080612","34.11","182"
"8/28/2026 4:53:59 AM","32.94817","-97.080597","33.388","182.1"
"8/28/2026 4:54:00 AM","32.948017","-97.080566","33.366","182.3"
"8/28/2026 4:54:01 AM","32.947872","-97.080498","32.728","182.3"
"8/28/2026 4:54:02 AM","32.947735","-97.080437","32.709","182.8"
"8/28/2026 4:54:03 AM","32.947598","-97.080353","32.464","183.1"
"8/28/2026 4:54:04 AM","32.947475","-97.080254","30.952","183.1"
"8/28/2026 4:54:05 AM","32.947365","-97.080147","30.949","182.9"
"8/28/2026 4:54:06 AM","32.947258","-97.080032","31.009","183.1"
"8/28/2026 4:54:07 AM","32.947151","-97.079918","32.043","183.1"
"8/28/2026 4:54:08 AM","32.947044","-97.079788","32.42","183.4"
"8/28/2026 4:54:09 AM","32.946945","-97.079659","32.209","183.4"
"8/28/2026 4:54:10 AM","32.946854","-97.079506","32.138","183.4"
"8/28/2026 4:54:11 AM","32.946774","-97.079361","31.719","182.5"
"8/28/2026 4:54:12 AM","32.946712","-97.079201","31.881","182.1"
"8/28/2026 4:54:13 AM","32.946655","-97.079033","31.877","182.1"
"8/28/2026 4:54:14 AM","32.946617","-97.078857","32.716","182.1"
"8/28/2026 4:54:15 AM","32.94659","-97.078682","32.987","182.1"
"8/28/2026 4:54:16 AM","32.946575","-97.078499","32.105","182.1"
"8/28/2026 4:54:17 AM","32.946575","-97.078339","29.704","181.8"
"8/28/2026 4:54:18 AM","32.946579","-97.078171","25.62","181.8"
"8/28/2026 4:54:19 AM","32.946583","-97.078056","19.677","181.8"
"8/28/2026 4:54:20 AM","32.946583","-97.077965","14.305","182.6"
"8/28/2026 4:54:21 AM","32.946583","-97.077896","10.079","182.7"
"8/28/2026 4:54:22 AM","32.946571","-97.07785","9.07","182.7"
"8/28/2026 4:54:23 AM","32.946541","-97.077812","8.262","182.1"
"8/28/2026 4:54:24 AM","32.94651","-97.077797","8.771","182.1"
"8/28/2026 4:54:25 AM","32.946468","-97.077782","10.001","182.1"
"8/28/2026 4:54:26 AM","32.946415","-97.077782","13.365","181.7"
"8/28/2026 4:54:27 AM","32.94635","-97.077782","15.578","181.1"
"8/28/2026 4:54:28 AM","32.946266","-97.077782","18.926","181.2"
"8/28/2026 4:54:29 AM","32.946175","-97.077766","20.117","181.4"
"8/28/2026 4:54:30 AM","32.946079","-97.077766","22.796","181.2"
"8/28/2026 4:54:31 AM","32.945969","-97.077766","24.344","181.2"
"8/28/2026 4:54:32 AM","32.94585","-97.077766","26.112","181"
"8/28/2026 4:54:33 AM","32.945724","-97.077766","27.473","181"
"8/28/2026 4:54:34 AM","32.945591","-97.077751","28.654","181.6"
"8/28/2026 4:54:35 AM","32.945454","-97.077751","29.556","182"
"8/28/2026 4:54:36 AM","32.945312","-97.077751","30.284","182.1"
"8/28/2026 4:54:37 AM","32.945171","-97.077751","31.01","182.2"
"8/28/2026 4:54:38 AM","32.945023","-97.077751","31.486","182.3"
"8/28/2026 4:54:39 AM","32.944874","-97.077751","31.548","182.5"
"8/28/2026 4:54:40 AM","32.944725","-97.077751","30.868","182.7"
"8/28/2026 4:54:41 AM","32.944584","-97.077751","29.852","183.1"
"8/28/2026 4:54:42 AM","32.944447","-97.077751","29.15","183.5"
"8/28/2026 4:54:43 AM","32.944313","-97.077751","29.156","184.1"
"8/28/2026 4:54:44 AM","32.944172","-97.077751","29.686","184.3"
"8/28/2026 4:54:45 AM","32.944035","-97.077751","29.848","184.7"
"8/28/2026 4:54:46 AM","32.943893","-97.077751","29.859","185"
"8/28/2026 4:54:47 AM","32.943752","-97.077751","29.554","185.4"
"8/28/2026 4:54:48 AM","32.943615","-97.077766","29.166","185.8"
"8/28/2026 4:54:49 AM","32.943481","-97.077766","29.16","186.1"
"8/28/2026 4:54:50 AM","32.943344","-97.077766","29.437","186.4"
"8/28/2026 4:54:51 AM","32.943211","-97.077766","29.477","186.7"
"8/28/2026 4:54:52 AM","32.943073","-97.077782","29.051","187.2"
"8/28/2026 4:54:53 AM","32.94294","-97.077782","28.421","187.7"
"8/28/2026 4:54:54 AM","32.94281","-97.077782","28.069","188"
"8/28/2026 4:54:55 AM","32.942677","-97.077782","28.08","188.4"
"8/28/2026 4:54:56 AM","32.942547","-97.077782","28.112","188.7"
"8/28/2026 4:54:57 AM","32.942417","-97.077782","28.165","189"
"8/28/2026 4:54:58 AM","32.942284","-97.077782","28.225","189.2"
"8/28/2026 4:54:59 AM","32.942154","-97.077797","28.265","189.4"
"8/28/2026 4:55:00 AM","32.942024","-97.077797","27.863","189.8"
"8/28/2026 4:55:01 AM","32.941898","-97.077812","27.07","189.9"
"8/28/2026 4:55:02 AM","32.941772","-97.077835","26.227","189.9"
"8/28/2026 4:55:03 AM","32.941658","-97.077866","24.068","190.1"
"8/28/2026 4:55:04 AM","32.941555","-97.077911","23.051","190.4"
"8/28/2026 4:55:05 AM","32.94146","-97.07795","21.511","190.4"
"8/28/2026 4:55:06 AM","32.941372","-97.077995","17.937","191"
"8/28/2026 4:55:07 AM","32.941307","-97.078026","14.167","191.5"
"8/28/2026 4:55:08 AM","32.941261","-97.078056","10.305","191.5"
"8/28/2026 4:55:09 AM","32.941227","-97.078079","6.128","192.8"
"8/28/2026 4:55:10 AM","32.941212","-97.078079","3.98","193.1"
"8/28/2026 4:55:11 AM","32.9412","-97.078079","2.284","193.1"
"8/28/2026 4:55:12 AM","32.941196","-97.078094","1.552","193.1"
"8/28/2026 4:55:13 AM","32.941189","-97.078094","1.179","193.2"
"8/28/2026 4:55:14 AM","32.941177","-97.078094","3.23","193.3"
"8/28/2026 4:55:15 AM","32.941158","-97.07811","7.771","193.2"
"8/28/2026 4:55:16 AM","32.941116","-97.078094","10.893","193.3"
"8/28/2026 4:55:17 AM","32.941074","-97.078056","12.466","193.3"
"8/28/2026 4:55:18 AM","32.941032","-97.078011","11.518","193.6"
"8/28/2026 4:55:19 AM","32.941017","-97.07795","14.293","193.4"
"8/28/2026 4:55:20 AM","32.941006","-97.077866","16.968","193.2"
"8/28/2026 4:55:21 AM","32.941002","-97.077751","18.833","192.8"
"8/28/2026 4:55:22 AM","32.941002","-97.077652","20.635","192.9"
"8/28/2026 4:55:23 AM","32.941006","-97.077522","22.582","192.7"
"8/28/2026 4:55:24 AM","32.941006","-97.077393","24.585","192.8"
"8/28/2026 4:55:25 AM","32.941006","-97.077263","26.425","192.8"
"8/28/2026 4:55:26 AM","32.941006","-97.077103","27.778","192.7"
"8/28/2026 4:55:27 AM","32.941006","-97.07695","28.771","192.5"
"8/28/2026 4:55:28 AM","32.941006","-97.07679","29.558","192.4"
"8/28/2026 4:55:29 AM","32.941006","-97.076614","30.195","192.2"
"8/28/2026 4:55:30 AM","32.941013","-97.076447","30.755","192"
"8/28/2026 4:55:31 AM","32.941013","-97.076286","30.786","191.9"
"8/28/2026 4:55:32 AM","32.941013","-97.076103","30.606","191.6"
"8/28/2026 4:55:33 AM","32.941013","-97.075943","30.37","191.4"
"8/28/2026 4:55:34 AM","32.941013","-97.075768","30.181","191.1"
"8/28/2026 4:55:35 AM","32.941013","-97.0756","30.107","190.8"
"8/28/2026 4:55:36 AM","32.941017","-97.075439","30.271","190.7"
"8/28/2026 4:55:37 AM","32.941017","-97.075279","30.256","190.4"
"8/28/2026 4:55:38 AM","32.941017","-97.075096","29.907","190.2"
"8/28/2026 4:55:39 AM","32.941017","-97.074936","30.021","189.9"
"8/28/2026 4:55:40 AM","32.941017","-97.074776","29.303","189.8"
"8/28/2026 4:55:41 AM","32.941013","-97.074608","28.83","189.5"
"8/28/2026 4:55:42 AM","32.941013","-97.074463","28.128","189.3"
"8/28/2026 4:55:43 AM","32.941013","-97.074318","26.306","189.3"
"8/28/2026 4:55:44 AM","32.941013","-97.074173","25.071","188.8"
"8/28/2026 4:55:45 AM","32.941013","-97.074043","25.017","188.7"
"8/28/2026 4:55:46 AM","32.941013","-97.073891","26.084","188.4"
"8/28/2026 4:55:47 AM","32.941013","-97.073746","24.939","188.3"
"8/28/2026 4:55:48 AM","32.941013","-97.073601","28.089","188.1"
"8/28/2026 4:55:49 AM","32.941013","-97.073441","29.119","188.1"
"8/28/2026 4:55:50 AM","32.941013","-97.073273","29.927","188.2"
"8/28/2026 4:55:51 AM","32.941006","-97.073112","30.773","188.3"
"8/28/2026 4:55:52 AM","32.941006","-97.072929","31.637","188.4"
"8/28/2026 4:55:53 AM","32.941002","-97.072754","32.391","188.4"
"8/28/2026 4:55:54 AM","32.941002","-97.072578","33.073","188.4"
"8/28/2026 4:55:55 AM","32.941002","-97.072395","33.608","188.4"
"8/28/2026 4:55:56 AM","32.940998","-97.07222","34.165","188.5"
"8/28/2026 4:55:57 AM","32.940998","-97.072021","34.515","188.5"
"8/28/2026 4:55:58 AM","32.940994","-97.071823","34.576","188.9"
"8/28/2026 4:55:59 AM","32.940994","-97.071632","34.776","189.1"
"8/28/2026 4:56:00 AM","32.940994","-97.071449","34.727","189.2"
"8/28/2026 4:56:01 AM","32.940994","-97.071259","34.781","189.3"
"8/28/2026 4:56:02 AM","32.94099","-97.07106","35.039","189.3"
"8/28/2026 4:56:03 AM","32.94099","-97.070869","35.082","189.3"
"8/28/2026 4:56:04 AM","32.94099","-97.070671","35.323","189.3"
"8/28/2026 4:56:05 AM","32.940987","-97.070473","35.724","189.1"
"8/28/2026 4:56:06 AM","32.940987","-97.070282","36.112","189.1"
"8/28/2026 4:56:07 AM","32.94099","-97.070084","36.124","188.9"
"8/28/2026 4:56:08 AM","32.94099","-97.06987","36.375","188.7"
"8/28/2026 4:56:09 AM","32.940987","-97.069679","36.179","188.7"
"8/28/2026 4:56:10 AM","32.940987","-97.069481","35.576","188.3"
"8/28/2026 4:56:11 AM","32.940983","-97.06929","34.96","188.1"
"8/28/2026 4:56:12 AM","32.940983","-97.069092","34.409","188.1"
"8/28/2026 4:56:13 AM","32.940983","-97.068893","34.609","187.8"
"8/28/2026 4:56:14 AM","32.940983","-97.068703","35.378","187.6"
"8/28/2026 4:56:15 AM","32.940983","-97.068504","35.978","187.6"
"8/28/2026 4:56:16 AM","32.940983","-97.068314","36.486","187.3"
"8/28/2026 4:56:17 AM","32.940983","-97.068115","37.004","187.1"
"8/28/2026 4:56:18 AM","32.940983","-97.067902","36.986","187.1"
"8/28/2026 4:56:19 AM","32.940983","-97.067711","36.502","187.1"
"8/28/2026 4:56:20 AM","32.940983","-97.067497","36.443","187.2"
"8/28/2026 4:56:21 AM","32.940983","-97.067299","36.4","187.4"
"8/28/2026 4:56:22 AM","32.940983","-97.067108","36.415","187.5"
"8/28/2026 4:56:23 AM","32.940987","-97.06691","35.691","187.6"
"8/28/2026 4:56:24 AM","32.940994","-97.066719","34.805","187.7"
"8/28/2026 4:56:25 AM","32.941002","-97.066521","33.641","187.8"
"8/28/2026 4:56:26 AM","32.941025","-97.066338","31.343","187.8"
"8/28/2026 4:56:27 AM","32.941044","-97.066177","30.014","187.5"
"8/28/2026 4:56:28 AM","32.941063","-97.066017","28.569","187.5"
"8/28/2026 4:56:29 AM","32.941086","-97.065872","26.445","187.5"
"8/28/2026 4:56:30 AM","32.941109","-97.065742","24.435","187.5"
"8/28/2026 4:56:31 AM","32.941128","-97.065605","22.88","187.2"
"8/28/2026 4:56:32 AM","32.941151","-97.065498","22.361","186.9"
"8/28/2026 4:56:33 AM","32.941174","-97.065361","23.488","186.8"
"8/28/2026 4:56:34 AM","32.941208","-97.065254","25.147","186.5"
"8/28/2026 4:56:35 AM","32.941238","-97.065102","26.448","186.5"
"8/28/2026 4:56:36 AM","32.941277","-97.064972","27.307","185.9"
"8/28/2026 4:56:37 AM","32.941322","-97.064827","28.068","185.5"
"8/28/2026 4:56:38 AM","32.941364","-97.064682","29.304","185.5"
"8/28/2026 4:56:39 AM","32.94141","-97.064522","30.738","184.5"
"8/28/2026 4:56:40 AM","32.941463","-97.064354","32.244","183.6"
"8/28/2026 4:56:41 AM","32.941521","-97.064178","33.799","183.6"
"8/28/2026 4:56:42 AM","32.941586","-97.063995","35.792","181.7"
"8/28/2026 4:56:43 AM","32.941658","-97.06382","36.724","181.1"
"8/28/2026 4:56:44 AM","32.941734","-97.063637","37.949","181.1"
"8/28/2026 4:56:45 AM","32.941818","-97.063446","38.794","179.6"
"8/28/2026 4:56:46 AM","32.941906","-97.063263","38.996","178.9"
"8/28/2026 4:56:47 AM","32.942005","-97.063072","39.152","178.9"
"8/28/2026 4:56:48 AM","32.942104","-97.062889","39.616","177.2"
"8/28/2026 4:56:49 AM","32.942211","-97.062714","40.225","176.3"
"8/28/2026 4:56:50 AM","32.942326","-97.062531","40.477","175.6"
"8/28/2026 4:56:51 AM","32.942444","-97.062355","40.445","174.8"
"8/28/2026 4:56:52 AM","32.942566","-97.062187","40.47","174.1"
"8/28/2026 4:56:53 AM","32.942692","-97.062027","40.501","173.6"
"8/28/2026 4:56:54 AM","32.942822","-97.061852","40.477","173.3"
"8/28/2026 4:56:55 AM","32.942951","-97.061699","40.434","173"
"8/28/2026 4:56:56 AM","32.943089","-97.061539","40.081","173"
"8/28/2026 4:56:57 AM","32.943226","-97.061394","40.032","172.7"
"8/28/2026 4:56:58 AM","32.943359","-97.061249","39.999","172.7"
"8/28/2026 4:56:59 AM","32.943497","-97.061104","40.067","172.9"
"8/28/2026 4:57:00 AM","32.943638","-97.060936","40.383","173.2"
"8/28/2026 4:57:01 AM","32.943771","-97.060791","40.338","173.6"
"8/28/2026 4:57:02 AM","32.943909","-97.060646","39.73","173.6"
"8/28/2026 4:57:03 AM","32.944042","-97.060501","38.944","174.5"
"8/28/2026 4:57:04 AM","32.944172","-97.060349","37.953","175.1"
"8/28/2026 4:57:05 AM","32.944302","-97.060219","36.683","175.1"
"8/28/2026 4:57:06 AM","32.944431","-97.060089","36.05","176.1"
"8/28/2026 4:57:07 AM","32.944546","-97.059944","36.005","176.5"
"8/28/2026 4:57:08 AM","32.944664","-97.059814","35.667","176.5"
"8/28/2026 4:57:09 AM","32.944782","-97.059669","35.231","177.5"
"8/28/2026 4:57:10 AM","32.944897","-97.05954","34.91","177.5"
"8/28/2026 4:57:11 AM","32.945011","-97.05941","34.45","177.9"
"8/28/2026 4:57:12 AM","32.945126","-97.05928","33.681","178.6"
"8/28/2026 4:57:13 AM","32.94524","-97.059166","32.859","178.9"
"8/28/2026 4:57:14 AM","32.945351","-97.059036","32.657","178.9"
"8/28/2026 4:57:15 AM","32.945457","-97.058907","32.911","179.3"
"8/28/2026 4:57:16 AM","32.945572","-97.058792","33.532","179.5"
"8/28/2026 4:57:17 AM","32.945686","-97.058662","34.5","179.7"
"8/28/2026 4:57:18 AM","32.945805","-97.058525","35.514","179.7"
"8/28/2026 4:57:19 AM","32.945927","-97.058395","36.439","179.8"
"8/28/2026 4:57:20 AM","32.946049","-97.05825","37.074","179.9"
"8/28/2026 4:57:21 AM","32.946175","-97.058105","37.522","180"
"8/28/2026 4:57:22 AM","32.946304","-97.057976","38.029","179.9"
"8/28/2026 4:57:23 AM","32.946434","-97.057831","38.428","180"
"8/28/2026 4:57:24 AM","32.946568","-97.057686","38.388","180"
"8/28/2026 4:57:25 AM","32.946697","-97.057533","38.357","179.9"
"8/28/2026 4:57:26 AM","32.946827","-97.057388","38.351","179.7"
"8/28/2026 4:57:27 AM","32.946957","-97.057243","38.047","179.5"
"8/28/2026 4:57:28 AM","32.947083","-97.057114","37.789","179.5"
"8/28/2026 4:57:29 AM","32.947208","-97.056969","37.753","178.7"
"8/28/2026 4:57:30 AM","32.947338","-97.056816","37.713","178.5"
"8/28/2026 4:57:31 AM","32.947464","-97.056671","37.699","178.5"
"8/28/2026 4:57:32 AM","32.947594","-97.056541","37.718","178.3"
"8/28/2026 4:57:33 AM","32.94772","-97.056396","37.746","178.3"
"8/28/2026 4:57:34 AM","32.947853","-97.056252","37.764","178.3"
"8/28/2026 4:57:35 AM","32.947979","-97.056122","37.519","178.8"
"8/28/2026 4:57:36 AM","32.948105","-97.055977","36.902","179.2"
"8/28/2026 4:57:37 AM","32.948231","-97.05584","36.658","179.2"
"8/28/2026 4:57:38 AM","32.948357","-97.055695","36.857","179.8"
"8/28/2026 4:57:39 AM","32.948479","-97.055565","37.134","180.1"
"8/28/2026 4:57:40 AM","32.948608","-97.05542","37.384","180.1"
"8/28/2026 4:57:41 AM","32.948734","-97.055275","37.409","180.5"
"8/28/2026 4:57:42 AM","32.94886","-97.055145","37.433","180.6"
"8/28/2026 4:57:43 AM","32.948986","-97.055","37.477","180.7"
"8/28/2026 4:57:44 AM","32.949112","-97.054848","37.747","180.7"
"8/28/2026 4:57:45 AM","32.949242","-97.054718","38.019","180.7"
"8/28/2026 4:57:46 AM","32.949368","-97.054573","37.96","180.7"
"8/28/2026 4:57:47 AM","32.949497","-97.054428","37.965","180.7"
"8/28/2026 4:57:48 AM","32.949627","-97.054283","38.323","180.5"
"8/28/2026 4:57:49 AM","32.94976","-97.054131","38.782","180.5"
"8/28/2026 4:57:50 AM","32.94989","-97.053986","39.34","180"
"8/28/2026 4:57:51 AM","32.950027","-97.053841","39.816","179.8"
"8/28/2026 4:57:52 AM","32.950161","-97.053696","39.879","179.8"
"8/28/2026 4:57:53 AM","32.950298","-97.053535","39.932","179.5"
"8/28/2026 4:57:54 AM","32.950432","-97.053383","39.979","179.3"
"8/28/2026 4:57:55 AM","32.950569","-97.053238","40.039","179.1"
"8/28/2026 4:57:56 AM","32.950706","-97.053078","40.249","178.8"
"8/28/2026 4:57:57 AM","32.950848","-97.052933","40.536","178.5"
"8/28/2026 4:57:58 AM","32.950985","-97.05278","40.782","178.2"
"8/28/2026 4:57:59 AM","32.951122","-97.05262","41.226","177.8"
"8/28/2026 4:58:00 AM","32.95126","-97.05246","41.635","177.8"
"8/28/2026 4:58:01 AM","32.951405","-97.052315","41.903","177.2"
"8/28/2026 4:58:02 AM","32.951546","-97.052147","42.262","176.8"
"8/28/2026 4:58:03 AM","32.951687","-97.051987","42.676","176.2"
"8/28/2026 4:58:04 AM","32.951836","-97.051826","43.055","175.6"
"8/28/2026 4:58:05 AM","32.951981","-97.051659","43.216","175.1"
"8/28/2026 4:58:06 AM","32.952129","-97.051498","43.164","174.7"
"8/28/2026 4:58:07 AM","32.952278","-97.051338","43.099","174.5"
"8/28/2026 4:58:08 AM","32.952419","-97.05117","43.108","174.4"
"8/28/2026 4:58:09 AM","32.952568","-97.05101","43.164","174.3"
"8/28/2026 4:58:10 AM","32.952713","-97.05085","43.174","174.2"
"8/28/2026 4:58:11 AM","32.952862","-97.050682","42.848","173.9"
"8/28/2026 4:58:12 AM","32.953007","-97.050522","42.971","173.6"
"8/28/2026 4:58:13 AM","32.953152","-97.050377","41.974","173.3"
"8/28/2026 4:58:14 AM","32.953293","-97.050209","41.454","172.9"
"8/28/2026 4:58:15 AM","32.95343","-97.050049","40.794","172.5"
"8/28/2026 4:58:16 AM","32.953568","-97.049904","39.713","172.3"
"8/28/2026 4:58:17 AM","32.953697","-97.049759","38.541","172.1"
"8/28/2026 4:58:18 AM","32.953823","-97.049606","37.814","172"
"8/28/2026 4:58:19 AM","32.953953","-97.049477","36.573","171.8"
"8/28/2026 4:58:20 AM","32.954075","-97.049347","35.405","171.6"
"8/28/2026 4:58:21 AM","32.954189","-97.049217","34.733","171.6"
"8/28/2026 4:58:22 AM","32.954304","-97.049088","33.496","171"
"8/28/2026 4:58:23 AM","32.954414","-97.048958","31.695","170.8"
"8/28/2026 4:58:24 AM","32.954521","-97.048843","29.768","170.8"
"8/28/2026 4:58:25 AM","32.954613","-97.048744","27.426","170.7"
"8/28/2026 4:58:26 AM","32.954704","-97.048653","25.543","170.7"
"8/28/2026 4:58:27 AM","32.954784","-97.048553","24.435","170.8"
"8/28/2026 4:58:28 AM","32.954868","-97.04847","23.488","170.9"
"8/28/2026 4:58:29 AM","32.954941","-97.048386","22.514","171"
"8/28/2026 4:58:30 AM","32.955013","-97.048309","21.454","171"
"8/28/2026 4:58:31 AM","32.955078","-97.048225","19.257","170.9"
"8/28/2026 4:58:32 AM","32.955132","-97.048164","16.301","170.8"
"8/28/2026 4:58:33 AM","32.955173","-97.048096","13.689","170.8"
"8/28/2026 4:58:34 AM","32.955196","-97.048027","12.245","170.5"
"8/28/2026 4:58:35 AM","32.955204","-97.047966","11.19","170.1"
"8/28/2026 4:58:36 AM","32.955208","-97.04792","10.902","170.1"
"8/28/2026 4:58:37 AM","32.955208","-97.047852","12.57","170.4"
"8/28/2026 4:58:38 AM","32.9552","-97.047768","16.145","170.4"
"8/28/2026 4:58:39 AM","32.955189","-97.047676","18.018","170.4"
"8/28/2026 4:58:40 AM","32.955177","-97.047562","19.962","170.3"
"8/28/2026 4:58:41 AM","32.955166","-97.047447","21.732","170.4"
"8/28/2026 4:58:42 AM","32.955166","-97.047318","23.061","170.4"
"8/28/2026 4:58:43 AM","32.955173","-97.047188","24.337","170.8"
"8/28/2026 4:58:44 AM","32.955173","-97.04705","25.966","170.8"
"8/28/2026 4:58:45 AM","32.955181","-97.046906","27.32","171.2"
"8/28/2026 4:58:46 AM","32.955181","-97.046745","27.973","171.3"
"8/28/2026 4:58:47 AM","32.955177","-97.0466","28.303","171.5"
"8/28/2026 4:58:48 AM","32.955173","-97.046432","28.688","171.6"
"8/28/2026 4:58:49 AM","32.955166","-97.046272","29.239","171.6"
"8/28/2026 4:58:50 AM","32.955162","-97.046112","30.588","171.6"
"8/28/2026 4:58:51 AM","32.955162","-97.045929","31.263","171.6"
"8/28/2026 4:58:52 AM","32.955162","-97.045753","32.069","171.7"
"8/28/2026 4:58:53 AM","32.955162","-97.04557","33.047","171.7"
"8/28/2026 4:58:54 AM","32.955158","-97.04538","33.934","172.1"
"8/28/2026 4:58:55 AM","32.955154","-97.045181","34.515","172.3"
"8/28/2026 4:58:56 AM","32.955151","-97.045006","35.015","172.5"
"8/28/2026 4:58:57 AM","32.955151","-97.044807","35.605","172.8"
"8/28/2026 4:58:58 AM","32.955143","-97.044594","36.191","173.1"
"8/28/2026 4:58:59 AM","32.955143","-97.044403","36.023","173.1"
"8/28/2026 4:59:00 AM","32.955139","-97.044205","35.366","173.1"
"8/28/2026 4:59:01 AM","32.955135","-97.044014","34.585","172.9"
"8/28/2026 4:59:02 AM","32.955135","-97.043816","33.863","172.5"
"8/28/2026 4:59:03 AM","32.955132","-97.043633","32.587","172.1"
"8/28/2026 4:59:04 AM","32.955128","-97.043457","30.91","171.7"
"8/28/2026 4:59:05 AM","32.955124","-97.043297","29.171","171.4"
"8/28/2026 4:59:06 AM","32.95512","-97.043144","27.93","171.2"
"8/28/2026 4:59:07 AM","32.955116","-97.042984","26.946","171"
"8/28/2026 4:59:08 AM","32.955105","-97.042839","26.466","170.8"
"8/28/2026 4:59:09 AM","32.955097","-97.042709","25.728","170.6"
"8/28/2026 4:59:10 AM","32.955093","-97.042564","23.999","170.6"
"8/28/2026 4:59:11 AM","32.95509","-97.04245","20.778","170.6"
"8/28/2026 4:59:12 AM","32.955082","-97.042336","19.496","170.8"
"8/28/2026 4:59:13 AM","32.955078","-97.042236","17.48","170.9"
"8/28/2026 4:59:14 AM","32.955078","-97.042152","15.761","171"
"8/28/2026 4:59:15 AM","32.955078","-97.042076","12.902","171"
"8/28/2026 4:59:16 AM","32.955078","-97.042023","9.308","171.2"
"8/28/2026 4:59:17 AM","32.955078","-97.041992","4.961","171.2"
"8/28/2026 4:59:18 AM","32.955082","-97.041977","0","172.3"
"8/28/2026 4:59:19 AM","32.955082","-97.041962","0","171.8"
"8/28/2026 4:59:20 AM","32.955082","-97.041962","0","171.8"
"8/28/2026 4:59:21 AM","32.955082","-97.041962","0","171.6"
"8/28/2026 4:59:22 AM","32.955082","-97.041962","0","171.6"
"8/28/2026 4:59:23 AM","32.955082","-97.041977","0","171.6"
"8/28/2026 4:59:24 AM","32.955082","-97.041977","0","171.7"
"8/28/2026 4:59:25 AM","32.955082","-97.041977","0","171.7"
"8/28/2026 4:59:26 AM","32.955082","-97.041977","0","171.8"
"8/28/2026 4:59:27 AM","32.955082","-97.041977","0","171.8"
"8/28/2026 4:59:28 AM","32.955082","-97.041977","0","171.8"
"8/28/2026 4:59:29 AM","32.955086","-97.041977","0","171.8"
"8/28/2026 4:59:30 AM","32.955086","-97.041977","0","171.8"
"8/28/2026 4:59:31 AM","32.955086","-97.041977","0","171.8"
"8/28/2026 4:59:32 AM","32.955086","-97.041977","0","171.8"
"8/28/2026 4:59:33 AM","32.955086","-97.041977","0","171.9"
"8/28/2026 4:59:34 AM","32.955086","-97.041977","0","171.9"
"8/28/2026 4:59:35 AM","32.955086","-97.041977","0","171.9"
"8/28/2026 4:59:36 AM","32.95509","-97.041977","0","171.9"
"8/28/2026 4:59:37 AM","32.95509","-97.041977","0","171.9"
"8/28/2026 4:59:38 AM","32.95509","-97.041977","0","171.9"
"8/28/2026 4:59:39 AM","32.95509","-97.041977","0","171.9"
"8/28/2026 4:59:40 AM","32.95509","-97.041977","0","172"
"8/28/2026 4:59:41 AM","32.95509","-97.041977","0","172"
"8/28/2026 4:59:42 AM","32.95509","-97.041977","0","172.1"
"8/28/2026 4:59:43 AM","32.95509","-97.041977","0","172.1"
"8/28/2026 4:59:44 AM","32.95509","-97.041977","2.626","172.2"
"8/28/2026 4:59:45 AM","32.95509","-97.041946","6.664","172.2"
"8/28/2026 4:59:46 AM","32.955093","-97.041893","8.489","172.2"
"8/28/2026 4:59:47 AM","32.955097","-97.041847","10.953","172.3"
"8/28/2026 4:59:48 AM","32.955097","-97.041763","13.518","172.2"
"8/28/2026 4:59:49 AM","32.955097","-97.041679","16.41","172.2"
"8/28/2026 4:59:50 AM","32.955093","-97.041588","18.335","172.3"
"8/28/2026 4:59:51 AM","32.95509","-97.041489","19.491","172.8"
"8/28/2026 4:59:52 AM","32.955082","-97.041374","20.685","172.9"
"8/28/2026 4:59:53 AM","32.955078","-97.041245","21.695","173.2"
"8/28/2026 4:59:54 AM","32.95507","-97.04113","22.222","173.6"
"8/28/2026 4:59:55 AM","32.95507","-97.041","23.42","173.6"
"8/28/2026 4:59:56 AM","32.95507","-97.040871","24.727","174.5"
"8/28/2026 4:59:57 AM","32.95507","-97.040726","25.957","174.8"
"8/28/2026 4:59:58 AM","32.955067","-97.040573","27.386","174.8"
"8/28/2026 4:59:59 AM","32.955063","-97.040413","28.784","175.5"
"8/28/2026 5:00:00 AM","32.955063","-97.040253","30.172","175.7"
"8/28/2026 5:00:01 AM","32.955059","-97.040085","31.399","175.7"
"8/28/2026 5:00:02 AM","32.955055","-97.039909","32.594","175.5"
"8/28/2026 5:00:03 AM","32.955051","-97.039711","33.423","175.2"
"8/28/2026 5:00:04 AM","32.95504","-97.039536","33.778","174.7"
"8/28/2026 5:00:05 AM","32.95504","-97.039337","33.978","173.8"
"8/28/2026 5:00:06 AM","32.955036","-97.039162","33.211","172.6"
"8/28/2026 5:00:07 AM","32.955032","-97.038979","31.825","171.2"
"8/28/2026 5:00:08 AM","32.955032","-97.038803","28.697","170"
"8/28/2026 5:00:09 AM","32.955029","-97.038658","27.003","168.9"
"8/28/2026 5:00:10 AM","32.955025","-97.038506","23.397","167.9"
"8/28/2026 5:00:11 AM","32.955021","-97.038399","21.457","167.2"
"8/28/2026 5:00:12 AM","32.955021","-97.038284","17.225","167.2"
"8/28/2026 5:00:13 AM","32.955029","-97.0382","15.671","166.5"
"8/28/2026 5:00:14 AM","32.955055","-97.038116","14.933","166.1"
"8/28/2026 5:00:15 AM","32.955086","-97.038101","0","166.1"
"8/28/2026 5:00:16 AM","32.95509","-97.038101","0","165.4"
"8/28/2026 5:00:17 AM","32.95509","-97.038101","0","165.2"
"8/28/2026 5:00:18 AM","32.95509","-97.038101","0","165.2"
"8/28/2026 5:00:19 AM","32.95509","-97.038101","0","165.2"
"8/28/2026 5:00:20 AM","32.95509","-97.038101","0","165.4"
"8/28/2026 5:00:21 AM","32.95509","-97.038116","0","165.4"
"8/28/2026 5:00:22 AM","32.95509","-97.038116","0","165.3"
"8/28/2026 5:00:23 AM","32.95509","-97.038116","0","165.3"
"8/28/2026 5:00:24 AM","32.95509","-97.038116","0","165.3"
"8/28/2026 5:00:25 AM","32.95509","-97.038116","0","165.3"
"8/28/2026 5:00:26 AM","32.95509","-97.038116","0","165.3"
"8/28/2026 5:00:27 AM","32.95509","-97.038116","0","165.3"
"8/28/2026 5:00:28 AM","32.95509","-97.038116","0","165.3"
"8/28/2026 5:00:29 AM","32.95509","-97.038116","0","165.3"
"8/28/2026 5:00:30 AM","32.955086","-97.038116","0","165.3"
"8/28/2026 5:00:31 AM","32.955086","-97.038132","0","165.3"
"8/28/2026 5:00:32 AM","32.955086","-97.038132","0","165.3"
"8/28/2026 5:00:33 AM","32.955086","-97.038132","0","165.3"
"8/28/2026 5:00:34 AM","32.955086","-97.038132","0","165.2"
"8/28/2026 5:00:35 AM","32.955086","-97.038132","0","165.2"
"8/28/2026 5:00:36 AM","32.955086","-97.038132","0","165.2"
"8/28/2026 5:00:37 AM","32.955086","-97.038132","0","165.1"
"8/28/2026 5:00:38 AM","32.955086","-97.038132","0","165.1"
"8/28/2026 5:00:39 AM","32.955082","-97.038132","0","165.1"
"8/28/2026 5:00:40 AM","32.955082","-97.038132","0","165"
"8/28/2026 5:00:41 AM","32.955082","-97.038132","0","165"
"8/28/2026 5:00:42 AM","32.955082","-97.038132","0","165"
"8/28/2026 5:00:43 AM","32.955082","-97.038132","0","165"
"8/28/2026 5:00:44 AM","32.955082","-97.038132","0","165"
"8/28/2026 5:00:45 AM","32.955082","-97.038132","0","165"
"8/28/2026 5:00:46 AM","32.955082","-97.038132","0","165"
"8/28/2026 5:00:47 AM","32.955082","-97.038155","0","165"
"8/28/2026 5:00:48 AM","32.955082","-97.038155","0","165"
"8/28/2026 5:00:49 AM","32.955082","-97.038155","0","165"
"8/28/2026 5:00:50 AM","32.955078","-97.038155","0","165"
"8/28/2026 5:00:51 AM","32.955078","-97.038155","0","165.1"
"8/28/2026 5:00:52 AM","32.955078","-97.038155","0","165"
"8/28/2026 5:00:53 AM","32.955078","-97.038155","0","165"
"8/28/2026 5:00:54 AM","32.955078","-97.038155","0","165"
"8/28/2026 5:00:55 AM","32.955078","-97.038155","0","165"
"8/28/2026 5:00:56 AM","32.955078","-97.038155","0","165"
"8/28/2026 5:00:57 AM","32.955078","-97.038155","0","165"
"8/28/2026 5:00:58 AM","32.955078","-97.038155","0","165"
"8/28/2026 5:00:59 AM","32.955078","-97.038155","0","165"
"8/28/2026 5:01:00 AM","32.955078","-97.038155","0","165"
"8/28/2026 5:01:01 AM","32.955078","-97.038155","0","165"
"8/28/2026 5:01:02 AM","32.955078","-97.038155","0","165"
"8/28/2026 5:01:03 AM","32.955078","-97.038155","0","165"
"8/28/2026 5:01:04 AM","32.955078","-97.038155","0","165"
"8/28/2026 5:01:05 AM","32.955082","-97.038155","0","165"
"8/28/2026 5:01:06 AM","32.955082","-97.038155","0","165"
"8/28/2026 5:01:07 AM","32.955082","-97.038155","0","165"
"8/28/2026 5:01:08 AM","32.955082","-97.038155","0","165"
"8/28/2026 5:01:09 AM","32.955082","-97.038155","0","165.1"
"8/28/2026 5:01:10 AM","32.955082","-97.03817","0","165.1"
"8/28/2026 5:01:11 AM","32.955082","-97.03817","0","165.1"
"8/28/2026 5:01:12 AM","32.955082","-97.03817","0","165.1"
"8/28/2026 5:01:13 AM","32.955082","-97.03817","0","165.1"
"8/28/2026 5:01:14 AM","32.955082","-97.03817","0","165.1"
"8/28/2026 5:01:15 AM","32.955082","-97.03817","0","165.1"
"8/28/2026 5:01:16 AM","32.955082","-97.03817","0","165.1"
"8/28/2026 5:01:17 AM","32.955082","-97.03817","0","165.1"
"8/28/2026 5:01:18 AM","32.955082","-97.03817","0","165.1"
"8/28/2026 5:01:19 AM","32.955082","-97.03817","0","165.1"
"8/28/2026 5:01:20 AM","32.955082","-97.03817","0","165.1"
"8/28/2026 5:01:21 AM","32.955082","-97.03817","0","165.1"
"8/28/2026 5:01:22 AM","32.955082","-97.03817","0","165.1"
"8/28/2026 5:01:23 AM","32.955082","-97.03817","0","165.2"
"8/28/2026 5:01:24 AM","32.955082","-97.03817","0","165.2"
"8/28/2026 5:01:25 AM","32.955082","-97.03817","0","165.2"
"8/28/2026 5:01:26 AM","32.955082","-97.03817","0","165.2"
"8/28/2026 5:01:27 AM","32.955082","-97.03817","0","165.2"
"8/28/2026 5:01:28 AM","32.955082","-97.03817","0","165.2"
"8/28/2026 5:01:29 AM","32.955082","-97.03817","0","165.3"
"8/28/2026 5:01:30 AM","32.955082","-97.03817","0","165.3"
"8/28/2026 5:01:31 AM","32.955082","-97.03817","0","165.3"
"8/28/2026 5:01:32 AM","32.955082","-97.03817","0","165.4"
"8/28/2026 5:01:33 AM","32.955082","-97.03817","0","165.4"
"8/28/2026 5:01:34 AM","32.955082","-97.03817","0","165.4"
"8/28/2026 5:01:35 AM","32.955082","-97.03817","0","165.5"
"8/28/2026 5:01:36 AM","32.955082","-97.03817","0","165.5"
"8/28/2026 5:01:37 AM","32.955082","-97.03817","0","165.5"
"8/28/2026 5:01:38 AM","32.955082","-97.03817","0","165.6"
"8/28/2026 5:01:39 AM","32.955082","-97.03817","0","165.6"
"8/28/2026 5:01:40 AM","32.955078","-97.03817","0","165.6"
"8/28/2026 5:01:41 AM","32.955078","-97.03817","0","165.7"
"8/28/2026 5:01:42 AM","32.955078","-97.03817","0","165.7"
"8/28/2026 5:01:43 AM","32.955078","-97.03817","0","165.7"
"8/28/2026 5:01:44 AM","32.955078","-97.03817","0","165.7"
"8/28/2026 5:01:45 AM","32.955078","-97.03817","0","165.7"
"8/28/2026 5:01:46 AM","32.955078","-97.03817","0","165.7"
"8/28/2026 5:01:47 AM","32.955078","-97.03817","0","165.8"
"8/28/2026 5:01:48 AM","32.955078","-97.03817","0","165.8"
"8/28/2026 5:01:49 AM","32.955078","-97.03817","0","165.8"
"8/28/2026 5:01:50 AM","32.955078","-97.03817","0","165.8"
"8/28/2026 5:01:51 AM","32.955078","-97.03817","0","165.8"
"8/28/2026 5:01:52 AM","32.955078","-97.03817","0","165.8"
"8/28/2026 5:01:53 AM","32.955078","-97.03817","0","165.8"
"8/28/2026 5:01:54 AM","32.955078","-97.03817","0","165.8"
"8/28/2026 5:01:55 AM","32.955078","-97.03817","0","165.8"
"8/28/2026 5:01:56 AM","32.955078","-97.03817","0","165.9"
"8/28/2026 5:01:57 AM","32.955078","-97.03817","0","165.9"
"8/28/2026 5:01:58 AM","32.955078","-97.03817","0","165.9"
"8/28/2026 5:01:59 AM","32.955078","-97.03817","0","165.9"
"8/28/2026 5:02:00 AM","32.955078","-97.03817","0","166"
"8/28/2026 5:02:01 AM","32.955078","-97.03817","0","166"
"8/28/2026 5:02:02 AM","32.955078","-97.03817","0","165.9"
"8/28/2026 5:02:03 AM","32.955078","-97.03817","0","165.9"
"8/28/2026 5:02:04 AM","32.955078","-97.03817","0","165.9"
"8/28/2026 5:02:05 AM","32.955078","-97.03817","0","165.9"
"8/28/2026 5:02:06 AM","32.955078","-97.03817","0","165.9"
"8/28/2026 5:02:07 AM","32.955078","-97.03817","0","165.9"
"8/28/2026 5:02:08 AM","32.955078","-97.03817","0","165.9"
"8/28/2026 5:02:09 AM","32.955078","-97.03817","0","165.9"
"8/28/2026 5:02:10 AM","32.955078","-97.03817","0","165.9"
"8/28/2026 5:02:11 AM","32.955078","-97.03817","0","165.9"
"8/28/2026 5:02:12 AM","32.955078","-97.03817","0","165.9"
"8/28/2026 5:02:13 AM","32.955078","-97.03817","0","165.9"
"8/28/2026 5:02:14 AM","32.955078","-97.03817","0","165.9"
"8/28/2026 5:02:15 AM","32.955078","-97.03817","0","165.9"
"8/28/2026 5:02:16 AM","32.955078","-97.03817","0","165.9"
"8/28/2026 5:02:17 AM","32.955078","-97.03817","0","165.9"
"8/28/2026 5:02:18 AM","32.955082","-97.03817","0","165.9"
"8/28/2026 5:02:19 AM","32.955082","-97.03817","0","165.9"
"8/28/2026 5:02:20 AM","32.955078","-97.03817","0","165.9"
"8/28/2026 5:02:21 AM","32.955078","-97.03817","0","165.9"
"8/28/2026 5:02:22 AM","32.955078","-97.03817","0","165.9"
"8/28/2026 5:02:23 AM","32.955078","-97.03817","0","166"
"8/28/2026 5:02:24 AM","32.955078","-97.03817","0","166"
"8/28/2026 5:02:25 AM","32.955078","-97.03817","0","166"
"8/28/2026 5:02:26 AM","32.955078","-97.03817","0","166"
"8/28/2026 5:02:27 AM","32.955078","-97.03817","0","166"
"8/28/2026 5:02:28 AM","32.955078","-97.03817","0","166"
"8/28/2026 5:02:29 AM","32.955078","-97.03817","0","166"
"8/28/2026 5:02:30 AM","32.955078","-97.03817","0","166"
"8/28/2026 5:02:31 AM","32.955078","-97.03817","0","166"
"8/28/2026 5:02:32 AM","32.955078","-97.03817","0","166.1"
"8/28/2026 5:02:33 AM","32.955078","-97.03817","0","166.1"
"8/28/2026 5:02:34 AM","32.955078","-97.03817","0","166.1"
"8/28/2026 5:02:35 AM","32.955078","-97.03817","0","166.1"
"8/28/2026 5:02:36 AM","32.955078","-97.03817","0","166.1"
"8/28/2026 5:02:37 AM","32.955078","-97.03817","0","166.1"
"8/28/2026 5:02:38 AM","32.955078","-97.03817","0","166.2"
"8/28/2026 5:02:39 AM","32.955078","-97.03817","0","166.2"
"8/28/2026 5:02:40 AM","32.955078","-97.03817","0","166.2"
"8/28/2026 5:02:41 AM","32.955078","-97.03817","0","166.2"
"8/28/2026 5:02:42 AM","32.955078","-97.03817","0","166.2"
"8/28/2026 5:02:43 AM","32.955078","-97.03817","0","166.2"
"8/28/2026 5:02:44 AM","32.955078","-97.03817","0","166.2"
"8/28/2026 5:02:45 AM","32.955078","-97.03817","0","166.2"
"8/28/2026 5:02:46 AM","32.955078","-97.03817","0","166.3"
"8/28/2026 5:02:47 AM","32.955078","-97.03817","0","166.3"
"8/28/2026 5:02:48 AM","32.955078","-97.03817","0","166.3"
"8/28/2026 5:02:49 AM","32.955078","-97.03817","0","166.3"
"8/28/2026 5:02:50 AM","32.955078","-97.03817","0","166.3"
"8/28/2026 5:02:51 AM","32.955074","-97.03817","0","166.4"
"8/28/2026 5:02:52 AM","32.955074","-97.03817","0","166.4"
"8/28/2026 5:02:53 AM","32.955074","-97.03817","0","166.4"
"8/28/2026 5:02:54 AM","32.955074","-97.03817","0","166.4"
"8/28/2026 5:02:55 AM","32.955074","-97.03817","0","166.4"
"8/28/2026 5:02:56 AM","32.955074","-97.03817","0","166.4"
"8/28/2026 5:02:57 AM","32.955074","-97.03817","0","166.4"
"8/28/2026 5:02:58 AM","32.955074","-97.03817","0","166.4"
"8/28/2026 5:02:59 AM","32.955074","-97.03817","0","166.4"
"8/28/2026 5:03:00 AM","32.955074","-97.03817","0","166.4"
"8/28/2026 5:03:01 AM","32.955074","-97.03817","0","166.5"
"8/28/2026 5:03:02 AM","32.955074","-97.03817","0","166.5"
"8/28/2026 5:03:03 AM","32.955074","-97.03817","0","166.5"
"8/28/2026 5:03:04 AM","32.955074","-97.03817","0","166.5"
"8/28/2026 5:03:05 AM","32.955074","-97.03817","0","166.5"
"8/28/2026 5:03:06 AM","32.955074","-97.03817","0","166.5"
"8/28/2026 5:03:07 AM","32.955074","-97.03817","0","166.5"
"8/28/2026 5:03:08 AM","32.955074","-97.03817","0","166.5"
"8/28/2026 5:03:09 AM","32.955074","-97.03817","0","166.5"
"8/28/2026 5:03:10 AM","32.955074","-97.03817","0","166.5"
"8/28/2026 5:03:11 AM","32.955074","-97.03817","0","166.5"
"8/28/2026 5:03:12 AM","32.955074","-97.03817","0","166.4"
"8/28/2026 5:03:13 AM","32.955074","-97.03817","0","166.5"
"8/28/2026 5:03:14 AM","32.955074","-97.03817","0","166.5"
"8/28/2026 5:03:15 AM","32.955074","-97.03817","0","166.4"
"8/28/2026 5:03:16 AM","32.955074","-97.03817","0","166.4"
"8/28/2026 5:03:17 AM","32.955074","-97.03817","0","166.4"
"8/28/2026 5:03:18 AM","32.955074","-97.03817","0","166.4"
"8/28/2026 5:03:19 AM","32.955074","-97.03817","0","166.4"
"8/28/2026 5:03:20 AM","32.955074","-97.03817","0","166.4"
"8/28/2026 5:03:21 AM","32.955074","-97.03817","0","166.3"
"8/28/2026 5:03:22 AM","32.955074","-97.03817","0","166.3"
"8/28/2026 5:03:23 AM","32.955078","-97.03817","0","166.3"
"8/28/2026 5:03:24 AM","32.955078","-97.03817","0","166.3"
"8/28/2026 5:03:25 AM","32.955078","-97.03817","0","166.3"
"8/28/2026 5:03:26 AM","32.955078","-97.03817","0","166.3"
"8/28/2026 5:03:27 AM","32.955078","-97.03817","0","166.3"
"8/28/2026 5:03:28 AM","32.955078","-97.03817","0","166.3"
"8/28/2026 5:03:29 AM","32.955078","-97.03817","0","166.4"
"8/28/2026 5:03:30 AM","32.955078","-97.03817","0","166.4"
"8/28/2026 5:03:31 AM","32.955078","-97.03817","0","166.4"
"8/28/2026 5:03:32 AM","32.955078","-97.03817","0","166.4"
"8/28/2026 5:03:33 AM","32.955078","-97.03817","0","166.4"
"8/28/2026 5:03:34 AM","32.955078","-97.03817","0","166.4"
"8/28/2026 5:03:35 AM","32.955078","-97.03817","0","166.4"
"8/28/2026 5:03:36 AM","32.955082","-97.03817","0","166.4"
"8/28/2026 5:03:37 AM","32.955082","-97.03817","0","166.4"
"8/28/2026 5:03:38 AM","32.955082","-97.03817","0","166.4"
"8/28/2026 5:03:39 AM","32.955082","-97.03817","0","166.4"
"8/28/2026 5:03:40 AM","32.955082","-97.03817","0","166.4"
"8/28/2026 5:03:41 AM","32.955082","-97.03817","0","166.5"
"8/28/2026 5:03:42 AM","32.955082","-97.03817","0","166.5"
"8/28/2026 5:03:43 AM","32.955082","-97.03817","0","166.5"
"8/28/2026 5:05:01 AM","32.955097","-97.038185","0","164.5"
"8/28/2026 5:05:02 AM","32.955097","-97.038185","0","164.5"
"8/28/2026 5:05:03 AM","32.955097","-97.038185","0","164.5"
"8/28/2026 5:05:04 AM","32.955097","-97.038185","0","164.2"
"8/28/2026 5:05:05 AM","32.955097","-97.038185","0","164.1"
"8/28/2026 5:05:06 AM","32.955097","-97.038185","0","164.1"
"8/28/2026 5:05:07 AM","32.955093","-97.038185","0","163.7"
"8/28/2026 5:05:08 AM","32.955093","-97.038185","0","163.6"
"8/28/2026 5:05:09 AM","32.955093","-97.038185","0","163.6"
"8/28/2026 5:05:10 AM","32.955093","-97.038185","0","163.6"
"8/28/2026 5:05:11 AM","32.955093","-97.038185","0","163.4"
"8/28/2026 5:05:12 AM","32.955093","-97.038185","0","163.4"
"8/28/2026 5:05:13 AM","32.95509","-97.038185","0","163.2"
"8/28/2026 5:05:14 AM","32.95509","-97.038185","0","163.1"
"8/28/2026 5:05:15 AM","32.95509","-97.038185","0","163.1"
"8/28/2026 5:05:16 AM","32.95509","-97.038185","0","162.8"
"8/28/2026 5:05:17 AM","32.95509","-97.038185","0","162.7"
"8/28/2026 5:05:18 AM","32.95509","-97.038185","0","162.7"
"8/28/2026 5:05:19 AM","32.95509","-97.038185","0","162.6"
"8/28/2026 5:05:20 AM","32.955086","-97.038185","0","162.6"
"8/28/2026 5:05:21 AM","32.955086","-97.038185","0","162.6"
"8/28/2026 5:05:22 AM","32.955086","-97.038185","0","162.6"
"8/28/2026 5:05:23 AM","32.955086","-97.038185","0","162.6"
"8/28/2026 5:05:24 AM","32.955086","-97.038185","0","162.6"
"8/28/2026 5:05:25 AM","32.955086","-97.038185","0","162.6"
"8/28/2026 5:05:26 AM","32.955086","-97.038185","0","162.7"
"8/28/2026 5:05:27 AM","32.955086","-97.038185","0","162.7"
"8/28/2026 5:05:28 AM","32.955086","-97.038185","0","162.8"
"8/28/2026 5:05:29 AM","32.955086","-97.038185","0","162.9"
"8/28/2026 5:05:30 AM","32.955086","-97.038185","0","162.9"
"8/28/2026 5:05:31 AM","32.955086","-97.038185","0","163.1"
"8/28/2026 5:05:32 AM","32.955086","-97.038185","0","163.2"
"8/28/2026 5:05:33 AM","32.955086","-97.038185","0","163.2"
"8/28/2026 5:05:34 AM","32.955086","-97.038185","0","163.4"
"8/28/2026 5:05:35 AM","32.955086","-97.038185","0","163.4"
"8/28/2026 5:05:36 AM","32.955086","-97.038185","0","163.4"
"8/28/2026 5:05:37 AM","32.955082","-97.038185","0","163.4"
"8/28/2026 5:05:38 AM","32.955082","-97.038185","0","163.4"
"8/28/2026 5:05:39 AM","32.955082","-97.038185","0","163.4"
"8/28/2026 5:05:40 AM","32.955082","-97.038185","0","163.3"
"8/28/2026 5:05:41 AM","32.955082","-97.038185","0","163.2"
"8/28/2026 5:05:42 AM","32.955082","-97.038185","0","163.2"
"8/28/2026 5:05:43 AM","32.955082","-97.038185","0","163.1"
"8/28/2026 5:05:44 AM","32.955082","-97.038185","0","163"
"8/28/2026 5:05:45 AM","32.955082","-97.038185","0","163"
"8/28/2026 5:05:46 AM","32.955082","-97.038185","0","162.9"
"8/28/2026 5:05:47 AM","32.955082","-97.038185","0","162.8"
"8/28/2026 5:05:48 AM","32.955082","-97.038185","0","162.8"
"8/28/2026 5:05:49 AM","32.955082","-97.038185","0","162.8"
"8/28/2026 5:05:50 AM","32.955082","-97.038185","0","162.8"
"8/28/2026 5:05:51 AM","32.955082","-97.038185","0","162.8"
"8/28/2026 5:05:52 AM","32.955082","-97.038185","0","162.7"
"8/28/2026 5:05:53 AM","32.955082","-97.038185","0","162.7"
"8/28/2026 5:05:54 AM","32.955082","-97.038185","0","162.8"
"8/28/2026 5:05:55 AM","32.955082","-97.038185","0","162.8"
"8/28/2026 5:05:56 AM","32.955082","-97.038185","0","162.8"
"8/28/2026 5:05:57 AM","32.955082","-97.038185","0","162.9"
"8/28/2026 5:05:58 AM","32.955082","-97.038185","0","163"
"8/28/2026 5:05:59 AM","32.955082","-97.038185","0","163"
"8/28/2026 5:06:00 AM","32.955082","-97.038185","0","163.1"
"8/28/2026 5:06:01 AM","32.955082","-97.038185","0","163.2"
"8/28/2026 5:06:02 AM","32.955082","-97.038185","0","163.2"
"8/28/2026 5:06:03 AM","32.955082","-97.038185","0","163.3"
"8/28/2026 5:06:04 AM","32.955082","-97.038185","0","163.3"
"8/28/2026 5:06:05 AM","32.955082","-97.038185","0","163.4"
"8/28/2026 5:06:06 AM","32.955078","-97.038185","0","163.5"
"8/28/2026 5:06:07 AM","32.955078","-97.038185","0","163.5"
"8/28/2026 5:06:08 AM","32.955078","-97.038185","0","163.6"
"8/28/2026 5:06:09 AM","32.955078","-97.038185","0","163.7"
"8/28/2026 5:06:10 AM","32.955078","-97.038185","0","163.7"
"8/28/2026 5:06:11 AM","32.955078","-97.038185","0","163.7"
"8/28/2026 5:06:12 AM","32.955078","-97.038185","0","163.8"
"8/28/2026 5:06:13 AM","32.955078","-97.038185","0","163.8"
"8/28/2026 5:06:14 AM","32.955078","-97.038185","0","163.8"
"8/28/2026 5:06:15 AM","32.955078","-97.038185","0","163.8"
"8/28/2026 5:06:16 AM","32.955078","-97.038185","0","163.8"
"8/28/2026 5:06:17 AM","32.955078","-97.038185","0","163.8"
"8/28/2026 5:06:18 AM","32.955078","-97.038185","0","163.8"
"8/28/2026 5:06:19 AM","32.955078","-97.038185","0","163.8"
"8/28/2026 5:06:20 AM","32.955078","-97.038185","0","163.8"
"8/28/2026 5:06:21 AM","32.955078","-97.038185","0","163.8"
"8/28/2026 5:06:22 AM","32.955078","-97.038185","0","163.8"
"8/28/2026 5:06:23 AM","32.955078","-97.038185","0","163.7"
"8/28/2026 5:06:24 AM","32.955078","-97.038185","0","163.7"
"8/28/2026 5:06:25 AM","32.955078","-97.038185","0","163.7"
"8/28/2026 5:06:26 AM","32.955078","-97.038185","0","163.7"
"8/28/2026 5:06:27 AM","32.955078","-97.038185","0","163.7"
"8/28/2026 5:06:28 AM","32.955078","-97.038185","0","163.7"
"8/28/2026 5:06:29 AM","32.955078","-97.038185","0","163.7"
"8/28/2026 5:06:30 AM","32.955078","-97.038185","0","163.6"
"8/28/2026 5:06:31 AM","32.955078","-97.038185","0","163.6"
"8/28/2026 5:06:32 AM","32.955078","-97.038185","0","163.6"
"8/28/2026 5:06:33 AM","32.955078","-97.038185","0","163.6"
"8/28/2026 5:06:34 AM","32.955078","-97.038185","0","163.5"
"8/28/2026 5:06:35 AM","32.955078","-97.038185","0","163.5"
"8/28/2026 5:06:36 AM","32.955078","-97.038185","0","163.5"
"8/28/2026 5:06:37 AM","32.955078","-97.038185","0","163.5"
"8/28/2026 5:06:38 AM","32.955078","-97.038185","0","163.5"
"8/28/2026 5:06:39 AM","32.955078","-97.038185","0","163.5"
"8/28/2026 5:06:40 AM","32.955078","-97.038185","0","163.4"
"8/28/2026 5:06:41 AM","32.955078","-97.038185","0","163.4"
"8/28/2026 5:06:42 AM","32.955078","-97.038185","0","163.4"
"8/28/2026 5:06:43 AM","32.955078","-97.038185","0","163.4"
"8/28/2026 5:06:44 AM","32.955078","-97.038185","0","163.3"
"8/28/2026 5:06:45 AM","32.955078","-97.038185","0","163.3"
"8/28/2026 5:06:46 AM","32.955078","-97.038185","0","163.3"
"8/28/2026 5:06:47 AM","32.955074","-97.038185","0","163.1"
"8/28/2026 5:06:48 AM","32.955074","-97.038185","0","163.1"
"8/28/2026 5:06:49 AM","32.955074","-97.038185","0","163.1"
"8/28/2026 5:06:50 AM","32.955074","-97.038185","0","163"
"8/28/2026 5:06:51 AM","32.955074","-97.038185","0","163"
"8/28/2026 5:06:52 AM","32.955074","-97.038185","0","163"
"8/28/2026 5:06:53 AM","32.955074","-97.038185","0","162.9"
"8/28/2026 5:06:54 AM","32.955074","-97.038185","0","162.9"
"8/28/2026 5:06:55 AM","32.955074","-97.038185","0","162.8"
"8/28/2026 5:06:56 AM","32.955074","-97.038185","0","162.8"
"8/28/2026 5:06:57 AM","32.955074","-97.038185","0","162.8"
"8/28/2026 5:06:58 AM","32.955074","-97.038185","0","162.7"
"8/28/2026 5:06:59 AM","32.955074","-97.038185","0","162.7"
"8/28/2026 5:07:00 AM","32.955074","-97.038185","0","162.7"
"8/28/2026 5:07:01 AM","32.955074","-97.038185","0","162.6"
"8/28/2026 5:07:02 AM","32.955074","-97.038185","0","162.6"
"8/28/2026 5:07:03 AM","32.955074","-97.038185","0","162.6"
"8/28/2026 5:07:04 AM","32.955074","-97.038185","0","162.6"
"8/28/2026 5:07:05 AM","32.955074","-97.038185","0","162.5"
"8/28/2026 5:07:06 AM","32.955074","-97.038185","0","162.5"
"8/28/2026 5:07:07 AM","32.955074","-97.038185","0","162.5"
"8/28/2026 5:07:08 AM","32.955074","-97.038185","0","162.5"
"8/28/2026 5:07:09 AM","32.955074","-97.038185","0","162.5"
"8/28/2026 5:07:10 AM","32.955074","-97.038185","0","162.4"
"8/28/2026 5:07:11 AM","32.955074","-97.038185","0","162.4"
"8/28/2026 5:07:12 AM","32.955074","-97.038185","0","162.4"
"8/28/2026 5:07:13 AM","32.955074","-97.038185","0","162.4"
"8/28/2026 5:07:14 AM","32.955074","-97.038185","0","162.4"
"8/28/2026 5:07:15 AM","32.955074","-97.038185","0","162.3"
"8/28/2026 5:07:16 AM","32.955074","-97.038185","0","162.3"
"8/28/2026 5:07:17 AM","32.955074","-97.038185","0","162.3"
"8/28/2026 5:07:18 AM","32.955074","-97.038185","0","162.3"
"8/28/2026 5:07:19 AM","32.955074","-97.038185","0","162.3"
"8/28/2026 5:07:20 AM","32.955074","-97.038185","0","162.3"
"8/28/2026 5:07:21 AM","32.955074","-97.038185","0","162.2"
"8/28/2026 5:07:22 AM","32.955074","-97.038185","0","162.2"
"8/28/2026 5:07:23 AM","32.955074","-97.038185","0","162.2"
"8/28/2026 5:07:24 AM","32.955074","-97.038185","0","162.1"
"8/28/2026 5:07:25 AM","32.955074","-97.038185","0","162.1"
"8/28/2026 5:07:26 AM","32.955074","-97.038185","0","162.1"
"8/28/2026 5:07:27 AM","32.955074","-97.038185","0","162"
"8/28/2026 5:07:28 AM","32.955074","-97.038185","0","162"
"8/28/2026 5:07:29 AM","32.955074","-97.038185","0","162"
"8/28/2026 5:07:30 AM","32.955074","-97.038185","0","162"
"8/28/2026 5:07:31 AM","32.955074","-97.038185","0","162"
"8/28/2026 5:07:32 AM","32.955074","-97.038185","0","162"
"8/28/2026 5:07:33 AM","32.955074","-97.038185","0","162"
"8/28/2026 5:07:34 AM","32.955074","-97.038185","0","161.9"
"8/28/2026 5:07:35 AM","32.955074","-97.038185","0","161.9"
"8/28/2026 5:07:36 AM","32.955074","-97.038185","0","161.9"
"8/28/2026 5:07:37 AM","32.955074","-97.038185","0","161.9"
"8/28/2026 5:07:38 AM","32.955074","-97.038185","0","161.9"
"8/28/2026 5:07:39 AM","32.955074","-97.038185","0","161.9"
"8/28/2026 5:07:40 AM","32.955078","-97.038185","0","161.9"
"8/28/2026 5:07:41 AM","32.955078","-97.038185","0","161.9"
"8/28/2026 5:07:42 AM","32.955078","-97.038185","0","161.9"
"8/28/2026 5:07:43 AM","32.955078","-97.038185","0","161.8"
"8/28/2026 5:07:44 AM","32.955078","-97.038185","0","161.8"
"8/28/2026 5:07:45 AM","32.955078","-97.038185","0","161.8"
"8/28/2026 5:07:46 AM","32.955078","-97.038185","0","161.8"
"8/28/2026 5:07:47 AM","32.955078","-97.038185","0","161.7"
"8/28/2026 5:07:48 AM","32.955078","-97.038185","0","161.7"
"8/28/2026 5:07:49 AM","32.955078","-97.038185","0","161.7"
"8/28/2026 5:07:50 AM","32.955078","-97.038185","0","161.7"
"8/28/2026 5:07:51 AM","32.955074","-97.038185","0","161.7"
"8/28/2026 5:07:52 AM","32.955074","-97.038185","0","161.6"
"8/28/2026 5:07:53 AM","32.955074","-97.038185","0","161.6"
"8/28/2026 5:07:54 AM","32.955074","-97.038185","0","161.6"
"8/28/2026 5:07:55 AM","32.955074","-97.038185","0","161.6"
"8/28/2026 5:07:56 AM","32.955074","-97.038185","0","161.6"
"8/28/2026 5:07:57 AM","32.955074","-97.038185","0","161.6"
"8/28/2026 5:07:58 AM","32.955074","-97.038185","0","161.6"
"8/28/2026 5:07:59 AM","32.955074","-97.03817","0","161.5"
"8/28/2026 5:08:00 AM","32.955074","-97.03817","0","161.5"
"8/28/2026 5:08:01 AM","32.955074","-97.03817","0","161.5"
"8/28/2026 5:08:02 AM","32.955074","-97.03817","0","161.5"
"8/28/2026 5:08:03 AM","32.955078","-97.03817","0","161.5"
"8/28/2026 5:08:04 AM","32.955078","-97.03817","0","161.4"
"8/28/2026 5:08:05 AM","32.955078","-97.03817","0","161.4"
"8/28/2026 5:08:06 AM","32.955078","-97.03817","0","161.4"
"8/28/2026 5:08:07 AM","32.955078","-97.03817","0","161.4"
"8/28/2026 5:08:08 AM","32.955078","-97.03817","0","161.4"
"8/28/2026 5:08:09 AM","32.955078","-97.03817","0","161.4"
"8/28/2026 5:08:10 AM","32.955078","-97.03817","0","161.4"
"8/28/2026 5:08:11 AM","32.955078","-97.038185","0","161.3"
"8/28/2026 5:08:12 AM","32.955078","-97.038185","0","161.3"
"8/28/2026 5:08:13 AM","32.955078","-97.038185","0","161.3"
"8/28/2026 5:08:14 AM","32.955078","-97.03817","0","161.2"
"8/28/2026 5:08:15 AM","32.955078","-97.038185","0","161.2"
"8/28/2026 5:08:16 AM","32.955078","-97.038185","0","161.2"
"8/28/2026 5:08:17 AM","32.955074","-97.038185","0","161.2"
"8/28/2026 5:08:18 AM","32.955074","-97.038185","0","161.1"
"8/28/2026 5:08:19 AM","32.955074","-97.038185","0","161.1"
"8/28/2026 5:08:20 AM","32.955074","-97.038185","0","161"
"8/28/2026 5:08:21 AM","32.955074","-97.038185","0","161"
"8/28/2026 5:08:22 AM","32.955074","-97.038185","0","161"
"8/28/2026 5:08:23 AM","32.955074","-97.038185","0","160.9"
"8/28/2026 5:08:24 AM","32.955074","-97.038185","0","160.9"
"8/28/2026 5:08:25 AM","32.955074","-97.038185","0","160.9"
"8/28/2026 5:08:26 AM","32.955074","-97.038185","0","160.8"
"8/28/2026 5:08:27 AM","32.955074","-97.038185","0","160.8"
"8/28/2026 5:08:28 AM","32.955074","-97.038185","0","160.8"
"8/28/2026 5:08:29 AM","32.95507","-97.038185","0","160.7"
"8/28/2026 5:08:30 AM","32.95507","-97.038185","0","160.7"
"8/28/2026 5:08:31 AM","32.95507","-97.038185","0","160.7"
"8/28/2026 5:08:32 AM","32.95507","-97.038185","0","160.6"
"8/28/2026 5:08:33 AM","32.95507","-97.038185","0","160.6"
"8/28/2026 5:08:34 AM","32.95507","-97.038185","0","160.6"
"8/28/2026 5:08:35 AM","32.95507","-97.038185","0","160.5"
"8/28/2026 5:08:36 AM","32.95507","-97.038185","0","160.5"
"8/28/2026 5:08:37 AM","32.95507","-97.038185","0","160.5"
"8/28/2026 5:08:38 AM","32.95507","-97.038185","0","160.4"
"8/28/2026 5:08:39 AM","32.95507","-97.038185","0","160.4"
"8/28/2026 5:08:40 AM","32.95507","-97.038185","0","160.4"
"8/28/2026 5:08:41 AM","32.95507","-97.03817","0","160.4"
"8/28/2026 5:08:42 AM","32.95507","-97.03817","0","160.3"
"8/28/2026 5:08:43 AM","32.955067","-97.03817","0","160.3"
"8/28/2026 5:08:44 AM","32.955067","-97.03817","0","160.3"
"8/28/2026 5:08:45 AM","32.955067","-97.03817","0","160.3"
"8/28/2026 5:08:46 AM","32.955067","-97.03817","0","160.2"
"8/28/2026 5:08:47 AM","32.955067","-97.03817","0","160.3"
"8/28/2026 5:08:48 AM","32.955067","-97.03817","0","160.3"
"8/28/2026 5:08:49 AM","32.955067","-97.03817","0","160.3"
"8/28/2026 5:08:50 AM","32.955067","-97.03817","0","160.3"
"8/28/2026 5:08:51 AM","32.95507","-97.03817","0","160.4"
"8/28/2026 5:08:52 AM","32.95507","-97.03817","0","160.4"
"8/28/2026 5:08:53 AM","32.95507","-97.03817","0","160.4"
"8/28/2026 5:08:54 AM","32.95507","-97.03817","0","160.4"
"8/28/2026 5:08:55 AM","32.95507","-97.03817","0","160.5"
"8/28/2026 5:08:56 AM","32.95507","-97.03817","0","160.5"
"8/28/2026 5:08:57 AM","32.95507","-97.03817","0","160.5"
"8/28/2026 5:08:58 AM","32.95507","-97.03817","0","160.5"
"8/28/2026 5:08:59 AM","32.95507","-97.03817","0","160.5"
"8/28/2026 5:09:00 AM","32.95507","-97.03817","0","160.5"
"8/28/2026 5:09:01 AM","32.95507","-97.03817","0","160.5"
"8/28/2026 5:09:02 AM","32.95507","-97.03817","0","160.5"
"8/28/2026 5:09:03 AM","32.95507","-97.03817","0","160.5"
"8/28/2026 5:09:04 AM","32.95507","-97.03817","0","160.5"
"8/28/2026 5:09:05 AM","32.95507","-97.03817","0","160.5"
"8/28/2026 5:09:06 AM","32.95507","-97.03817","0","160.5"
"8/28/2026 5:09:07 AM","32.95507","-97.03817","0","160.5"
"8/28/2026 5:09:08 AM","32.95507","-97.03817","0","160.5"
"8/28/2026 5:09:09 AM","32.955074","-97.03817","0","160.5"
"8/28/2026 5:09:10 AM","32.955074","-97.03817","0","160.5"
"8/28/2026 5:09:11 AM","32.955074","-97.03817","0","160.5"
"8/28/2026 5:09:12 AM","32.955074","-97.03817","0","160.5"
"8/28/2026 5:09:13 AM","32.955074","-97.03817","0","160.5"
"8/28/2026 5:09:14 AM","32.955074","-97.03817","0","160.5"
"8/28/2026 5:09:15 AM","32.955074","-97.03817","0","160.5"
"8/28/2026 5:09:16 AM","32.955074","-97.03817","0","160.5"
"8/28/2026 5:09:17 AM","32.955074","-97.03817","0","160.5"
"8/28/2026 5:09:18 AM","32.955074","-97.03817","0","160.5"
"8/28/2026 5:09:19 AM","32.955074","-97.03817","0","160.5"
"8/28/2026 5:09:20 AM","32.955074","-97.03817","0","160.4"
"8/28/2026 5:09:21 AM","32.955074","-97.03817","0","160.4"
"8/28/2026 5:09:22 AM","32.955074","-97.03817","0","160.4"
"8/28/2026 5:09:23 AM","32.955074","-97.03817","0","160.4"
"8/28/2026 5:09:24 AM","32.955074","-97.03817","0","160.4"
"8/28/2026 5:09:25 AM","32.955074","-97.03817","0","160.4"
"8/28/2026 5:09:26 AM","32.955074","-97.03817","0","160.4"
"8/28/2026 5:09:27 AM","32.955074","-97.03817","0","160.4"
"8/28/2026 5:09:28 AM","32.955074","-97.03817","0","160.4"
"8/28/2026 5:09:29 AM","32.955074","-97.03817","0","160.4"
"8/28/2026 5:09:30 AM","32.955074","-97.03817","0","160.4"
"8/28/2026 5:09:31 AM","32.955074","-97.03817","0","160.4"
"8/28/2026 5:09:32 AM","32.955074","-97.03817","0","160.4"
"8/28/2026 5:09:33 AM","32.955074","-97.03817","0","160.4"
"8/28/2026 5:09:34 AM","32.955074","-97.03817","0","160.4"
"8/28/2026 5:09:35 AM","32.955074","-97.03817","0","160.5"
"8/28/2026 5:09:36 AM","32.955074","-97.03817","0","160.5"
"8/28/2026 5:09:37 AM","32.955074","-97.03817","0","160.5"
"8/28/2026 5:09:38 AM","32.955074","-97.03817","0","160.5"
"8/28/2026 5:09:39 AM","32.955074","-97.03817","0","160.5"
"8/28/2026 5:09:40 AM","32.955074","-97.03817","0","160.5"
"8/28/2026 5:09:41 AM","32.955074","-97.03817","0","160.5"
"8/28/2026 5:09:42 AM","32.955074","-97.03817","0","160.5"
"8/28/2026 5:09:43 AM","32.955074","-97.03817","0","160.5"
"8/28/2026 5:09:44 AM","32.955074","-97.03817","0","160.5"
"8/28/2026 5:09:45 AM","32.955074","-97.03817","0","160.5"
"8/28/2026 5:09:46 AM","32.955074","-97.03817","0","160.6"
"8/28/2026 5:09:47 AM","32.955074","-97.03817","0","160.6"
"8/28/2026 5:09:48 AM","32.955074","-97.03817","0","160.6"
"8/28/2026 5:09:49 AM","32.955074","-97.03817","0","160.6"
"8/28/2026 5:09:50 AM","32.955074","-97.03817","0","160.6"
"8/28/2026 5:09:51 AM","32.955074","-97.03817","0","160.6"
"8/28/2026 5:09:52 AM","32.955074","-97.03817","0","160.6"
"8/28/2026 5:09:53 AM","32.955074","-97.03817","0","160.7"
